solid maze_final
  facet normal 0 0 -1
    outer loop
      vertex 0 0 0
      vertex 0.259 0.00149673203 0
      vertex 0.259 0 0
    endloop
  endfacet
  facet normal 0 0 -1
    outer loop
      vertex 0 0 0
      vertex 0 0.00149673203 0
      vertex 0.259 0.00149673203 0
    endloop
  endfacet
  facet normal 0 0 1
    outer loop
      vertex 0 0 0.003
      vertex 0.259 0 0.003
      vertex 0.259 0.00149673203 0.003
    endloop
  endfacet
  facet normal 0 0 1
    outer loop
      vertex 0 0 0.003
      vertex 0.259 0.00149673203 0.003
      vertex 0 0.00149673203 0.003
    endloop
  endfacet
  facet normal 0 -1 0
    outer loop
      vertex 0 0 0
      vertex 0.259 0 0
      vertex 0.259 0 0.003
    endloop
  endfacet
  facet normal 0 -1 0
    outer loop
      vertex 0 0 0
      vertex 0.259 0 0.003
      vertex 0 0 0.003
    endloop
  endfacet
  facet normal 1 0 0
    outer loop
      vertex 0.259 0 0
      vertex 0.259 0.00149673203 0
      vertex 0.259 0.00149673203 0.003
    endloop
  endfacet
  facet normal 1 0 0
    outer loop
      vertex 0.259 0 0
      vertex 0.259 0.00149673203 0.003
      vertex 0.259 0 0.003
    endloop
  endfacet
  facet normal 0 1 0
    outer loop
      vertex 0.259 0.00149673203 0
      vertex 0 0.00149673203 0
      vertex 0 0.00149673203 0.003
    endloop
  endfacet
  facet normal 0 1 -0
    outer loop
      vertex 0.259 0.00149673203 0
      vertex 0 0.00149673203 0.003
      vertex 0.259 0.00149673203 0.003
    endloop
  endfacet
  facet normal -1 0 0
    outer loop
      vertex 0 0.00149673203 0
      vertex 0 0 0
      vertex 0 0 0.003
    endloop
  endfacet
  facet normal -1 0 0
    outer loop
      vertex 0 0.00149673203 0
      vertex 0 0 0.003
      vertex 0 0.00149673203 0.003
    endloop
  endfacet
  facet normal 0 0 -1
    outer loop
      vertex 0 0.00149673203 0
      vertex 0.259 0.00299346405 0
      vertex 0.259 0.00149673203 0
    endloop
  endfacet
  facet normal 0 0 -1
    outer loop
      vertex 0 0.00149673203 0
      vertex 0 0.00299346405 0
      vertex 0.259 0.00299346405 0
    endloop
  endfacet
  facet normal 0 0 1
    outer loop
      vertex 0 0.00149673203 0.003
      vertex 0.259 0.00149673203 0.003
      vertex 0.259 0.00299346405 0.003
    endloop
  endfacet
  facet normal 0 0 1
    outer loop
      vertex 0 0.00149673203 0.003
      vertex 0.259 0.00299346405 0.003
      vertex 0 0.00299346405 0.003
    endloop
  endfacet
  facet normal 0 -1 0
    outer loop
      vertex 0 0.00149673203 0
      vertex 0.259 0.00149673203 0
      vertex 0.259 0.00149673203 0.003
    endloop
  endfacet
  facet normal 0 -1 0
    outer loop
      vertex 0 0.00149673203 0
      vertex 0.259 0.00149673203 0.003
      vertex 0 0.00149673203 0.003
    endloop
  endfacet
  facet normal 1 0 0
    outer loop
      vertex 0.259 0.00149673203 0
      vertex 0.259 0.00299346405 0
      vertex 0.259 0.00299346405 0.003
    endloop
  endfacet
  facet normal 1 0 0
    outer loop
      vertex 0.259 0.00149673203 0
      vertex 0.259 0.00299346405 0.003
      vertex 0.259 0.00149673203 0.003
    endloop
  endfacet
  facet normal 0 1 0
    outer loop
      vertex 0.259 0.00299346405 0
      vertex 0 0.00299346405 0
      vertex 0 0.00299346405 0.003
    endloop
  endfacet
  facet normal 0 1 -0
    outer loop
      vertex 0.259 0.00299346405 0
      vertex 0 0.00299346405 0.003
      vertex 0.259 0.00299346405 0.003
    endloop
  endfacet
  facet normal -1 0 0
    outer loop
      vertex 0 0.00299346405 0
      vertex 0 0.00149673203 0
      vertex 0 0.00149673203 0.003
    endloop
  endfacet
  facet normal -1 0 0
    outer loop
      vertex 0 0.00299346405 0
      vertex 0 0.00149673203 0.003
      vertex 0 0.00299346405 0.003
    endloop
  endfacet
  facet normal 0 0 -1
    outer loop
      vertex 0 0.00299346405 0
      vertex 0.259 0.00449019608 0
      vertex 0.259 0.00299346405 0
    endloop
  endfacet
  facet normal 0 0 -1
    outer loop
      vertex 0 0.00299346405 0
      vertex 0 0.00449019608 0
      vertex 0.259 0.00449019608 0
    endloop
  endfacet
  facet normal 0 0 1
    outer loop
      vertex 0 0.00299346405 0.003
      vertex 0.259 0.00299346405 0.003
      vertex 0.259 0.00449019608 0.003
    endloop
  endfacet
  facet normal 0 0 1
    outer loop
      vertex 0 0.00299346405 0.003
      vertex 0.259 0.00449019608 0.003
      vertex 0 0.00449019608 0.003
    endloop
  endfacet
  facet normal 0 -1 0
    outer loop
      vertex 0 0.00299346405 0
      vertex 0.259 0.00299346405 0
      vertex 0.259 0.00299346405 0.003
    endloop
  endfacet
  facet normal 0 -1 0
    outer loop
      vertex 0 0.00299346405 0
      vertex 0.259 0.00299346405 0.003
      vertex 0 0.00299346405 0.003
    endloop
  endfacet
  facet normal 1 0 0
    outer loop
      vertex 0.259 0.00299346405 0
      vertex 0.259 0.00449019608 0
      vertex 0.259 0.00449019608 0.003
    endloop
  endfacet
  facet normal 1 0 0
    outer loop
      vertex 0.259 0.00299346405 0
      vertex 0.259 0.00449019608 0.003
      vertex 0.259 0.00299346405 0.003
    endloop
  endfacet
  facet normal 0 1 0
    outer loop
      vertex 0.259 0.00449019608 0
      vertex 0 0.00449019608 0
      vertex 0 0.00449019608 0.003
    endloop
  endfacet
  facet normal 0 1 -0
    outer loop
      vertex 0.259 0.00449019608 0
      vertex 0 0.00449019608 0.003
      vertex 0.259 0.00449019608 0.003
    endloop
  endfacet
  facet normal -1 0 0
    outer loop
      vertex 0 0.00449019608 0
      vertex 0 0.00299346405 0
      vertex 0 0.00299346405 0.003
    endloop
  endfacet
  facet normal -1 0 0
    outer loop
      vertex 0 0.00449019608 0
      vertex 0 0.00299346405 0.003
      vertex 0 0.00449019608 0.003
    endloop
  endfacet
  facet normal 0 0 -1
    outer loop
      vertex 0 0.00449019608 0
      vertex 0.059546105 0.0059869281 0
      vertex 0.059546105 0.00449019608 0
    endloop
  endfacet
  facet normal 0 0 -1
    outer loop
      vertex 0 0.00449019608 0
      vertex 0 0.0059869281 0
      vertex 0.059546105 0.0059869281 0
    endloop
  endfacet
  facet normal 0 0 1
    outer loop
      vertex 0 0.00449019608 0.003
      vertex 0.059546105 0.00449019608 0.003
      vertex 0.059546105 0.0059869281 0.003
    endloop
  endfacet
  facet normal 0 0 1
    outer loop
      vertex 0 0.00449019608 0.003
      vertex 0.059546105 0.0059869281 0.003
      vertex 0 0.0059869281 0.003
    endloop
  endfacet
  facet normal 0 -1 0
    outer loop
      vertex 0 0.00449019608 0
      vertex 0.059546105 0.00449019608 0
      vertex 0.059546105 0.00449019608 0.003
    endloop
  endfacet
  facet normal 0 -1 0
    outer loop
      vertex 0 0.00449019608 0
      vertex 0.059546105 0.00449019608 0.003
      vertex 0 0.00449019608 0.003
    endloop
  endfacet
  facet normal 1 0 0
    outer loop
      vertex 0.059546105 0.00449019608 0
      vertex 0.059546105 0.0059869281 0
      vertex 0.059546105 0.0059869281 0.003
    endloop
  endfacet
  facet normal 1 0 0
    outer loop
      vertex 0.059546105 0.00449019608 0
      vertex 0.059546105 0.0059869281 0.003
      vertex 0.059546105 0.00449019608 0.003
    endloop
  endfacet
  facet normal 0 1 0
    outer loop
      vertex 0.059546105 0.0059869281 0
      vertex 0 0.0059869281 0
      vertex 0 0.0059869281 0.003
    endloop
  endfacet
  facet normal 0 1 -0
    outer loop
      vertex 0.059546105 0.0059869281 0
      vertex 0 0.0059869281 0.003
      vertex 0.059546105 0.0059869281 0.003
    endloop
  endfacet
  facet normal -1 0 0
    outer loop
      vertex 0 0.0059869281 0
      vertex 0 0.00449019608 0
      vertex 0 0.00449019608 0.003
    endloop
  endfacet
  facet normal -1 0 0
    outer loop
      vertex 0 0.0059869281 0
      vertex 0 0.00449019608 0.003
      vertex 0 0.0059869281 0.003
    endloop
  endfacet
  facet normal 0 0 -1
    outer loop
      vertex 0.0605357131 0.00449019608 0
      vertex 0.187868832 0.0059869281 0
      vertex 0.187868832 0.00449019608 0
    endloop
  endfacet
  facet normal 0 0 -1
    outer loop
      vertex 0.0605357131 0.00449019608 0
      vertex 0.0605357131 0.0059869281 0
      vertex 0.187868832 0.0059869281 0
    endloop
  endfacet
  facet normal 0 0 1
    outer loop
      vertex 0.0605357131 0.00449019608 0.003
      vertex 0.187868832 0.00449019608 0.003
      vertex 0.187868832 0.0059869281 0.003
    endloop
  endfacet
  facet normal 0 0 1
    outer loop
      vertex 0.0605357131 0.00449019608 0.003
      vertex 0.187868832 0.0059869281 0.003
      vertex 0.0605357131 0.0059869281 0.003
    endloop
  endfacet
  facet normal 0 -1 0
    outer loop
      vertex 0.0605357131 0.00449019608 0
      vertex 0.187868832 0.00449019608 0
      vertex 0.187868832 0.00449019608 0.003
    endloop
  endfacet
  facet normal 0 -1 0
    outer loop
      vertex 0.0605357131 0.00449019608 0
      vertex 0.187868832 0.00449019608 0.003
      vertex 0.0605357131 0.00449019608 0.003
    endloop
  endfacet
  facet normal 1 0 0
    outer loop
      vertex 0.187868832 0.00449019608 0
      vertex 0.187868832 0.0059869281 0
      vertex 0.187868832 0.0059869281 0.003
    endloop
  endfacet
  facet normal 1 0 0
    outer loop
      vertex 0.187868832 0.00449019608 0
      vertex 0.187868832 0.0059869281 0.003
      vertex 0.187868832 0.00449019608 0.003
    endloop
  endfacet
  facet normal 0 1 0
    outer loop
      vertex 0.187868832 0.0059869281 0
      vertex 0.0605357131 0.0059869281 0
      vertex 0.0605357131 0.0059869281 0.003
    endloop
  endfacet
  facet normal 0 1 -0
    outer loop
      vertex 0.187868832 0.0059869281 0
      vertex 0.0605357131 0.0059869281 0.003
      vertex 0.187868832 0.0059869281 0.003
    endloop
  endfacet
  facet normal -1 0 0
    outer loop
      vertex 0.0605357131 0.0059869281 0
      vertex 0.0605357131 0.00449019608 0
      vertex 0.0605357131 0.00449019608 0.003
    endloop
  endfacet
  facet normal -1 0 0
    outer loop
      vertex 0.0605357131 0.0059869281 0
      vertex 0.0605357131 0.00449019608 0.003
      vertex 0.0605357131 0.0059869281 0.003
    endloop
  endfacet
  facet normal 0 0 -1
    outer loop
      vertex 0.18885844 0.00449019608 0
      vertex 0.234959741 0.0059869281 0
      vertex 0.234959741 0.00449019608 0
    endloop
  endfacet
  facet normal 0 0 -1
    outer loop
      vertex 0.18885844 0.00449019608 0
      vertex 0.18885844 0.0059869281 0
      vertex 0.234959741 0.0059869281 0
    endloop
  endfacet
  facet normal 0 0 1
    outer loop
      vertex 0.18885844 0.00449019608 0.003
      vertex 0.234959741 0.00449019608 0.003
      vertex 0.234959741 0.0059869281 0.003
    endloop
  endfacet
  facet normal 0 0 1
    outer loop
      vertex 0.18885844 0.00449019608 0.003
      vertex 0.234959741 0.0059869281 0.003
      vertex 0.18885844 0.0059869281 0.003
    endloop
  endfacet
  facet normal 0 -1 0
    outer loop
      vertex 0.18885844 0.00449019608 0
      vertex 0.234959741 0.00449019608 0
      vertex 0.234959741 0.00449019608 0.003
    endloop
  endfacet
  facet normal 0 -1 0
    outer loop
      vertex 0.18885844 0.00449019608 0
      vertex 0.234959741 0.00449019608 0.003
      vertex 0.18885844 0.00449019608 0.003
    endloop
  endfacet
  facet normal 1 0 0
    outer loop
      vertex 0.234959741 0.00449019608 0
      vertex 0.234959741 0.0059869281 0
      vertex 0.234959741 0.0059869281 0.003
    endloop
  endfacet
  facet normal 1 0 0
    outer loop
      vertex 0.234959741 0.00449019608 0
      vertex 0.234959741 0.0059869281 0.003
      vertex 0.234959741 0.00449019608 0.003
    endloop
  endfacet
  facet normal 0 1 0
    outer loop
      vertex 0.234959741 0.0059869281 0
      vertex 0.18885844 0.0059869281 0
      vertex 0.18885844 0.0059869281 0.003
    endloop
  endfacet
  facet normal 0 1 -0
    outer loop
      vertex 0.234959741 0.0059869281 0
      vertex 0.18885844 0.0059869281 0.003
      vertex 0.234959741 0.0059869281 0.003
    endloop
  endfacet
  facet normal -1 0 0
    outer loop
      vertex 0.18885844 0.0059869281 0
      vertex 0.18885844 0.00449019608 0
      vertex 0.18885844 0.00449019608 0.003
    endloop
  endfacet
  facet normal -1 0 0
    outer loop
      vertex 0.18885844 0.0059869281 0
      vertex 0.18885844 0.00449019608 0.003
      vertex 0.18885844 0.0059869281 0.003
    endloop
  endfacet
  facet normal 0 0 -1
    outer loop
      vertex 0.23594935 0.00449019608 0
      vertex 0.259 0.0059869281 0
      vertex 0.259 0.00449019608 0
    endloop
  endfacet
  facet normal 0 0 -1
    outer loop
      vertex 0.23594935 0.00449019608 0
      vertex 0.23594935 0.0059869281 0
      vertex 0.259 0.0059869281 0
    endloop
  endfacet
  facet normal 0 0 1
    outer loop
      vertex 0.23594935 0.00449019608 0.003
      vertex 0.259 0.00449019608 0.003
      vertex 0.259 0.0059869281 0.003
    endloop
  endfacet
  facet normal 0 0 1
    outer loop
      vertex 0.23594935 0.00449019608 0.003
      vertex 0.259 0.0059869281 0.003
      vertex 0.23594935 0.0059869281 0.003
    endloop
  endfacet
  facet normal 0 -1 0
    outer loop
      vertex 0.23594935 0.00449019608 0
      vertex 0.259 0.00449019608 0
      vertex 0.259 0.00449019608 0.003
    endloop
  endfacet
  facet normal 0 -1 0
    outer loop
      vertex 0.23594935 0.00449019608 0
      vertex 0.259 0.00449019608 0.003
      vertex 0.23594935 0.00449019608 0.003
    endloop
  endfacet
  facet normal 1 0 0
    outer loop
      vertex 0.259 0.00449019608 0
      vertex 0.259 0.0059869281 0
      vertex 0.259 0.0059869281 0.003
    endloop
  endfacet
  facet normal 1 0 0
    outer loop
      vertex 0.259 0.00449019608 0
      vertex 0.259 0.0059869281 0.003
      vertex 0.259 0.00449019608 0.003
    endloop
  endfacet
  facet normal 0 1 0
    outer loop
      vertex 0.259 0.0059869281 0
      vertex 0.23594935 0.0059869281 0
      vertex 0.23594935 0.0059869281 0.003
    endloop
  endfacet
  facet normal 0 1 -0
    outer loop
      vertex 0.259 0.0059869281 0
      vertex 0.23594935 0.0059869281 0.003
      vertex 0.259 0.0059869281 0.003
    endloop
  endfacet
  facet normal -1 0 0
    outer loop
      vertex 0.23594935 0.0059869281 0
      vertex 0.23594935 0.00449019608 0
      vertex 0.23594935 0.00449019608 0.003
    endloop
  endfacet
  facet normal -1 0 0
    outer loop
      vertex 0.23594935 0.0059869281 0
      vertex 0.23594935 0.00449019608 0.003
      vertex 0.23594935 0.0059869281 0.003
    endloop
  endfacet
  facet normal 0 0 -1
    outer loop
      vertex 0 0.0059869281 0
      vertex 0.0555235324 0.00748366013 0
      vertex 0.0555235324 0.0059869281 0
    endloop
  endfacet
  facet normal 0 0 -1
    outer loop
      vertex 0 0.0059869281 0
      vertex 0 0.00748366013 0
      vertex 0.0555235324 0.00748366013 0
    endloop
  endfacet
  facet normal 0 0 1
    outer loop
      vertex 0 0.0059869281 0.003
      vertex 0.0555235324 0.0059869281 0.003
      vertex 0.0555235324 0.00748366013 0.003
    endloop
  endfacet
  facet normal 0 0 1
    outer loop
      vertex 0 0.0059869281 0.003
      vertex 0.0555235324 0.00748366013 0.003
      vertex 0 0.00748366013 0.003
    endloop
  endfacet
  facet normal 0 -1 0
    outer loop
      vertex 0 0.0059869281 0
      vertex 0.0555235324 0.0059869281 0
      vertex 0.0555235324 0.0059869281 0.003
    endloop
  endfacet
  facet normal 0 -1 0
    outer loop
      vertex 0 0.0059869281 0
      vertex 0.0555235324 0.0059869281 0.003
      vertex 0 0.0059869281 0.003
    endloop
  endfacet
  facet normal 1 0 0
    outer loop
      vertex 0.0555235324 0.0059869281 0
      vertex 0.0555235324 0.00748366013 0
      vertex 0.0555235324 0.00748366013 0.003
    endloop
  endfacet
  facet normal 1 0 0
    outer loop
      vertex 0.0555235324 0.0059869281 0
      vertex 0.0555235324 0.00748366013 0.003
      vertex 0.0555235324 0.0059869281 0.003
    endloop
  endfacet
  facet normal 0 1 0
    outer loop
      vertex 0.0555235324 0.00748366013 0
      vertex 0 0.00748366013 0
      vertex 0 0.00748366013 0.003
    endloop
  endfacet
  facet normal 0 1 -0
    outer loop
      vertex 0.0555235324 0.00748366013 0
      vertex 0 0.00748366013 0.003
      vertex 0.0555235324 0.00748366013 0.003
    endloop
  endfacet
  facet normal -1 0 0
    outer loop
      vertex 0 0.00748366013 0
      vertex 0 0.0059869281 0
      vertex 0 0.0059869281 0.003
    endloop
  endfacet
  facet normal -1 0 0
    outer loop
      vertex 0 0.00748366013 0
      vertex 0 0.0059869281 0.003
      vertex 0 0.00748366013 0.003
    endloop
  endfacet
  facet normal 0 0 -1
    outer loop
      vertex 0.0645582857 0.0059869281 0
      vertex 0.18384626 0.00748366013 0
      vertex 0.18384626 0.0059869281 0
    endloop
  endfacet
  facet normal 0 0 -1
    outer loop
      vertex 0.0645582857 0.0059869281 0
      vertex 0.0645582857 0.00748366013 0
      vertex 0.18384626 0.00748366013 0
    endloop
  endfacet
  facet normal 0 0 1
    outer loop
      vertex 0.0645582857 0.0059869281 0.003
      vertex 0.18384626 0.0059869281 0.003
      vertex 0.18384626 0.00748366013 0.003
    endloop
  endfacet
  facet normal 0 0 1
    outer loop
      vertex 0.0645582857 0.0059869281 0.003
      vertex 0.18384626 0.00748366013 0.003
      vertex 0.0645582857 0.00748366013 0.003
    endloop
  endfacet
  facet normal 0 -1 0
    outer loop
      vertex 0.0645582857 0.0059869281 0
      vertex 0.18384626 0.0059869281 0
      vertex 0.18384626 0.0059869281 0.003
    endloop
  endfacet
  facet normal 0 -1 0
    outer loop
      vertex 0.0645582857 0.0059869281 0
      vertex 0.18384626 0.0059869281 0.003
      vertex 0.0645582857 0.0059869281 0.003
    endloop
  endfacet
  facet normal 1 0 0
    outer loop
      vertex 0.18384626 0.0059869281 0
      vertex 0.18384626 0.00748366013 0
      vertex 0.18384626 0.00748366013 0.003
    endloop
  endfacet
  facet normal 1 0 0
    outer loop
      vertex 0.18384626 0.0059869281 0
      vertex 0.18384626 0.00748366013 0.003
      vertex 0.18384626 0.0059869281 0.003
    endloop
  endfacet
  facet normal 0 1 0
    outer loop
      vertex 0.18384626 0.00748366013 0
      vertex 0.0645582857 0.00748366013 0
      vertex 0.0645582857 0.00748366013 0.003
    endloop
  endfacet
  facet normal 0 1 -0
    outer loop
      vertex 0.18384626 0.00748366013 0
      vertex 0.0645582857 0.00748366013 0.003
      vertex 0.18384626 0.00748366013 0.003
    endloop
  endfacet
  facet normal -1 0 0
    outer loop
      vertex 0.0645582857 0.00748366013 0
      vertex 0.0645582857 0.0059869281 0
      vertex 0.0645582857 0.0059869281 0.003
    endloop
  endfacet
  facet normal -1 0 0
    outer loop
      vertex 0.0645582857 0.00748366013 0
      vertex 0.0645582857 0.0059869281 0.003
      vertex 0.0645582857 0.00748366013 0.003
    endloop
  endfacet
  facet normal 0 0 -1
    outer loop
      vertex 0.192881013 0.0059869281 0
      vertex 0.230937169 0.00748366013 0
      vertex 0.230937169 0.0059869281 0
    endloop
  endfacet
  facet normal 0 0 -1
    outer loop
      vertex 0.192881013 0.0059869281 0
      vertex 0.192881013 0.00748366013 0
      vertex 0.230937169 0.00748366013 0
    endloop
  endfacet
  facet normal 0 0 1
    outer loop
      vertex 0.192881013 0.0059869281 0.003
      vertex 0.230937169 0.0059869281 0.003
      vertex 0.230937169 0.00748366013 0.003
    endloop
  endfacet
  facet normal 0 0 1
    outer loop
      vertex 0.192881013 0.0059869281 0.003
      vertex 0.230937169 0.00748366013 0.003
      vertex 0.192881013 0.00748366013 0.003
    endloop
  endfacet
  facet normal 0 -1 0
    outer loop
      vertex 0.192881013 0.0059869281 0
      vertex 0.230937169 0.0059869281 0
      vertex 0.230937169 0.0059869281 0.003
    endloop
  endfacet
  facet normal 0 -1 0
    outer loop
      vertex 0.192881013 0.0059869281 0
      vertex 0.230937169 0.0059869281 0.003
      vertex 0.192881013 0.0059869281 0.003
    endloop
  endfacet
  facet normal 1 0 0
    outer loop
      vertex 0.230937169 0.0059869281 0
      vertex 0.230937169 0.00748366013 0
      vertex 0.230937169 0.00748366013 0.003
    endloop
  endfacet
  facet normal 1 0 0
    outer loop
      vertex 0.230937169 0.0059869281 0
      vertex 0.230937169 0.00748366013 0.003
      vertex 0.230937169 0.0059869281 0.003
    endloop
  endfacet
  facet normal 0 1 0
    outer loop
      vertex 0.230937169 0.00748366013 0
      vertex 0.192881013 0.00748366013 0
      vertex 0.192881013 0.00748366013 0.003
    endloop
  endfacet
  facet normal 0 1 -0
    outer loop
      vertex 0.230937169 0.00748366013 0
      vertex 0.192881013 0.00748366013 0.003
      vertex 0.230937169 0.00748366013 0.003
    endloop
  endfacet
  facet normal -1 0 0
    outer loop
      vertex 0.192881013 0.00748366013 0
      vertex 0.192881013 0.0059869281 0
      vertex 0.192881013 0.0059869281 0.003
    endloop
  endfacet
  facet normal -1 0 0
    outer loop
      vertex 0.192881013 0.00748366013 0
      vertex 0.192881013 0.0059869281 0.003
      vertex 0.192881013 0.00748366013 0.003
    endloop
  endfacet
  facet normal 0 0 -1
    outer loop
      vertex 0.239971922 0.0059869281 0
      vertex 0.259 0.00748366013 0
      vertex 0.259 0.0059869281 0
    endloop
  endfacet
  facet normal 0 0 -1
    outer loop
      vertex 0.239971922 0.0059869281 0
      vertex 0.239971922 0.00748366013 0
      vertex 0.259 0.00748366013 0
    endloop
  endfacet
  facet normal 0 0 1
    outer loop
      vertex 0.239971922 0.0059869281 0.003
      vertex 0.259 0.0059869281 0.003
      vertex 0.259 0.00748366013 0.003
    endloop
  endfacet
  facet normal 0 0 1
    outer loop
      vertex 0.239971922 0.0059869281 0.003
      vertex 0.259 0.00748366013 0.003
      vertex 0.239971922 0.00748366013 0.003
    endloop
  endfacet
  facet normal 0 -1 0
    outer loop
      vertex 0.239971922 0.0059869281 0
      vertex 0.259 0.0059869281 0
      vertex 0.259 0.0059869281 0.003
    endloop
  endfacet
  facet normal 0 -1 0
    outer loop
      vertex 0.239971922 0.0059869281 0
      vertex 0.259 0.0059869281 0.003
      vertex 0.239971922 0.0059869281 0.003
    endloop
  endfacet
  facet normal 1 0 0
    outer loop
      vertex 0.259 0.0059869281 0
      vertex 0.259 0.00748366013 0
      vertex 0.259 0.00748366013 0.003
    endloop
  endfacet
  facet normal 1 0 0
    outer loop
      vertex 0.259 0.0059869281 0
      vertex 0.259 0.00748366013 0.003
      vertex 0.259 0.0059869281 0.003
    endloop
  endfacet
  facet normal 0 1 0
    outer loop
      vertex 0.259 0.00748366013 0
      vertex 0.239971922 0.00748366013 0
      vertex 0.239971922 0.00748366013 0.003
    endloop
  endfacet
  facet normal 0 1 -0
    outer loop
      vertex 0.259 0.00748366013 0
      vertex 0.239971922 0.00748366013 0.003
      vertex 0.259 0.00748366013 0.003
    endloop
  endfacet
  facet normal -1 0 0
    outer loop
      vertex 0.239971922 0.00748366013 0
      vertex 0.239971922 0.0059869281 0
      vertex 0.239971922 0.0059869281 0.003
    endloop
  endfacet
  facet normal -1 0 0
    outer loop
      vertex 0.239971922 0.00748366013 0
      vertex 0.239971922 0.0059869281 0.003
      vertex 0.239971922 0.00748366013 0.003
    endloop
  endfacet
  facet normal 0 0 -1
    outer loop
      vertex 0 0.00748366013 0
      vertex 0.0540335686 0.00898039216 0
      vertex 0.0540335686 0.00748366013 0
    endloop
  endfacet
  facet normal 0 0 -1
    outer loop
      vertex 0 0.00748366013 0
      vertex 0 0.00898039216 0
      vertex 0.0540335686 0.00898039216 0
    endloop
  endfacet
  facet normal 0 0 1
    outer loop
      vertex 0 0.00748366013 0.003
      vertex 0.0540335686 0.00748366013 0.003
      vertex 0.0540335686 0.00898039216 0.003
    endloop
  endfacet
  facet normal 0 0 1
    outer loop
      vertex 0 0.00748366013 0.003
      vertex 0.0540335686 0.00898039216 0.003
      vertex 0 0.00898039216 0.003
    endloop
  endfacet
  facet normal 0 -1 0
    outer loop
      vertex 0 0.00748366013 0
      vertex 0.0540335686 0.00748366013 0
      vertex 0.0540335686 0.00748366013 0.003
    endloop
  endfacet
  facet normal 0 -1 0
    outer loop
      vertex 0 0.00748366013 0
      vertex 0.0540335686 0.00748366013 0.003
      vertex 0 0.00748366013 0.003
    endloop
  endfacet
  facet normal 1 0 0
    outer loop
      vertex 0.0540335686 0.00748366013 0
      vertex 0.0540335686 0.00898039216 0
      vertex 0.0540335686 0.00898039216 0.003
    endloop
  endfacet
  facet normal 1 0 0
    outer loop
      vertex 0.0540335686 0.00748366013 0
      vertex 0.0540335686 0.00898039216 0.003
      vertex 0.0540335686 0.00748366013 0.003
    endloop
  endfacet
  facet normal 0 1 0
    outer loop
      vertex 0.0540335686 0.00898039216 0
      vertex 0 0.00898039216 0
      vertex 0 0.00898039216 0.003
    endloop
  endfacet
  facet normal 0 1 -0
    outer loop
      vertex 0.0540335686 0.00898039216 0
      vertex 0 0.00898039216 0.003
      vertex 0.0540335686 0.00898039216 0.003
    endloop
  endfacet
  facet normal -1 0 0
    outer loop
      vertex 0 0.00898039216 0
      vertex 0 0.00748366013 0
      vertex 0 0.00748366013 0.003
    endloop
  endfacet
  facet normal -1 0 0
    outer loop
      vertex 0 0.00898039216 0
      vertex 0 0.00748366013 0.003
      vertex 0 0.00898039216 0.003
    endloop
  endfacet
  facet normal 0 0 -1
    outer loop
      vertex 0.0660482495 0.00748366013 0
      vertex 0.182356296 0.00898039216 0
      vertex 0.182356296 0.00748366013 0
    endloop
  endfacet
  facet normal 0 0 -1
    outer loop
      vertex 0.0660482495 0.00748366013 0
      vertex 0.0660482495 0.00898039216 0
      vertex 0.182356296 0.00898039216 0
    endloop
  endfacet
  facet normal 0 0 1
    outer loop
      vertex 0.0660482495 0.00748366013 0.003
      vertex 0.182356296 0.00748366013 0.003
      vertex 0.182356296 0.00898039216 0.003
    endloop
  endfacet
  facet normal 0 0 1
    outer loop
      vertex 0.0660482495 0.00748366013 0.003
      vertex 0.182356296 0.00898039216 0.003
      vertex 0.0660482495 0.00898039216 0.003
    endloop
  endfacet
  facet normal 0 -1 0
    outer loop
      vertex 0.0660482495 0.00748366013 0
      vertex 0.182356296 0.00748366013 0
      vertex 0.182356296 0.00748366013 0.003
    endloop
  endfacet
  facet normal 0 -1 0
    outer loop
      vertex 0.0660482495 0.00748366013 0
      vertex 0.182356296 0.00748366013 0.003
      vertex 0.0660482495 0.00748366013 0.003
    endloop
  endfacet
  facet normal 1 0 0
    outer loop
      vertex 0.182356296 0.00748366013 0
      vertex 0.182356296 0.00898039216 0
      vertex 0.182356296 0.00898039216 0.003
    endloop
  endfacet
  facet normal 1 0 0
    outer loop
      vertex 0.182356296 0.00748366013 0
      vertex 0.182356296 0.00898039216 0.003
      vertex 0.182356296 0.00748366013 0.003
    endloop
  endfacet
  facet normal 0 1 0
    outer loop
      vertex 0.182356296 0.00898039216 0
      vertex 0.0660482495 0.00898039216 0
      vertex 0.0660482495 0.00898039216 0.003
    endloop
  endfacet
  facet normal 0 1 -0
    outer loop
      vertex 0.182356296 0.00898039216 0
      vertex 0.0660482495 0.00898039216 0.003
      vertex 0.182356296 0.00898039216 0.003
    endloop
  endfacet
  facet normal -1 0 0
    outer loop
      vertex 0.0660482495 0.00898039216 0
      vertex 0.0660482495 0.00748366013 0
      vertex 0.0660482495 0.00748366013 0.003
    endloop
  endfacet
  facet normal -1 0 0
    outer loop
      vertex 0.0660482495 0.00898039216 0
      vertex 0.0660482495 0.00748366013 0.003
      vertex 0.0660482495 0.00898039216 0.003
    endloop
  endfacet
  facet normal 0 0 -1
    outer loop
      vertex 0.194370977 0.00748366013 0
      vertex 0.229447205 0.00898039216 0
      vertex 0.229447205 0.00748366013 0
    endloop
  endfacet
  facet normal 0 0 -1
    outer loop
      vertex 0.194370977 0.00748366013 0
      vertex 0.194370977 0.00898039216 0
      vertex 0.229447205 0.00898039216 0
    endloop
  endfacet
  facet normal 0 0 1
    outer loop
      vertex 0.194370977 0.00748366013 0.003
      vertex 0.229447205 0.00748366013 0.003
      vertex 0.229447205 0.00898039216 0.003
    endloop
  endfacet
  facet normal 0 0 1
    outer loop
      vertex 0.194370977 0.00748366013 0.003
      vertex 0.229447205 0.00898039216 0.003
      vertex 0.194370977 0.00898039216 0.003
    endloop
  endfacet
  facet normal 0 -1 0
    outer loop
      vertex 0.194370977 0.00748366013 0
      vertex 0.229447205 0.00748366013 0
      vertex 0.229447205 0.00748366013 0.003
    endloop
  endfacet
  facet normal 0 -1 0
    outer loop
      vertex 0.194370977 0.00748366013 0
      vertex 0.229447205 0.00748366013 0.003
      vertex 0.194370977 0.00748366013 0.003
    endloop
  endfacet
  facet normal 1 0 0
    outer loop
      vertex 0.229447205 0.00748366013 0
      vertex 0.229447205 0.00898039216 0
      vertex 0.229447205 0.00898039216 0.003
    endloop
  endfacet
  facet normal 1 0 0
    outer loop
      vertex 0.229447205 0.00748366013 0
      vertex 0.229447205 0.00898039216 0.003
      vertex 0.229447205 0.00748366013 0.003
    endloop
  endfacet
  facet normal 0 1 0
    outer loop
      vertex 0.229447205 0.00898039216 0
      vertex 0.194370977 0.00898039216 0
      vertex 0.194370977 0.00898039216 0.003
    endloop
  endfacet
  facet normal 0 1 -0
    outer loop
      vertex 0.229447205 0.00898039216 0
      vertex 0.194370977 0.00898039216 0.003
      vertex 0.229447205 0.00898039216 0.003
    endloop
  endfacet
  facet normal -1 0 0
    outer loop
      vertex 0.194370977 0.00898039216 0
      vertex 0.194370977 0.00748366013 0
      vertex 0.194370977 0.00748366013 0.003
    endloop
  endfacet
  facet normal -1 0 0
    outer loop
      vertex 0.194370977 0.00898039216 0
      vertex 0.194370977 0.00748366013 0.003
      vertex 0.194370977 0.00898039216 0.003
    endloop
  endfacet
  facet normal 0 0 -1
    outer loop
      vertex 0.241461886 0.00748366013 0
      vertex 0.259 0.00898039216 0
      vertex 0.259 0.00748366013 0
    endloop
  endfacet
  facet normal 0 0 -1
    outer loop
      vertex 0.241461886 0.00748366013 0
      vertex 0.241461886 0.00898039216 0
      vertex 0.259 0.00898039216 0
    endloop
  endfacet
  facet normal 0 0 1
    outer loop
      vertex 0.241461886 0.00748366013 0.003
      vertex 0.259 0.00748366013 0.003
      vertex 0.259 0.00898039216 0.003
    endloop
  endfacet
  facet normal 0 0 1
    outer loop
      vertex 0.241461886 0.00748366013 0.003
      vertex 0.259 0.00898039216 0.003
      vertex 0.241461886 0.00898039216 0.003
    endloop
  endfacet
  facet normal 0 -1 0
    outer loop
      vertex 0.241461886 0.00748366013 0
      vertex 0.259 0.00748366013 0
      vertex 0.259 0.00748366013 0.003
    endloop
  endfacet
  facet normal 0 -1 0
    outer loop
      vertex 0.241461886 0.00748366013 0
      vertex 0.259 0.00748366013 0.003
      vertex 0.241461886 0.00748366013 0.003
    endloop
  endfacet
  facet normal 1 0 0
    outer loop
      vertex 0.259 0.00748366013 0
      vertex 0.259 0.00898039216 0
      vertex 0.259 0.00898039216 0.003
    endloop
  endfacet
  facet normal 1 0 0
    outer loop
      vertex 0.259 0.00748366013 0
      vertex 0.259 0.00898039216 0.003
      vertex 0.259 0.00748366013 0.003
    endloop
  endfacet
  facet normal 0 1 0
    outer loop
      vertex 0.259 0.00898039216 0
      vertex 0.241461886 0.00898039216 0
      vertex 0.241461886 0.00898039216 0.003
    endloop
  endfacet
  facet normal 0 1 -0
    outer loop
      vertex 0.259 0.00898039216 0
      vertex 0.241461886 0.00898039216 0.003
      vertex 0.259 0.00898039216 0.003
    endloop
  endfacet
  facet normal -1 0 0
    outer loop
      vertex 0.241461886 0.00898039216 0
      vertex 0.241461886 0.00748366013 0
      vertex 0.241461886 0.00748366013 0.003
    endloop
  endfacet
  facet normal -1 0 0
    outer loop
      vertex 0.241461886 0.00898039216 0
      vertex 0.241461886 0.00748366013 0.003
      vertex 0.241461886 0.00898039216 0.003
    endloop
  endfacet
  facet normal 0 0 -1
    outer loop
      vertex 0 0.00898039216 0
      vertex 0.0531641967 0.0104771242 0
      vertex 0.0531641967 0.00898039216 0
    endloop
  endfacet
  facet normal 0 0 -1
    outer loop
      vertex 0 0.00898039216 0
      vertex 0 0.0104771242 0
      vertex 0.0531641967 0.0104771242 0
    endloop
  endfacet
  facet normal 0 0 1
    outer loop
      vertex 0 0.00898039216 0.003
      vertex 0.0531641967 0.00898039216 0.003
      vertex 0.0531641967 0.0104771242 0.003
    endloop
  endfacet
  facet normal 0 0 1
    outer loop
      vertex 0 0.00898039216 0.003
      vertex 0.0531641967 0.0104771242 0.003
      vertex 0 0.0104771242 0.003
    endloop
  endfacet
  facet normal 0 -1 0
    outer loop
      vertex 0 0.00898039216 0
      vertex 0.0531641967 0.00898039216 0
      vertex 0.0531641967 0.00898039216 0.003
    endloop
  endfacet
  facet normal 0 -1 0
    outer loop
      vertex 0 0.00898039216 0
      vertex 0.0531641967 0.00898039216 0.003
      vertex 0 0.00898039216 0.003
    endloop
  endfacet
  facet normal 1 0 0
    outer loop
      vertex 0.0531641967 0.00898039216 0
      vertex 0.0531641967 0.0104771242 0
      vertex 0.0531641967 0.0104771242 0.003
    endloop
  endfacet
  facet normal 1 0 0
    outer loop
      vertex 0.0531641967 0.00898039216 0
      vertex 0.0531641967 0.0104771242 0.003
      vertex 0.0531641967 0.00898039216 0.003
    endloop
  endfacet
  facet normal 0 1 0
    outer loop
      vertex 0.0531641967 0.0104771242 0
      vertex 0 0.0104771242 0
      vertex 0 0.0104771242 0.003
    endloop
  endfacet
  facet normal 0 1 -0
    outer loop
      vertex 0.0531641967 0.0104771242 0
      vertex 0 0.0104771242 0.003
      vertex 0.0531641967 0.0104771242 0.003
    endloop
  endfacet
  facet normal -1 0 0
    outer loop
      vertex 0 0.0104771242 0
      vertex 0 0.00898039216 0
      vertex 0 0.00898039216 0.003
    endloop
  endfacet
  facet normal -1 0 0
    outer loop
      vertex 0 0.0104771242 0
      vertex 0 0.00898039216 0.003
      vertex 0 0.0104771242 0.003
    endloop
  endfacet
  facet normal 0 0 -1
    outer loop
      vertex 0.0669176215 0.00898039216 0
      vertex 0.181486924 0.0104771242 0
      vertex 0.181486924 0.00898039216 0
    endloop
  endfacet
  facet normal 0 0 -1
    outer loop
      vertex 0.0669176215 0.00898039216 0
      vertex 0.0669176215 0.0104771242 0
      vertex 0.181486924 0.0104771242 0
    endloop
  endfacet
  facet normal 0 0 1
    outer loop
      vertex 0.0669176215 0.00898039216 0.003
      vertex 0.181486924 0.00898039216 0.003
      vertex 0.181486924 0.0104771242 0.003
    endloop
  endfacet
  facet normal 0 0 1
    outer loop
      vertex 0.0669176215 0.00898039216 0.003
      vertex 0.181486924 0.0104771242 0.003
      vertex 0.0669176215 0.0104771242 0.003
    endloop
  endfacet
  facet normal 0 -1 0
    outer loop
      vertex 0.0669176215 0.00898039216 0
      vertex 0.181486924 0.00898039216 0
      vertex 0.181486924 0.00898039216 0.003
    endloop
  endfacet
  facet normal 0 -1 0
    outer loop
      vertex 0.0669176215 0.00898039216 0
      vertex 0.181486924 0.00898039216 0.003
      vertex 0.0669176215 0.00898039216 0.003
    endloop
  endfacet
  facet normal 1 0 0
    outer loop
      vertex 0.181486924 0.00898039216 0
      vertex 0.181486924 0.0104771242 0
      vertex 0.181486924 0.0104771242 0.003
    endloop
  endfacet
  facet normal 1 0 0
    outer loop
      vertex 0.181486924 0.00898039216 0
      vertex 0.181486924 0.0104771242 0.003
      vertex 0.181486924 0.00898039216 0.003
    endloop
  endfacet
  facet normal 0 1 0
    outer loop
      vertex 0.181486924 0.0104771242 0
      vertex 0.0669176215 0.0104771242 0
      vertex 0.0669176215 0.0104771242 0.003
    endloop
  endfacet
  facet normal 0 1 -0
    outer loop
      vertex 0.181486924 0.0104771242 0
      vertex 0.0669176215 0.0104771242 0.003
      vertex 0.181486924 0.0104771242 0.003
    endloop
  endfacet
  facet normal -1 0 0
    outer loop
      vertex 0.0669176215 0.0104771242 0
      vertex 0.0669176215 0.00898039216 0
      vertex 0.0669176215 0.00898039216 0.003
    endloop
  endfacet
  facet normal -1 0 0
    outer loop
      vertex 0.0669176215 0.0104771242 0
      vertex 0.0669176215 0.00898039216 0.003
      vertex 0.0669176215 0.0104771242 0.003
    endloop
  endfacet
  facet normal 0 0 -1
    outer loop
      vertex 0.195240349 0.00898039216 0
      vertex 0.228577833 0.0104771242 0
      vertex 0.228577833 0.00898039216 0
    endloop
  endfacet
  facet normal 0 0 -1
    outer loop
      vertex 0.195240349 0.00898039216 0
      vertex 0.195240349 0.0104771242 0
      vertex 0.228577833 0.0104771242 0
    endloop
  endfacet
  facet normal 0 0 1
    outer loop
      vertex 0.195240349 0.00898039216 0.003
      vertex 0.228577833 0.00898039216 0.003
      vertex 0.228577833 0.0104771242 0.003
    endloop
  endfacet
  facet normal 0 0 1
    outer loop
      vertex 0.195240349 0.00898039216 0.003
      vertex 0.228577833 0.0104771242 0.003
      vertex 0.195240349 0.0104771242 0.003
    endloop
  endfacet
  facet normal 0 -1 0
    outer loop
      vertex 0.195240349 0.00898039216 0
      vertex 0.228577833 0.00898039216 0
      vertex 0.228577833 0.00898039216 0.003
    endloop
  endfacet
  facet normal 0 -1 0
    outer loop
      vertex 0.195240349 0.00898039216 0
      vertex 0.228577833 0.00898039216 0.003
      vertex 0.195240349 0.00898039216 0.003
    endloop
  endfacet
  facet normal 1 0 0
    outer loop
      vertex 0.228577833 0.00898039216 0
      vertex 0.228577833 0.0104771242 0
      vertex 0.228577833 0.0104771242 0.003
    endloop
  endfacet
  facet normal 1 0 0
    outer loop
      vertex 0.228577833 0.00898039216 0
      vertex 0.228577833 0.0104771242 0.003
      vertex 0.228577833 0.00898039216 0.003
    endloop
  endfacet
  facet normal 0 1 0
    outer loop
      vertex 0.228577833 0.0104771242 0
      vertex 0.195240349 0.0104771242 0
      vertex 0.195240349 0.0104771242 0.003
    endloop
  endfacet
  facet normal 0 1 -0
    outer loop
      vertex 0.228577833 0.0104771242 0
      vertex 0.195240349 0.0104771242 0.003
      vertex 0.228577833 0.0104771242 0.003
    endloop
  endfacet
  facet normal -1 0 0
    outer loop
      vertex 0.195240349 0.0104771242 0
      vertex 0.195240349 0.00898039216 0
      vertex 0.195240349 0.00898039216 0.003
    endloop
  endfacet
  facet normal -1 0 0
    outer loop
      vertex 0.195240349 0.0104771242 0
      vertex 0.195240349 0.00898039216 0.003
      vertex 0.195240349 0.0104771242 0.003
    endloop
  endfacet
  facet normal 0 0 -1
    outer loop
      vertex 0.242331258 0.00898039216 0
      vertex 0.259 0.0104771242 0
      vertex 0.259 0.00898039216 0
    endloop
  endfacet
  facet normal 0 0 -1
    outer loop
      vertex 0.242331258 0.00898039216 0
      vertex 0.242331258 0.0104771242 0
      vertex 0.259 0.0104771242 0
    endloop
  endfacet
  facet normal 0 0 1
    outer loop
      vertex 0.242331258 0.00898039216 0.003
      vertex 0.259 0.00898039216 0.003
      vertex 0.259 0.0104771242 0.003
    endloop
  endfacet
  facet normal 0 0 1
    outer loop
      vertex 0.242331258 0.00898039216 0.003
      vertex 0.259 0.0104771242 0.003
      vertex 0.242331258 0.0104771242 0.003
    endloop
  endfacet
  facet normal 0 -1 0
    outer loop
      vertex 0.242331258 0.00898039216 0
      vertex 0.259 0.00898039216 0
      vertex 0.259 0.00898039216 0.003
    endloop
  endfacet
  facet normal 0 -1 0
    outer loop
      vertex 0.242331258 0.00898039216 0
      vertex 0.259 0.00898039216 0.003
      vertex 0.242331258 0.00898039216 0.003
    endloop
  endfacet
  facet normal 1 0 0
    outer loop
      vertex 0.259 0.00898039216 0
      vertex 0.259 0.0104771242 0
      vertex 0.259 0.0104771242 0.003
    endloop
  endfacet
  facet normal 1 0 0
    outer loop
      vertex 0.259 0.00898039216 0
      vertex 0.259 0.0104771242 0.003
      vertex 0.259 0.00898039216 0.003
    endloop
  endfacet
  facet normal 0 1 0
    outer loop
      vertex 0.259 0.0104771242 0
      vertex 0.242331258 0.0104771242 0
      vertex 0.242331258 0.0104771242 0.003
    endloop
  endfacet
  facet normal 0 1 -0
    outer loop
      vertex 0.259 0.0104771242 0
      vertex 0.242331258 0.0104771242 0.003
      vertex 0.259 0.0104771242 0.003
    endloop
  endfacet
  facet normal -1 0 0
    outer loop
      vertex 0.242331258 0.0104771242 0
      vertex 0.242331258 0.00898039216 0
      vertex 0.242331258 0.00898039216 0.003
    endloop
  endfacet
  facet normal -1 0 0
    outer loop
      vertex 0.242331258 0.0104771242 0
      vertex 0.242331258 0.00898039216 0.003
      vertex 0.242331258 0.0104771242 0.003
    endloop
  endfacet
  facet normal 0 0 -1
    outer loop
      vertex 0 0.0104771242 0
      vertex 0.0526917735 0.0119738562 0
      vertex 0.0526917735 0.0104771242 0
    endloop
  endfacet
  facet normal 0 0 -1
    outer loop
      vertex 0 0.0104771242 0
      vertex 0 0.0119738562 0
      vertex 0.0526917735 0.0119738562 0
    endloop
  endfacet
  facet normal 0 0 1
    outer loop
      vertex 0 0.0104771242 0.003
      vertex 0.0526917735 0.0104771242 0.003
      vertex 0.0526917735 0.0119738562 0.003
    endloop
  endfacet
  facet normal 0 0 1
    outer loop
      vertex 0 0.0104771242 0.003
      vertex 0.0526917735 0.0119738562 0.003
      vertex 0 0.0119738562 0.003
    endloop
  endfacet
  facet normal 0 -1 0
    outer loop
      vertex 0 0.0104771242 0
      vertex 0.0526917735 0.0104771242 0
      vertex 0.0526917735 0.0104771242 0.003
    endloop
  endfacet
  facet normal 0 -1 0
    outer loop
      vertex 0 0.0104771242 0
      vertex 0.0526917735 0.0104771242 0.003
      vertex 0 0.0104771242 0.003
    endloop
  endfacet
  facet normal 1 0 0
    outer loop
      vertex 0.0526917735 0.0104771242 0
      vertex 0.0526917735 0.0119738562 0
      vertex 0.0526917735 0.0119738562 0.003
    endloop
  endfacet
  facet normal 1 0 0
    outer loop
      vertex 0.0526917735 0.0104771242 0
      vertex 0.0526917735 0.0119738562 0.003
      vertex 0.0526917735 0.0104771242 0.003
    endloop
  endfacet
  facet normal 0 1 0
    outer loop
      vertex 0.0526917735 0.0119738562 0
      vertex 0 0.0119738562 0
      vertex 0 0.0119738562 0.003
    endloop
  endfacet
  facet normal 0 1 -0
    outer loop
      vertex 0.0526917735 0.0119738562 0
      vertex 0 0.0119738562 0.003
      vertex 0.0526917735 0.0119738562 0.003
    endloop
  endfacet
  facet normal -1 0 0
    outer loop
      vertex 0 0.0119738562 0
      vertex 0 0.0104771242 0
      vertex 0 0.0104771242 0.003
    endloop
  endfacet
  facet normal -1 0 0
    outer loop
      vertex 0 0.0119738562 0
      vertex 0 0.0104771242 0.003
      vertex 0 0.0119738562 0.003
    endloop
  endfacet
  facet normal 0 0 -1
    outer loop
      vertex 0.0673900446 0.0104771242 0
      vertex 0.181014501 0.0119738562 0
      vertex 0.181014501 0.0104771242 0
    endloop
  endfacet
  facet normal 0 0 -1
    outer loop
      vertex 0.0673900446 0.0104771242 0
      vertex 0.0673900446 0.0119738562 0
      vertex 0.181014501 0.0119738562 0
    endloop
  endfacet
  facet normal 0 0 1
    outer loop
      vertex 0.0673900446 0.0104771242 0.003
      vertex 0.181014501 0.0104771242 0.003
      vertex 0.181014501 0.0119738562 0.003
    endloop
  endfacet
  facet normal 0 0 1
    outer loop
      vertex 0.0673900446 0.0104771242 0.003
      vertex 0.181014501 0.0119738562 0.003
      vertex 0.0673900446 0.0119738562 0.003
    endloop
  endfacet
  facet normal 0 -1 0
    outer loop
      vertex 0.0673900446 0.0104771242 0
      vertex 0.181014501 0.0104771242 0
      vertex 0.181014501 0.0104771242 0.003
    endloop
  endfacet
  facet normal 0 -1 0
    outer loop
      vertex 0.0673900446 0.0104771242 0
      vertex 0.181014501 0.0104771242 0.003
      vertex 0.0673900446 0.0104771242 0.003
    endloop
  endfacet
  facet normal 1 0 0
    outer loop
      vertex 0.181014501 0.0104771242 0
      vertex 0.181014501 0.0119738562 0
      vertex 0.181014501 0.0119738562 0.003
    endloop
  endfacet
  facet normal 1 0 0
    outer loop
      vertex 0.181014501 0.0104771242 0
      vertex 0.181014501 0.0119738562 0.003
      vertex 0.181014501 0.0104771242 0.003
    endloop
  endfacet
  facet normal 0 1 0
    outer loop
      vertex 0.181014501 0.0119738562 0
      vertex 0.0673900446 0.0119738562 0
      vertex 0.0673900446 0.0119738562 0.003
    endloop
  endfacet
  facet normal 0 1 -0
    outer loop
      vertex 0.181014501 0.0119738562 0
      vertex 0.0673900446 0.0119738562 0.003
      vertex 0.181014501 0.0119738562 0.003
    endloop
  endfacet
  facet normal -1 0 0
    outer loop
      vertex 0.0673900446 0.0119738562 0
      vertex 0.0673900446 0.0104771242 0
      vertex 0.0673900446 0.0104771242 0.003
    endloop
  endfacet
  facet normal -1 0 0
    outer loop
      vertex 0.0673900446 0.0119738562 0
      vertex 0.0673900446 0.0104771242 0.003
      vertex 0.0673900446 0.0119738562 0.003
    endloop
  endfacet
  facet normal 0 0 -1
    outer loop
      vertex 0.195712772 0.0104771242 0
      vertex 0.22810541 0.0119738562 0
      vertex 0.22810541 0.0104771242 0
    endloop
  endfacet
  facet normal 0 0 -1
    outer loop
      vertex 0.195712772 0.0104771242 0
      vertex 0.195712772 0.0119738562 0
      vertex 0.22810541 0.0119738562 0
    endloop
  endfacet
  facet normal 0 0 1
    outer loop
      vertex 0.195712772 0.0104771242 0.003
      vertex 0.22810541 0.0104771242 0.003
      vertex 0.22810541 0.0119738562 0.003
    endloop
  endfacet
  facet normal 0 0 1
    outer loop
      vertex 0.195712772 0.0104771242 0.003
      vertex 0.22810541 0.0119738562 0.003
      vertex 0.195712772 0.0119738562 0.003
    endloop
  endfacet
  facet normal 0 -1 0
    outer loop
      vertex 0.195712772 0.0104771242 0
      vertex 0.22810541 0.0104771242 0
      vertex 0.22810541 0.0104771242 0.003
    endloop
  endfacet
  facet normal 0 -1 0
    outer loop
      vertex 0.195712772 0.0104771242 0
      vertex 0.22810541 0.0104771242 0.003
      vertex 0.195712772 0.0104771242 0.003
    endloop
  endfacet
  facet normal 1 0 0
    outer loop
      vertex 0.22810541 0.0104771242 0
      vertex 0.22810541 0.0119738562 0
      vertex 0.22810541 0.0119738562 0.003
    endloop
  endfacet
  facet normal 1 0 0
    outer loop
      vertex 0.22810541 0.0104771242 0
      vertex 0.22810541 0.0119738562 0.003
      vertex 0.22810541 0.0104771242 0.003
    endloop
  endfacet
  facet normal 0 1 0
    outer loop
      vertex 0.22810541 0.0119738562 0
      vertex 0.195712772 0.0119738562 0
      vertex 0.195712772 0.0119738562 0.003
    endloop
  endfacet
  facet normal 0 1 -0
    outer loop
      vertex 0.22810541 0.0119738562 0
      vertex 0.195712772 0.0119738562 0.003
      vertex 0.22810541 0.0119738562 0.003
    endloop
  endfacet
  facet normal -1 0 0
    outer loop
      vertex 0.195712772 0.0119738562 0
      vertex 0.195712772 0.0104771242 0
      vertex 0.195712772 0.0104771242 0.003
    endloop
  endfacet
  facet normal -1 0 0
    outer loop
      vertex 0.195712772 0.0119738562 0
      vertex 0.195712772 0.0104771242 0.003
      vertex 0.195712772 0.0119738562 0.003
    endloop
  endfacet
  facet normal 0 0 -1
    outer loop
      vertex 0.242803681 0.0104771242 0
      vertex 0.259 0.0119738562 0
      vertex 0.259 0.0104771242 0
    endloop
  endfacet
  facet normal 0 0 -1
    outer loop
      vertex 0.242803681 0.0104771242 0
      vertex 0.242803681 0.0119738562 0
      vertex 0.259 0.0119738562 0
    endloop
  endfacet
  facet normal 0 0 1
    outer loop
      vertex 0.242803681 0.0104771242 0.003
      vertex 0.259 0.0104771242 0.003
      vertex 0.259 0.0119738562 0.003
    endloop
  endfacet
  facet normal 0 0 1
    outer loop
      vertex 0.242803681 0.0104771242 0.003
      vertex 0.259 0.0119738562 0.003
      vertex 0.242803681 0.0119738562 0.003
    endloop
  endfacet
  facet normal 0 -1 0
    outer loop
      vertex 0.242803681 0.0104771242 0
      vertex 0.259 0.0104771242 0
      vertex 0.259 0.0104771242 0.003
    endloop
  endfacet
  facet normal 0 -1 0
    outer loop
      vertex 0.242803681 0.0104771242 0
      vertex 0.259 0.0104771242 0.003
      vertex 0.242803681 0.0104771242 0.003
    endloop
  endfacet
  facet normal 1 0 0
    outer loop
      vertex 0.259 0.0104771242 0
      vertex 0.259 0.0119738562 0
      vertex 0.259 0.0119738562 0.003
    endloop
  endfacet
  facet normal 1 0 0
    outer loop
      vertex 0.259 0.0104771242 0
      vertex 0.259 0.0119738562 0.003
      vertex 0.259 0.0104771242 0.003
    endloop
  endfacet
  facet normal 0 1 0
    outer loop
      vertex 0.259 0.0119738562 0
      vertex 0.242803681 0.0119738562 0
      vertex 0.242803681 0.0119738562 0.003
    endloop
  endfacet
  facet normal 0 1 -0
    outer loop
      vertex 0.259 0.0119738562 0
      vertex 0.242803681 0.0119738562 0.003
      vertex 0.259 0.0119738562 0.003
    endloop
  endfacet
  facet normal -1 0 0
    outer loop
      vertex 0.242803681 0.0119738562 0
      vertex 0.242803681 0.0104771242 0
      vertex 0.242803681 0.0104771242 0.003
    endloop
  endfacet
  facet normal -1 0 0
    outer loop
      vertex 0.242803681 0.0119738562 0
      vertex 0.242803681 0.0104771242 0.003
      vertex 0.242803681 0.0119738562 0.003
    endloop
  endfacet
  facet normal 0 0 -1
    outer loop
      vertex 0 0.0119738562 0
      vertex 0.0525409091 0.0134705882 0
      vertex 0.0525409091 0.0119738562 0
    endloop
  endfacet
  facet normal 0 0 -1
    outer loop
      vertex 0 0.0119738562 0
      vertex 0 0.0134705882 0
      vertex 0.0525409091 0.0134705882 0
    endloop
  endfacet
  facet normal 0 0 1
    outer loop
      vertex 0 0.0119738562 0.003
      vertex 0.0525409091 0.0119738562 0.003
      vertex 0.0525409091 0.0134705882 0.003
    endloop
  endfacet
  facet normal 0 0 1
    outer loop
      vertex 0 0.0119738562 0.003
      vertex 0.0525409091 0.0134705882 0.003
      vertex 0 0.0134705882 0.003
    endloop
  endfacet
  facet normal 0 -1 0
    outer loop
      vertex 0 0.0119738562 0
      vertex 0.0525409091 0.0119738562 0
      vertex 0.0525409091 0.0119738562 0.003
    endloop
  endfacet
  facet normal 0 -1 0
    outer loop
      vertex 0 0.0119738562 0
      vertex 0.0525409091 0.0119738562 0.003
      vertex 0 0.0119738562 0.003
    endloop
  endfacet
  facet normal 1 0 0
    outer loop
      vertex 0.0525409091 0.0119738562 0
      vertex 0.0525409091 0.0134705882 0
      vertex 0.0525409091 0.0134705882 0.003
    endloop
  endfacet
  facet normal 1 0 0
    outer loop
      vertex 0.0525409091 0.0119738562 0
      vertex 0.0525409091 0.0134705882 0.003
      vertex 0.0525409091 0.0119738562 0.003
    endloop
  endfacet
  facet normal 0 1 0
    outer loop
      vertex 0.0525409091 0.0134705882 0
      vertex 0 0.0134705882 0
      vertex 0 0.0134705882 0.003
    endloop
  endfacet
  facet normal 0 1 -0
    outer loop
      vertex 0.0525409091 0.0134705882 0
      vertex 0 0.0134705882 0.003
      vertex 0.0525409091 0.0134705882 0.003
    endloop
  endfacet
  facet normal -1 0 0
    outer loop
      vertex 0 0.0134705882 0
      vertex 0 0.0119738562 0
      vertex 0 0.0119738562 0.003
    endloop
  endfacet
  facet normal -1 0 0
    outer loop
      vertex 0 0.0134705882 0
      vertex 0 0.0119738562 0.003
      vertex 0 0.0134705882 0.003
    endloop
  endfacet
  facet normal 0 0 -1
    outer loop
      vertex 0.0675409091 0.0119738562 0
      vertex 0.180863636 0.0134705882 0
      vertex 0.180863636 0.0119738562 0
    endloop
  endfacet
  facet normal 0 0 -1
    outer loop
      vertex 0.0675409091 0.0119738562 0
      vertex 0.0675409091 0.0134705882 0
      vertex 0.180863636 0.0134705882 0
    endloop
  endfacet
  facet normal 0 0 1
    outer loop
      vertex 0.0675409091 0.0119738562 0.003
      vertex 0.180863636 0.0119738562 0.003
      vertex 0.180863636 0.0134705882 0.003
    endloop
  endfacet
  facet normal 0 0 1
    outer loop
      vertex 0.0675409091 0.0119738562 0.003
      vertex 0.180863636 0.0134705882 0.003
      vertex 0.0675409091 0.0134705882 0.003
    endloop
  endfacet
  facet normal 0 -1 0
    outer loop
      vertex 0.0675409091 0.0119738562 0
      vertex 0.180863636 0.0119738562 0
      vertex 0.180863636 0.0119738562 0.003
    endloop
  endfacet
  facet normal 0 -1 0
    outer loop
      vertex 0.0675409091 0.0119738562 0
      vertex 0.180863636 0.0119738562 0.003
      vertex 0.0675409091 0.0119738562 0.003
    endloop
  endfacet
  facet normal 1 0 0
    outer loop
      vertex 0.180863636 0.0119738562 0
      vertex 0.180863636 0.0134705882 0
      vertex 0.180863636 0.0134705882 0.003
    endloop
  endfacet
  facet normal 1 0 0
    outer loop
      vertex 0.180863636 0.0119738562 0
      vertex 0.180863636 0.0134705882 0.003
      vertex 0.180863636 0.0119738562 0.003
    endloop
  endfacet
  facet normal 0 1 0
    outer loop
      vertex 0.180863636 0.0134705882 0
      vertex 0.0675409091 0.0134705882 0
      vertex 0.0675409091 0.0134705882 0.003
    endloop
  endfacet
  facet normal 0 1 -0
    outer loop
      vertex 0.180863636 0.0134705882 0
      vertex 0.0675409091 0.0134705882 0.003
      vertex 0.180863636 0.0134705882 0.003
    endloop
  endfacet
  facet normal -1 0 0
    outer loop
      vertex 0.0675409091 0.0134705882 0
      vertex 0.0675409091 0.0119738562 0
      vertex 0.0675409091 0.0119738562 0.003
    endloop
  endfacet
  facet normal -1 0 0
    outer loop
      vertex 0.0675409091 0.0134705882 0
      vertex 0.0675409091 0.0119738562 0.003
      vertex 0.0675409091 0.0134705882 0.003
    endloop
  endfacet
  facet normal 0 0 -1
    outer loop
      vertex 0.195863636 0.0119738562 0
      vertex 0.227954545 0.0134705882 0
      vertex 0.227954545 0.0119738562 0
    endloop
  endfacet
  facet normal 0 0 -1
    outer loop
      vertex 0.195863636 0.0119738562 0
      vertex 0.195863636 0.0134705882 0
      vertex 0.227954545 0.0134705882 0
    endloop
  endfacet
  facet normal 0 0 1
    outer loop
      vertex 0.195863636 0.0119738562 0.003
      vertex 0.227954545 0.0119738562 0.003
      vertex 0.227954545 0.0134705882 0.003
    endloop
  endfacet
  facet normal 0 0 1
    outer loop
      vertex 0.195863636 0.0119738562 0.003
      vertex 0.227954545 0.0134705882 0.003
      vertex 0.195863636 0.0134705882 0.003
    endloop
  endfacet
  facet normal 0 -1 0
    outer loop
      vertex 0.195863636 0.0119738562 0
      vertex 0.227954545 0.0119738562 0
      vertex 0.227954545 0.0119738562 0.003
    endloop
  endfacet
  facet normal 0 -1 0
    outer loop
      vertex 0.195863636 0.0119738562 0
      vertex 0.227954545 0.0119738562 0.003
      vertex 0.195863636 0.0119738562 0.003
    endloop
  endfacet
  facet normal 1 0 0
    outer loop
      vertex 0.227954545 0.0119738562 0
      vertex 0.227954545 0.0134705882 0
      vertex 0.227954545 0.0134705882 0.003
    endloop
  endfacet
  facet normal 1 0 0
    outer loop
      vertex 0.227954545 0.0119738562 0
      vertex 0.227954545 0.0134705882 0.003
      vertex 0.227954545 0.0119738562 0.003
    endloop
  endfacet
  facet normal 0 1 0
    outer loop
      vertex 0.227954545 0.0134705882 0
      vertex 0.195863636 0.0134705882 0
      vertex 0.195863636 0.0134705882 0.003
    endloop
  endfacet
  facet normal 0 1 -0
    outer loop
      vertex 0.227954545 0.0134705882 0
      vertex 0.195863636 0.0134705882 0.003
      vertex 0.227954545 0.0134705882 0.003
    endloop
  endfacet
  facet normal -1 0 0
    outer loop
      vertex 0.195863636 0.0134705882 0
      vertex 0.195863636 0.0119738562 0
      vertex 0.195863636 0.0119738562 0.003
    endloop
  endfacet
  facet normal -1 0 0
    outer loop
      vertex 0.195863636 0.0134705882 0
      vertex 0.195863636 0.0119738562 0.003
      vertex 0.195863636 0.0134705882 0.003
    endloop
  endfacet
  facet normal 0 0 -1
    outer loop
      vertex 0.242954545 0.0119738562 0
      vertex 0.259 0.0134705882 0
      vertex 0.259 0.0119738562 0
    endloop
  endfacet
  facet normal 0 0 -1
    outer loop
      vertex 0.242954545 0.0119738562 0
      vertex 0.242954545 0.0134705882 0
      vertex 0.259 0.0134705882 0
    endloop
  endfacet
  facet normal 0 0 1
    outer loop
      vertex 0.242954545 0.0119738562 0.003
      vertex 0.259 0.0119738562 0.003
      vertex 0.259 0.0134705882 0.003
    endloop
  endfacet
  facet normal 0 0 1
    outer loop
      vertex 0.242954545 0.0119738562 0.003
      vertex 0.259 0.0134705882 0.003
      vertex 0.242954545 0.0134705882 0.003
    endloop
  endfacet
  facet normal 0 -1 0
    outer loop
      vertex 0.242954545 0.0119738562 0
      vertex 0.259 0.0119738562 0
      vertex 0.259 0.0119738562 0.003
    endloop
  endfacet
  facet normal 0 -1 0
    outer loop
      vertex 0.242954545 0.0119738562 0
      vertex 0.259 0.0119738562 0.003
      vertex 0.242954545 0.0119738562 0.003
    endloop
  endfacet
  facet normal 1 0 0
    outer loop
      vertex 0.259 0.0119738562 0
      vertex 0.259 0.0134705882 0
      vertex 0.259 0.0134705882 0.003
    endloop
  endfacet
  facet normal 1 0 0
    outer loop
      vertex 0.259 0.0119738562 0
      vertex 0.259 0.0134705882 0.003
      vertex 0.259 0.0119738562 0.003
    endloop
  endfacet
  facet normal 0 1 0
    outer loop
      vertex 0.259 0.0134705882 0
      vertex 0.242954545 0.0134705882 0
      vertex 0.242954545 0.0134705882 0.003
    endloop
  endfacet
  facet normal 0 1 -0
    outer loop
      vertex 0.259 0.0134705882 0
      vertex 0.242954545 0.0134705882 0.003
      vertex 0.259 0.0134705882 0.003
    endloop
  endfacet
  facet normal -1 0 0
    outer loop
      vertex 0.242954545 0.0134705882 0
      vertex 0.242954545 0.0119738562 0
      vertex 0.242954545 0.0119738562 0.003
    endloop
  endfacet
  facet normal -1 0 0
    outer loop
      vertex 0.242954545 0.0134705882 0
      vertex 0.242954545 0.0119738562 0.003
      vertex 0.242954545 0.0134705882 0.003
    endloop
  endfacet
  facet normal 0 0 -1
    outer loop
      vertex 0 0.0134705882 0
      vertex 0.0526917735 0.0149673203 0
      vertex 0.0526917735 0.0134705882 0
    endloop
  endfacet
  facet normal 0 0 -1
    outer loop
      vertex 0 0.0134705882 0
      vertex 0 0.0149673203 0
      vertex 0.0526917735 0.0149673203 0
    endloop
  endfacet
  facet normal 0 0 1
    outer loop
      vertex 0 0.0134705882 0.003
      vertex 0.0526917735 0.0134705882 0.003
      vertex 0.0526917735 0.0149673203 0.003
    endloop
  endfacet
  facet normal 0 0 1
    outer loop
      vertex 0 0.0134705882 0.003
      vertex 0.0526917735 0.0149673203 0.003
      vertex 0 0.0149673203 0.003
    endloop
  endfacet
  facet normal 0 -1 0
    outer loop
      vertex 0 0.0134705882 0
      vertex 0.0526917735 0.0134705882 0
      vertex 0.0526917735 0.0134705882 0.003
    endloop
  endfacet
  facet normal 0 -1 0
    outer loop
      vertex 0 0.0134705882 0
      vertex 0.0526917735 0.0134705882 0.003
      vertex 0 0.0134705882 0.003
    endloop
  endfacet
  facet normal 1 0 0
    outer loop
      vertex 0.0526917735 0.0134705882 0
      vertex 0.0526917735 0.0149673203 0
      vertex 0.0526917735 0.0149673203 0.003
    endloop
  endfacet
  facet normal 1 0 0
    outer loop
      vertex 0.0526917735 0.0134705882 0
      vertex 0.0526917735 0.0149673203 0.003
      vertex 0.0526917735 0.0134705882 0.003
    endloop
  endfacet
  facet normal 0 1 0
    outer loop
      vertex 0.0526917735 0.0149673203 0
      vertex 0 0.0149673203 0
      vertex 0 0.0149673203 0.003
    endloop
  endfacet
  facet normal 0 1 -0
    outer loop
      vertex 0.0526917735 0.0149673203 0
      vertex 0 0.0149673203 0.003
      vertex 0.0526917735 0.0149673203 0.003
    endloop
  endfacet
  facet normal -1 0 0
    outer loop
      vertex 0 0.0149673203 0
      vertex 0 0.0134705882 0
      vertex 0 0.0134705882 0.003
    endloop
  endfacet
  facet normal -1 0 0
    outer loop
      vertex 0 0.0149673203 0
      vertex 0 0.0134705882 0.003
      vertex 0 0.0149673203 0.003
    endloop
  endfacet
  facet normal 0 0 -1
    outer loop
      vertex 0.0673900446 0.0134705882 0
      vertex 0.181014501 0.0149673203 0
      vertex 0.181014501 0.0134705882 0
    endloop
  endfacet
  facet normal 0 0 -1
    outer loop
      vertex 0.0673900446 0.0134705882 0
      vertex 0.0673900446 0.0149673203 0
      vertex 0.181014501 0.0149673203 0
    endloop
  endfacet
  facet normal 0 0 1
    outer loop
      vertex 0.0673900446 0.0134705882 0.003
      vertex 0.181014501 0.0134705882 0.003
      vertex 0.181014501 0.0149673203 0.003
    endloop
  endfacet
  facet normal 0 0 1
    outer loop
      vertex 0.0673900446 0.0134705882 0.003
      vertex 0.181014501 0.0149673203 0.003
      vertex 0.0673900446 0.0149673203 0.003
    endloop
  endfacet
  facet normal 0 -1 0
    outer loop
      vertex 0.0673900446 0.0134705882 0
      vertex 0.181014501 0.0134705882 0
      vertex 0.181014501 0.0134705882 0.003
    endloop
  endfacet
  facet normal 0 -1 0
    outer loop
      vertex 0.0673900446 0.0134705882 0
      vertex 0.181014501 0.0134705882 0.003
      vertex 0.0673900446 0.0134705882 0.003
    endloop
  endfacet
  facet normal 1 0 0
    outer loop
      vertex 0.181014501 0.0134705882 0
      vertex 0.181014501 0.0149673203 0
      vertex 0.181014501 0.0149673203 0.003
    endloop
  endfacet
  facet normal 1 0 0
    outer loop
      vertex 0.181014501 0.0134705882 0
      vertex 0.181014501 0.0149673203 0.003
      vertex 0.181014501 0.0134705882 0.003
    endloop
  endfacet
  facet normal 0 1 0
    outer loop
      vertex 0.181014501 0.0149673203 0
      vertex 0.0673900446 0.0149673203 0
      vertex 0.0673900446 0.0149673203 0.003
    endloop
  endfacet
  facet normal 0 1 -0
    outer loop
      vertex 0.181014501 0.0149673203 0
      vertex 0.0673900446 0.0149673203 0.003
      vertex 0.181014501 0.0149673203 0.003
    endloop
  endfacet
  facet normal -1 0 0
    outer loop
      vertex 0.0673900446 0.0149673203 0
      vertex 0.0673900446 0.0134705882 0
      vertex 0.0673900446 0.0134705882 0.003
    endloop
  endfacet
  facet normal -1 0 0
    outer loop
      vertex 0.0673900446 0.0149673203 0
      vertex 0.0673900446 0.0134705882 0.003
      vertex 0.0673900446 0.0149673203 0.003
    endloop
  endfacet
  facet normal 0 0 -1
    outer loop
      vertex 0.195712772 0.0134705882 0
      vertex 0.22810541 0.0149673203 0
      vertex 0.22810541 0.0134705882 0
    endloop
  endfacet
  facet normal 0 0 -1
    outer loop
      vertex 0.195712772 0.0134705882 0
      vertex 0.195712772 0.0149673203 0
      vertex 0.22810541 0.0149673203 0
    endloop
  endfacet
  facet normal 0 0 1
    outer loop
      vertex 0.195712772 0.0134705882 0.003
      vertex 0.22810541 0.0134705882 0.003
      vertex 0.22810541 0.0149673203 0.003
    endloop
  endfacet
  facet normal 0 0 1
    outer loop
      vertex 0.195712772 0.0134705882 0.003
      vertex 0.22810541 0.0149673203 0.003
      vertex 0.195712772 0.0149673203 0.003
    endloop
  endfacet
  facet normal 0 -1 0
    outer loop
      vertex 0.195712772 0.0134705882 0
      vertex 0.22810541 0.0134705882 0
      vertex 0.22810541 0.0134705882 0.003
    endloop
  endfacet
  facet normal 0 -1 0
    outer loop
      vertex 0.195712772 0.0134705882 0
      vertex 0.22810541 0.0134705882 0.003
      vertex 0.195712772 0.0134705882 0.003
    endloop
  endfacet
  facet normal 1 0 0
    outer loop
      vertex 0.22810541 0.0134705882 0
      vertex 0.22810541 0.0149673203 0
      vertex 0.22810541 0.0149673203 0.003
    endloop
  endfacet
  facet normal 1 0 0
    outer loop
      vertex 0.22810541 0.0134705882 0
      vertex 0.22810541 0.0149673203 0.003
      vertex 0.22810541 0.0134705882 0.003
    endloop
  endfacet
  facet normal 0 1 0
    outer loop
      vertex 0.22810541 0.0149673203 0
      vertex 0.195712772 0.0149673203 0
      vertex 0.195712772 0.0149673203 0.003
    endloop
  endfacet
  facet normal 0 1 -0
    outer loop
      vertex 0.22810541 0.0149673203 0
      vertex 0.195712772 0.0149673203 0.003
      vertex 0.22810541 0.0149673203 0.003
    endloop
  endfacet
  facet normal -1 0 0
    outer loop
      vertex 0.195712772 0.0149673203 0
      vertex 0.195712772 0.0134705882 0
      vertex 0.195712772 0.0134705882 0.003
    endloop
  endfacet
  facet normal -1 0 0
    outer loop
      vertex 0.195712772 0.0149673203 0
      vertex 0.195712772 0.0134705882 0.003
      vertex 0.195712772 0.0149673203 0.003
    endloop
  endfacet
  facet normal 0 0 -1
    outer loop
      vertex 0.242803681 0.0134705882 0
      vertex 0.259 0.0149673203 0
      vertex 0.259 0.0134705882 0
    endloop
  endfacet
  facet normal 0 0 -1
    outer loop
      vertex 0.242803681 0.0134705882 0
      vertex 0.242803681 0.0149673203 0
      vertex 0.259 0.0149673203 0
    endloop
  endfacet
  facet normal 0 0 1
    outer loop
      vertex 0.242803681 0.0134705882 0.003
      vertex 0.259 0.0134705882 0.003
      vertex 0.259 0.0149673203 0.003
    endloop
  endfacet
  facet normal 0 0 1
    outer loop
      vertex 0.242803681 0.0134705882 0.003
      vertex 0.259 0.0149673203 0.003
      vertex 0.242803681 0.0149673203 0.003
    endloop
  endfacet
  facet normal 0 -1 0
    outer loop
      vertex 0.242803681 0.0134705882 0
      vertex 0.259 0.0134705882 0
      vertex 0.259 0.0134705882 0.003
    endloop
  endfacet
  facet normal 0 -1 0
    outer loop
      vertex 0.242803681 0.0134705882 0
      vertex 0.259 0.0134705882 0.003
      vertex 0.242803681 0.0134705882 0.003
    endloop
  endfacet
  facet normal 1 0 0
    outer loop
      vertex 0.259 0.0134705882 0
      vertex 0.259 0.0149673203 0
      vertex 0.259 0.0149673203 0.003
    endloop
  endfacet
  facet normal 1 0 0
    outer loop
      vertex 0.259 0.0134705882 0
      vertex 0.259 0.0149673203 0.003
      vertex 0.259 0.0134705882 0.003
    endloop
  endfacet
  facet normal 0 1 0
    outer loop
      vertex 0.259 0.0149673203 0
      vertex 0.242803681 0.0149673203 0
      vertex 0.242803681 0.0149673203 0.003
    endloop
  endfacet
  facet normal 0 1 -0
    outer loop
      vertex 0.259 0.0149673203 0
      vertex 0.242803681 0.0149673203 0.003
      vertex 0.259 0.0149673203 0.003
    endloop
  endfacet
  facet normal -1 0 0
    outer loop
      vertex 0.242803681 0.0149673203 0
      vertex 0.242803681 0.0134705882 0
      vertex 0.242803681 0.0134705882 0.003
    endloop
  endfacet
  facet normal -1 0 0
    outer loop
      vertex 0.242803681 0.0149673203 0
      vertex 0.242803681 0.0134705882 0.003
      vertex 0.242803681 0.0149673203 0.003
    endloop
  endfacet
  facet normal 0 0 -1
    outer loop
      vertex 0 0.0149673203 0
      vertex 0.0531641967 0.0164640523 0
      vertex 0.0531641967 0.0149673203 0
    endloop
  endfacet
  facet normal 0 0 -1
    outer loop
      vertex 0 0.0149673203 0
      vertex 0 0.0164640523 0
      vertex 0.0531641967 0.0164640523 0
    endloop
  endfacet
  facet normal 0 0 1
    outer loop
      vertex 0 0.0149673203 0.003
      vertex 0.0531641967 0.0149673203 0.003
      vertex 0.0531641967 0.0164640523 0.003
    endloop
  endfacet
  facet normal 0 0 1
    outer loop
      vertex 0 0.0149673203 0.003
      vertex 0.0531641967 0.0164640523 0.003
      vertex 0 0.0164640523 0.003
    endloop
  endfacet
  facet normal 0 -1 0
    outer loop
      vertex 0 0.0149673203 0
      vertex 0.0531641967 0.0149673203 0
      vertex 0.0531641967 0.0149673203 0.003
    endloop
  endfacet
  facet normal 0 -1 0
    outer loop
      vertex 0 0.0149673203 0
      vertex 0.0531641967 0.0149673203 0.003
      vertex 0 0.0149673203 0.003
    endloop
  endfacet
  facet normal 1 0 0
    outer loop
      vertex 0.0531641967 0.0149673203 0
      vertex 0.0531641967 0.0164640523 0
      vertex 0.0531641967 0.0164640523 0.003
    endloop
  endfacet
  facet normal 1 0 0
    outer loop
      vertex 0.0531641967 0.0149673203 0
      vertex 0.0531641967 0.0164640523 0.003
      vertex 0.0531641967 0.0149673203 0.003
    endloop
  endfacet
  facet normal 0 1 0
    outer loop
      vertex 0.0531641967 0.0164640523 0
      vertex 0 0.0164640523 0
      vertex 0 0.0164640523 0.003
    endloop
  endfacet
  facet normal 0 1 -0
    outer loop
      vertex 0.0531641967 0.0164640523 0
      vertex 0 0.0164640523 0.003
      vertex 0.0531641967 0.0164640523 0.003
    endloop
  endfacet
  facet normal -1 0 0
    outer loop
      vertex 0 0.0164640523 0
      vertex 0 0.0149673203 0
      vertex 0 0.0149673203 0.003
    endloop
  endfacet
  facet normal -1 0 0
    outer loop
      vertex 0 0.0164640523 0
      vertex 0 0.0149673203 0.003
      vertex 0 0.0164640523 0.003
    endloop
  endfacet
  facet normal 0 0 -1
    outer loop
      vertex 0.0669176215 0.0149673203 0
      vertex 0.181486924 0.0164640523 0
      vertex 0.181486924 0.0149673203 0
    endloop
  endfacet
  facet normal 0 0 -1
    outer loop
      vertex 0.0669176215 0.0149673203 0
      vertex 0.0669176215 0.0164640523 0
      vertex 0.181486924 0.0164640523 0
    endloop
  endfacet
  facet normal 0 0 1
    outer loop
      vertex 0.0669176215 0.0149673203 0.003
      vertex 0.181486924 0.0149673203 0.003
      vertex 0.181486924 0.0164640523 0.003
    endloop
  endfacet
  facet normal 0 0 1
    outer loop
      vertex 0.0669176215 0.0149673203 0.003
      vertex 0.181486924 0.0164640523 0.003
      vertex 0.0669176215 0.0164640523 0.003
    endloop
  endfacet
  facet normal 0 -1 0
    outer loop
      vertex 0.0669176215 0.0149673203 0
      vertex 0.181486924 0.0149673203 0
      vertex 0.181486924 0.0149673203 0.003
    endloop
  endfacet
  facet normal 0 -1 0
    outer loop
      vertex 0.0669176215 0.0149673203 0
      vertex 0.181486924 0.0149673203 0.003
      vertex 0.0669176215 0.0149673203 0.003
    endloop
  endfacet
  facet normal 1 0 0
    outer loop
      vertex 0.181486924 0.0149673203 0
      vertex 0.181486924 0.0164640523 0
      vertex 0.181486924 0.0164640523 0.003
    endloop
  endfacet
  facet normal 1 0 0
    outer loop
      vertex 0.181486924 0.0149673203 0
      vertex 0.181486924 0.0164640523 0.003
      vertex 0.181486924 0.0149673203 0.003
    endloop
  endfacet
  facet normal 0 1 0
    outer loop
      vertex 0.181486924 0.0164640523 0
      vertex 0.0669176215 0.0164640523 0
      vertex 0.0669176215 0.0164640523 0.003
    endloop
  endfacet
  facet normal 0 1 -0
    outer loop
      vertex 0.181486924 0.0164640523 0
      vertex 0.0669176215 0.0164640523 0.003
      vertex 0.181486924 0.0164640523 0.003
    endloop
  endfacet
  facet normal -1 0 0
    outer loop
      vertex 0.0669176215 0.0164640523 0
      vertex 0.0669176215 0.0149673203 0
      vertex 0.0669176215 0.0149673203 0.003
    endloop
  endfacet
  facet normal -1 0 0
    outer loop
      vertex 0.0669176215 0.0164640523 0
      vertex 0.0669176215 0.0149673203 0.003
      vertex 0.0669176215 0.0164640523 0.003
    endloop
  endfacet
  facet normal 0 0 -1
    outer loop
      vertex 0.195240349 0.0149673203 0
      vertex 0.228577833 0.0164640523 0
      vertex 0.228577833 0.0149673203 0
    endloop
  endfacet
  facet normal 0 0 -1
    outer loop
      vertex 0.195240349 0.0149673203 0
      vertex 0.195240349 0.0164640523 0
      vertex 0.228577833 0.0164640523 0
    endloop
  endfacet
  facet normal 0 0 1
    outer loop
      vertex 0.195240349 0.0149673203 0.003
      vertex 0.228577833 0.0149673203 0.003
      vertex 0.228577833 0.0164640523 0.003
    endloop
  endfacet
  facet normal 0 0 1
    outer loop
      vertex 0.195240349 0.0149673203 0.003
      vertex 0.228577833 0.0164640523 0.003
      vertex 0.195240349 0.0164640523 0.003
    endloop
  endfacet
  facet normal 0 -1 0
    outer loop
      vertex 0.195240349 0.0149673203 0
      vertex 0.228577833 0.0149673203 0
      vertex 0.228577833 0.0149673203 0.003
    endloop
  endfacet
  facet normal 0 -1 0
    outer loop
      vertex 0.195240349 0.0149673203 0
      vertex 0.228577833 0.0149673203 0.003
      vertex 0.195240349 0.0149673203 0.003
    endloop
  endfacet
  facet normal 1 0 0
    outer loop
      vertex 0.228577833 0.0149673203 0
      vertex 0.228577833 0.0164640523 0
      vertex 0.228577833 0.0164640523 0.003
    endloop
  endfacet
  facet normal 1 0 0
    outer loop
      vertex 0.228577833 0.0149673203 0
      vertex 0.228577833 0.0164640523 0.003
      vertex 0.228577833 0.0149673203 0.003
    endloop
  endfacet
  facet normal 0 1 0
    outer loop
      vertex 0.228577833 0.0164640523 0
      vertex 0.195240349 0.0164640523 0
      vertex 0.195240349 0.0164640523 0.003
    endloop
  endfacet
  facet normal 0 1 -0
    outer loop
      vertex 0.228577833 0.0164640523 0
      vertex 0.195240349 0.0164640523 0.003
      vertex 0.228577833 0.0164640523 0.003
    endloop
  endfacet
  facet normal -1 0 0
    outer loop
      vertex 0.195240349 0.0164640523 0
      vertex 0.195240349 0.0149673203 0
      vertex 0.195240349 0.0149673203 0.003
    endloop
  endfacet
  facet normal -1 0 0
    outer loop
      vertex 0.195240349 0.0164640523 0
      vertex 0.195240349 0.0149673203 0.003
      vertex 0.195240349 0.0164640523 0.003
    endloop
  endfacet
  facet normal 0 0 -1
    outer loop
      vertex 0.242331258 0.0149673203 0
      vertex 0.259 0.0164640523 0
      vertex 0.259 0.0149673203 0
    endloop
  endfacet
  facet normal 0 0 -1
    outer loop
      vertex 0.242331258 0.0149673203 0
      vertex 0.242331258 0.0164640523 0
      vertex 0.259 0.0164640523 0
    endloop
  endfacet
  facet normal 0 0 1
    outer loop
      vertex 0.242331258 0.0149673203 0.003
      vertex 0.259 0.0149673203 0.003
      vertex 0.259 0.0164640523 0.003
    endloop
  endfacet
  facet normal 0 0 1
    outer loop
      vertex 0.242331258 0.0149673203 0.003
      vertex 0.259 0.0164640523 0.003
      vertex 0.242331258 0.0164640523 0.003
    endloop
  endfacet
  facet normal 0 -1 0
    outer loop
      vertex 0.242331258 0.0149673203 0
      vertex 0.259 0.0149673203 0
      vertex 0.259 0.0149673203 0.003
    endloop
  endfacet
  facet normal 0 -1 0
    outer loop
      vertex 0.242331258 0.0149673203 0
      vertex 0.259 0.0149673203 0.003
      vertex 0.242331258 0.0149673203 0.003
    endloop
  endfacet
  facet normal 1 0 0
    outer loop
      vertex 0.259 0.0149673203 0
      vertex 0.259 0.0164640523 0
      vertex 0.259 0.0164640523 0.003
    endloop
  endfacet
  facet normal 1 0 0
    outer loop
      vertex 0.259 0.0149673203 0
      vertex 0.259 0.0164640523 0.003
      vertex 0.259 0.0149673203 0.003
    endloop
  endfacet
  facet normal 0 1 0
    outer loop
      vertex 0.259 0.0164640523 0
      vertex 0.242331258 0.0164640523 0
      vertex 0.242331258 0.0164640523 0.003
    endloop
  endfacet
  facet normal 0 1 -0
    outer loop
      vertex 0.259 0.0164640523 0
      vertex 0.242331258 0.0164640523 0.003
      vertex 0.259 0.0164640523 0.003
    endloop
  endfacet
  facet normal -1 0 0
    outer loop
      vertex 0.242331258 0.0164640523 0
      vertex 0.242331258 0.0149673203 0
      vertex 0.242331258 0.0149673203 0.003
    endloop
  endfacet
  facet normal -1 0 0
    outer loop
      vertex 0.242331258 0.0164640523 0
      vertex 0.242331258 0.0149673203 0.003
      vertex 0.242331258 0.0164640523 0.003
    endloop
  endfacet
  facet normal 0 0 -1
    outer loop
      vertex 0 0.0164640523 0
      vertex 0.0540335686 0.0179607843 0
      vertex 0.0540335686 0.0164640523 0
    endloop
  endfacet
  facet normal 0 0 -1
    outer loop
      vertex 0 0.0164640523 0
      vertex 0 0.0179607843 0
      vertex 0.0540335686 0.0179607843 0
    endloop
  endfacet
  facet normal 0 0 1
    outer loop
      vertex 0 0.0164640523 0.003
      vertex 0.0540335686 0.0164640523 0.003
      vertex 0.0540335686 0.0179607843 0.003
    endloop
  endfacet
  facet normal 0 0 1
    outer loop
      vertex 0 0.0164640523 0.003
      vertex 0.0540335686 0.0179607843 0.003
      vertex 0 0.0179607843 0.003
    endloop
  endfacet
  facet normal 0 -1 0
    outer loop
      vertex 0 0.0164640523 0
      vertex 0.0540335686 0.0164640523 0
      vertex 0.0540335686 0.0164640523 0.003
    endloop
  endfacet
  facet normal 0 -1 0
    outer loop
      vertex 0 0.0164640523 0
      vertex 0.0540335686 0.0164640523 0.003
      vertex 0 0.0164640523 0.003
    endloop
  endfacet
  facet normal 1 0 0
    outer loop
      vertex 0.0540335686 0.0164640523 0
      vertex 0.0540335686 0.0179607843 0
      vertex 0.0540335686 0.0179607843 0.003
    endloop
  endfacet
  facet normal 1 0 0
    outer loop
      vertex 0.0540335686 0.0164640523 0
      vertex 0.0540335686 0.0179607843 0.003
      vertex 0.0540335686 0.0164640523 0.003
    endloop
  endfacet
  facet normal 0 1 0
    outer loop
      vertex 0.0540335686 0.0179607843 0
      vertex 0 0.0179607843 0
      vertex 0 0.0179607843 0.003
    endloop
  endfacet
  facet normal 0 1 -0
    outer loop
      vertex 0.0540335686 0.0179607843 0
      vertex 0 0.0179607843 0.003
      vertex 0.0540335686 0.0179607843 0.003
    endloop
  endfacet
  facet normal -1 0 0
    outer loop
      vertex 0 0.0179607843 0
      vertex 0 0.0164640523 0
      vertex 0 0.0164640523 0.003
    endloop
  endfacet
  facet normal -1 0 0
    outer loop
      vertex 0 0.0179607843 0
      vertex 0 0.0164640523 0.003
      vertex 0 0.0179607843 0.003
    endloop
  endfacet
  facet normal 0 0 -1
    outer loop
      vertex 0.0660482495 0.0164640523 0
      vertex 0.182356296 0.0179607843 0
      vertex 0.182356296 0.0164640523 0
    endloop
  endfacet
  facet normal 0 0 -1
    outer loop
      vertex 0.0660482495 0.0164640523 0
      vertex 0.0660482495 0.0179607843 0
      vertex 0.182356296 0.0179607843 0
    endloop
  endfacet
  facet normal 0 0 1
    outer loop
      vertex 0.0660482495 0.0164640523 0.003
      vertex 0.182356296 0.0164640523 0.003
      vertex 0.182356296 0.0179607843 0.003
    endloop
  endfacet
  facet normal 0 0 1
    outer loop
      vertex 0.0660482495 0.0164640523 0.003
      vertex 0.182356296 0.0179607843 0.003
      vertex 0.0660482495 0.0179607843 0.003
    endloop
  endfacet
  facet normal 0 -1 0
    outer loop
      vertex 0.0660482495 0.0164640523 0
      vertex 0.182356296 0.0164640523 0
      vertex 0.182356296 0.0164640523 0.003
    endloop
  endfacet
  facet normal 0 -1 0
    outer loop
      vertex 0.0660482495 0.0164640523 0
      vertex 0.182356296 0.0164640523 0.003
      vertex 0.0660482495 0.0164640523 0.003
    endloop
  endfacet
  facet normal 1 0 0
    outer loop
      vertex 0.182356296 0.0164640523 0
      vertex 0.182356296 0.0179607843 0
      vertex 0.182356296 0.0179607843 0.003
    endloop
  endfacet
  facet normal 1 0 0
    outer loop
      vertex 0.182356296 0.0164640523 0
      vertex 0.182356296 0.0179607843 0.003
      vertex 0.182356296 0.0164640523 0.003
    endloop
  endfacet
  facet normal 0 1 0
    outer loop
      vertex 0.182356296 0.0179607843 0
      vertex 0.0660482495 0.0179607843 0
      vertex 0.0660482495 0.0179607843 0.003
    endloop
  endfacet
  facet normal 0 1 -0
    outer loop
      vertex 0.182356296 0.0179607843 0
      vertex 0.0660482495 0.0179607843 0.003
      vertex 0.182356296 0.0179607843 0.003
    endloop
  endfacet
  facet normal -1 0 0
    outer loop
      vertex 0.0660482495 0.0179607843 0
      vertex 0.0660482495 0.0164640523 0
      vertex 0.0660482495 0.0164640523 0.003
    endloop
  endfacet
  facet normal -1 0 0
    outer loop
      vertex 0.0660482495 0.0179607843 0
      vertex 0.0660482495 0.0164640523 0.003
      vertex 0.0660482495 0.0179607843 0.003
    endloop
  endfacet
  facet normal 0 0 -1
    outer loop
      vertex 0.194370977 0.0164640523 0
      vertex 0.229447205 0.0179607843 0
      vertex 0.229447205 0.0164640523 0
    endloop
  endfacet
  facet normal 0 0 -1
    outer loop
      vertex 0.194370977 0.0164640523 0
      vertex 0.194370977 0.0179607843 0
      vertex 0.229447205 0.0179607843 0
    endloop
  endfacet
  facet normal 0 0 1
    outer loop
      vertex 0.194370977 0.0164640523 0.003
      vertex 0.229447205 0.0164640523 0.003
      vertex 0.229447205 0.0179607843 0.003
    endloop
  endfacet
  facet normal 0 0 1
    outer loop
      vertex 0.194370977 0.0164640523 0.003
      vertex 0.229447205 0.0179607843 0.003
      vertex 0.194370977 0.0179607843 0.003
    endloop
  endfacet
  facet normal 0 -1 0
    outer loop
      vertex 0.194370977 0.0164640523 0
      vertex 0.229447205 0.0164640523 0
      vertex 0.229447205 0.0164640523 0.003
    endloop
  endfacet
  facet normal 0 -1 0
    outer loop
      vertex 0.194370977 0.0164640523 0
      vertex 0.229447205 0.0164640523 0.003
      vertex 0.194370977 0.0164640523 0.003
    endloop
  endfacet
  facet normal 1 0 0
    outer loop
      vertex 0.229447205 0.0164640523 0
      vertex 0.229447205 0.0179607843 0
      vertex 0.229447205 0.0179607843 0.003
    endloop
  endfacet
  facet normal 1 0 0
    outer loop
      vertex 0.229447205 0.0164640523 0
      vertex 0.229447205 0.0179607843 0.003
      vertex 0.229447205 0.0164640523 0.003
    endloop
  endfacet
  facet normal 0 1 0
    outer loop
      vertex 0.229447205 0.0179607843 0
      vertex 0.194370977 0.0179607843 0
      vertex 0.194370977 0.0179607843 0.003
    endloop
  endfacet
  facet normal 0 1 -0
    outer loop
      vertex 0.229447205 0.0179607843 0
      vertex 0.194370977 0.0179607843 0.003
      vertex 0.229447205 0.0179607843 0.003
    endloop
  endfacet
  facet normal -1 0 0
    outer loop
      vertex 0.194370977 0.0179607843 0
      vertex 0.194370977 0.0164640523 0
      vertex 0.194370977 0.0164640523 0.003
    endloop
  endfacet
  facet normal -1 0 0
    outer loop
      vertex 0.194370977 0.0179607843 0
      vertex 0.194370977 0.0164640523 0.003
      vertex 0.194370977 0.0179607843 0.003
    endloop
  endfacet
  facet normal 0 0 -1
    outer loop
      vertex 0.241461886 0.0164640523 0
      vertex 0.259 0.0179607843 0
      vertex 0.259 0.0164640523 0
    endloop
  endfacet
  facet normal 0 0 -1
    outer loop
      vertex 0.241461886 0.0164640523 0
      vertex 0.241461886 0.0179607843 0
      vertex 0.259 0.0179607843 0
    endloop
  endfacet
  facet normal 0 0 1
    outer loop
      vertex 0.241461886 0.0164640523 0.003
      vertex 0.259 0.0164640523 0.003
      vertex 0.259 0.0179607843 0.003
    endloop
  endfacet
  facet normal 0 0 1
    outer loop
      vertex 0.241461886 0.0164640523 0.003
      vertex 0.259 0.0179607843 0.003
      vertex 0.241461886 0.0179607843 0.003
    endloop
  endfacet
  facet normal 0 -1 0
    outer loop
      vertex 0.241461886 0.0164640523 0
      vertex 0.259 0.0164640523 0
      vertex 0.259 0.0164640523 0.003
    endloop
  endfacet
  facet normal 0 -1 0
    outer loop
      vertex 0.241461886 0.0164640523 0
      vertex 0.259 0.0164640523 0.003
      vertex 0.241461886 0.0164640523 0.003
    endloop
  endfacet
  facet normal 1 0 0
    outer loop
      vertex 0.259 0.0164640523 0
      vertex 0.259 0.0179607843 0
      vertex 0.259 0.0179607843 0.003
    endloop
  endfacet
  facet normal 1 0 0
    outer loop
      vertex 0.259 0.0164640523 0
      vertex 0.259 0.0179607843 0.003
      vertex 0.259 0.0164640523 0.003
    endloop
  endfacet
  facet normal 0 1 0
    outer loop
      vertex 0.259 0.0179607843 0
      vertex 0.241461886 0.0179607843 0
      vertex 0.241461886 0.0179607843 0.003
    endloop
  endfacet
  facet normal 0 1 -0
    outer loop
      vertex 0.259 0.0179607843 0
      vertex 0.241461886 0.0179607843 0.003
      vertex 0.259 0.0179607843 0.003
    endloop
  endfacet
  facet normal -1 0 0
    outer loop
      vertex 0.241461886 0.0179607843 0
      vertex 0.241461886 0.0164640523 0
      vertex 0.241461886 0.0164640523 0.003
    endloop
  endfacet
  facet normal -1 0 0
    outer loop
      vertex 0.241461886 0.0179607843 0
      vertex 0.241461886 0.0164640523 0.003
      vertex 0.241461886 0.0179607843 0.003
    endloop
  endfacet
  facet normal 0 0 -1
    outer loop
      vertex 0 0.0179607843 0
      vertex 0.0555235324 0.0194575163 0
      vertex 0.0555235324 0.0179607843 0
    endloop
  endfacet
  facet normal 0 0 -1
    outer loop
      vertex 0 0.0179607843 0
      vertex 0 0.0194575163 0
      vertex 0.0555235324 0.0194575163 0
    endloop
  endfacet
  facet normal 0 0 1
    outer loop
      vertex 0 0.0179607843 0.003
      vertex 0.0555235324 0.0179607843 0.003
      vertex 0.0555235324 0.0194575163 0.003
    endloop
  endfacet
  facet normal 0 0 1
    outer loop
      vertex 0 0.0179607843 0.003
      vertex 0.0555235324 0.0194575163 0.003
      vertex 0 0.0194575163 0.003
    endloop
  endfacet
  facet normal 0 -1 0
    outer loop
      vertex 0 0.0179607843 0
      vertex 0.0555235324 0.0179607843 0
      vertex 0.0555235324 0.0179607843 0.003
    endloop
  endfacet
  facet normal 0 -1 0
    outer loop
      vertex 0 0.0179607843 0
      vertex 0.0555235324 0.0179607843 0.003
      vertex 0 0.0179607843 0.003
    endloop
  endfacet
  facet normal 1 0 0
    outer loop
      vertex 0.0555235324 0.0179607843 0
      vertex 0.0555235324 0.0194575163 0
      vertex 0.0555235324 0.0194575163 0.003
    endloop
  endfacet
  facet normal 1 0 0
    outer loop
      vertex 0.0555235324 0.0179607843 0
      vertex 0.0555235324 0.0194575163 0.003
      vertex 0.0555235324 0.0179607843 0.003
    endloop
  endfacet
  facet normal 0 1 0
    outer loop
      vertex 0.0555235324 0.0194575163 0
      vertex 0 0.0194575163 0
      vertex 0 0.0194575163 0.003
    endloop
  endfacet
  facet normal 0 1 -0
    outer loop
      vertex 0.0555235324 0.0194575163 0
      vertex 0 0.0194575163 0.003
      vertex 0.0555235324 0.0194575163 0.003
    endloop
  endfacet
  facet normal -1 0 0
    outer loop
      vertex 0 0.0194575163 0
      vertex 0 0.0179607843 0
      vertex 0 0.0179607843 0.003
    endloop
  endfacet
  facet normal -1 0 0
    outer loop
      vertex 0 0.0194575163 0
      vertex 0 0.0179607843 0.003
      vertex 0 0.0194575163 0.003
    endloop
  endfacet
  facet normal 0 0 -1
    outer loop
      vertex 0.0645582857 0.0179607843 0
      vertex 0.18384626 0.0194575163 0
      vertex 0.18384626 0.0179607843 0
    endloop
  endfacet
  facet normal 0 0 -1
    outer loop
      vertex 0.0645582857 0.0179607843 0
      vertex 0.0645582857 0.0194575163 0
      vertex 0.18384626 0.0194575163 0
    endloop
  endfacet
  facet normal 0 0 1
    outer loop
      vertex 0.0645582857 0.0179607843 0.003
      vertex 0.18384626 0.0179607843 0.003
      vertex 0.18384626 0.0194575163 0.003
    endloop
  endfacet
  facet normal 0 0 1
    outer loop
      vertex 0.0645582857 0.0179607843 0.003
      vertex 0.18384626 0.0194575163 0.003
      vertex 0.0645582857 0.0194575163 0.003
    endloop
  endfacet
  facet normal 0 -1 0
    outer loop
      vertex 0.0645582857 0.0179607843 0
      vertex 0.18384626 0.0179607843 0
      vertex 0.18384626 0.0179607843 0.003
    endloop
  endfacet
  facet normal 0 -1 0
    outer loop
      vertex 0.0645582857 0.0179607843 0
      vertex 0.18384626 0.0179607843 0.003
      vertex 0.0645582857 0.0179607843 0.003
    endloop
  endfacet
  facet normal 1 0 0
    outer loop
      vertex 0.18384626 0.0179607843 0
      vertex 0.18384626 0.0194575163 0
      vertex 0.18384626 0.0194575163 0.003
    endloop
  endfacet
  facet normal 1 0 0
    outer loop
      vertex 0.18384626 0.0179607843 0
      vertex 0.18384626 0.0194575163 0.003
      vertex 0.18384626 0.0179607843 0.003
    endloop
  endfacet
  facet normal 0 1 0
    outer loop
      vertex 0.18384626 0.0194575163 0
      vertex 0.0645582857 0.0194575163 0
      vertex 0.0645582857 0.0194575163 0.003
    endloop
  endfacet
  facet normal 0 1 -0
    outer loop
      vertex 0.18384626 0.0194575163 0
      vertex 0.0645582857 0.0194575163 0.003
      vertex 0.18384626 0.0194575163 0.003
    endloop
  endfacet
  facet normal -1 0 0
    outer loop
      vertex 0.0645582857 0.0194575163 0
      vertex 0.0645582857 0.0179607843 0
      vertex 0.0645582857 0.0179607843 0.003
    endloop
  endfacet
  facet normal -1 0 0
    outer loop
      vertex 0.0645582857 0.0194575163 0
      vertex 0.0645582857 0.0179607843 0.003
      vertex 0.0645582857 0.0194575163 0.003
    endloop
  endfacet
  facet normal 0 0 -1
    outer loop
      vertex 0.192881013 0.0179607843 0
      vertex 0.230937169 0.0194575163 0
      vertex 0.230937169 0.0179607843 0
    endloop
  endfacet
  facet normal 0 0 -1
    outer loop
      vertex 0.192881013 0.0179607843 0
      vertex 0.192881013 0.0194575163 0
      vertex 0.230937169 0.0194575163 0
    endloop
  endfacet
  facet normal 0 0 1
    outer loop
      vertex 0.192881013 0.0179607843 0.003
      vertex 0.230937169 0.0179607843 0.003
      vertex 0.230937169 0.0194575163 0.003
    endloop
  endfacet
  facet normal 0 0 1
    outer loop
      vertex 0.192881013 0.0179607843 0.003
      vertex 0.230937169 0.0194575163 0.003
      vertex 0.192881013 0.0194575163 0.003
    endloop
  endfacet
  facet normal 0 -1 0
    outer loop
      vertex 0.192881013 0.0179607843 0
      vertex 0.230937169 0.0179607843 0
      vertex 0.230937169 0.0179607843 0.003
    endloop
  endfacet
  facet normal 0 -1 0
    outer loop
      vertex 0.192881013 0.0179607843 0
      vertex 0.230937169 0.0179607843 0.003
      vertex 0.192881013 0.0179607843 0.003
    endloop
  endfacet
  facet normal 1 0 0
    outer loop
      vertex 0.230937169 0.0179607843 0
      vertex 0.230937169 0.0194575163 0
      vertex 0.230937169 0.0194575163 0.003
    endloop
  endfacet
  facet normal 1 0 0
    outer loop
      vertex 0.230937169 0.0179607843 0
      vertex 0.230937169 0.0194575163 0.003
      vertex 0.230937169 0.0179607843 0.003
    endloop
  endfacet
  facet normal 0 1 0
    outer loop
      vertex 0.230937169 0.0194575163 0
      vertex 0.192881013 0.0194575163 0
      vertex 0.192881013 0.0194575163 0.003
    endloop
  endfacet
  facet normal 0 1 -0
    outer loop
      vertex 0.230937169 0.0194575163 0
      vertex 0.192881013 0.0194575163 0.003
      vertex 0.230937169 0.0194575163 0.003
    endloop
  endfacet
  facet normal -1 0 0
    outer loop
      vertex 0.192881013 0.0194575163 0
      vertex 0.192881013 0.0179607843 0
      vertex 0.192881013 0.0179607843 0.003
    endloop
  endfacet
  facet normal -1 0 0
    outer loop
      vertex 0.192881013 0.0194575163 0
      vertex 0.192881013 0.0179607843 0.003
      vertex 0.192881013 0.0194575163 0.003
    endloop
  endfacet
  facet normal 0 0 -1
    outer loop
      vertex 0.239971922 0.0179607843 0
      vertex 0.259 0.0194575163 0
      vertex 0.259 0.0179607843 0
    endloop
  endfacet
  facet normal 0 0 -1
    outer loop
      vertex 0.239971922 0.0179607843 0
      vertex 0.239971922 0.0194575163 0
      vertex 0.259 0.0194575163 0
    endloop
  endfacet
  facet normal 0 0 1
    outer loop
      vertex 0.239971922 0.0179607843 0.003
      vertex 0.259 0.0179607843 0.003
      vertex 0.259 0.0194575163 0.003
    endloop
  endfacet
  facet normal 0 0 1
    outer loop
      vertex 0.239971922 0.0179607843 0.003
      vertex 0.259 0.0194575163 0.003
      vertex 0.239971922 0.0194575163 0.003
    endloop
  endfacet
  facet normal 0 -1 0
    outer loop
      vertex 0.239971922 0.0179607843 0
      vertex 0.259 0.0179607843 0
      vertex 0.259 0.0179607843 0.003
    endloop
  endfacet
  facet normal 0 -1 0
    outer loop
      vertex 0.239971922 0.0179607843 0
      vertex 0.259 0.0179607843 0.003
      vertex 0.239971922 0.0179607843 0.003
    endloop
  endfacet
  facet normal 1 0 0
    outer loop
      vertex 0.259 0.0179607843 0
      vertex 0.259 0.0194575163 0
      vertex 0.259 0.0194575163 0.003
    endloop
  endfacet
  facet normal 1 0 0
    outer loop
      vertex 0.259 0.0179607843 0
      vertex 0.259 0.0194575163 0.003
      vertex 0.259 0.0179607843 0.003
    endloop
  endfacet
  facet normal 0 1 0
    outer loop
      vertex 0.259 0.0194575163 0
      vertex 0.239971922 0.0194575163 0
      vertex 0.239971922 0.0194575163 0.003
    endloop
  endfacet
  facet normal 0 1 -0
    outer loop
      vertex 0.259 0.0194575163 0
      vertex 0.239971922 0.0194575163 0.003
      vertex 0.259 0.0194575163 0.003
    endloop
  endfacet
  facet normal -1 0 0
    outer loop
      vertex 0.239971922 0.0194575163 0
      vertex 0.239971922 0.0179607843 0
      vertex 0.239971922 0.0179607843 0.003
    endloop
  endfacet
  facet normal -1 0 0
    outer loop
      vertex 0.239971922 0.0194575163 0
      vertex 0.239971922 0.0179607843 0.003
      vertex 0.239971922 0.0194575163 0.003
    endloop
  endfacet
  facet normal 0 0 -1
    outer loop
      vertex 0 0.0194575163 0
      vertex 0.059546105 0.0209542484 0
      vertex 0.059546105 0.0194575163 0
    endloop
  endfacet
  facet normal 0 0 -1
    outer loop
      vertex 0 0.0194575163 0
      vertex 0 0.0209542484 0
      vertex 0.059546105 0.0209542484 0
    endloop
  endfacet
  facet normal 0 0 1
    outer loop
      vertex 0 0.0194575163 0.003
      vertex 0.059546105 0.0194575163 0.003
      vertex 0.059546105 0.0209542484 0.003
    endloop
  endfacet
  facet normal 0 0 1
    outer loop
      vertex 0 0.0194575163 0.003
      vertex 0.059546105 0.0209542484 0.003
      vertex 0 0.0209542484 0.003
    endloop
  endfacet
  facet normal 0 -1 0
    outer loop
      vertex 0 0.0194575163 0
      vertex 0.059546105 0.0194575163 0
      vertex 0.059546105 0.0194575163 0.003
    endloop
  endfacet
  facet normal 0 -1 0
    outer loop
      vertex 0 0.0194575163 0
      vertex 0.059546105 0.0194575163 0.003
      vertex 0 0.0194575163 0.003
    endloop
  endfacet
  facet normal 1 0 0
    outer loop
      vertex 0.059546105 0.0194575163 0
      vertex 0.059546105 0.0209542484 0
      vertex 0.059546105 0.0209542484 0.003
    endloop
  endfacet
  facet normal 1 0 0
    outer loop
      vertex 0.059546105 0.0194575163 0
      vertex 0.059546105 0.0209542484 0.003
      vertex 0.059546105 0.0194575163 0.003
    endloop
  endfacet
  facet normal 0 1 0
    outer loop
      vertex 0.059546105 0.0209542484 0
      vertex 0 0.0209542484 0
      vertex 0 0.0209542484 0.003
    endloop
  endfacet
  facet normal 0 1 -0
    outer loop
      vertex 0.059546105 0.0209542484 0
      vertex 0 0.0209542484 0.003
      vertex 0.059546105 0.0209542484 0.003
    endloop
  endfacet
  facet normal -1 0 0
    outer loop
      vertex 0 0.0209542484 0
      vertex 0 0.0194575163 0
      vertex 0 0.0194575163 0.003
    endloop
  endfacet
  facet normal -1 0 0
    outer loop
      vertex 0 0.0209542484 0
      vertex 0 0.0194575163 0.003
      vertex 0 0.0209542484 0.003
    endloop
  endfacet
  facet normal 0 0 -1
    outer loop
      vertex 0.0605357131 0.0194575163 0
      vertex 0.187868832 0.0209542484 0
      vertex 0.187868832 0.0194575163 0
    endloop
  endfacet
  facet normal 0 0 -1
    outer loop
      vertex 0.0605357131 0.0194575163 0
      vertex 0.0605357131 0.0209542484 0
      vertex 0.187868832 0.0209542484 0
    endloop
  endfacet
  facet normal 0 0 1
    outer loop
      vertex 0.0605357131 0.0194575163 0.003
      vertex 0.187868832 0.0194575163 0.003
      vertex 0.187868832 0.0209542484 0.003
    endloop
  endfacet
  facet normal 0 0 1
    outer loop
      vertex 0.0605357131 0.0194575163 0.003
      vertex 0.187868832 0.0209542484 0.003
      vertex 0.0605357131 0.0209542484 0.003
    endloop
  endfacet
  facet normal 0 -1 0
    outer loop
      vertex 0.0605357131 0.0194575163 0
      vertex 0.187868832 0.0194575163 0
      vertex 0.187868832 0.0194575163 0.003
    endloop
  endfacet
  facet normal 0 -1 0
    outer loop
      vertex 0.0605357131 0.0194575163 0
      vertex 0.187868832 0.0194575163 0.003
      vertex 0.0605357131 0.0194575163 0.003
    endloop
  endfacet
  facet normal 1 0 0
    outer loop
      vertex 0.187868832 0.0194575163 0
      vertex 0.187868832 0.0209542484 0
      vertex 0.187868832 0.0209542484 0.003
    endloop
  endfacet
  facet normal 1 0 0
    outer loop
      vertex 0.187868832 0.0194575163 0
      vertex 0.187868832 0.0209542484 0.003
      vertex 0.187868832 0.0194575163 0.003
    endloop
  endfacet
  facet normal 0 1 0
    outer loop
      vertex 0.187868832 0.0209542484 0
      vertex 0.0605357131 0.0209542484 0
      vertex 0.0605357131 0.0209542484 0.003
    endloop
  endfacet
  facet normal 0 1 -0
    outer loop
      vertex 0.187868832 0.0209542484 0
      vertex 0.0605357131 0.0209542484 0.003
      vertex 0.187868832 0.0209542484 0.003
    endloop
  endfacet
  facet normal -1 0 0
    outer loop
      vertex 0.0605357131 0.0209542484 0
      vertex 0.0605357131 0.0194575163 0
      vertex 0.0605357131 0.0194575163 0.003
    endloop
  endfacet
  facet normal -1 0 0
    outer loop
      vertex 0.0605357131 0.0209542484 0
      vertex 0.0605357131 0.0194575163 0.003
      vertex 0.0605357131 0.0209542484 0.003
    endloop
  endfacet
  facet normal 0 0 -1
    outer loop
      vertex 0.18885844 0.0194575163 0
      vertex 0.234959741 0.0209542484 0
      vertex 0.234959741 0.0194575163 0
    endloop
  endfacet
  facet normal 0 0 -1
    outer loop
      vertex 0.18885844 0.0194575163 0
      vertex 0.18885844 0.0209542484 0
      vertex 0.234959741 0.0209542484 0
    endloop
  endfacet
  facet normal 0 0 1
    outer loop
      vertex 0.18885844 0.0194575163 0.003
      vertex 0.234959741 0.0194575163 0.003
      vertex 0.234959741 0.0209542484 0.003
    endloop
  endfacet
  facet normal 0 0 1
    outer loop
      vertex 0.18885844 0.0194575163 0.003
      vertex 0.234959741 0.0209542484 0.003
      vertex 0.18885844 0.0209542484 0.003
    endloop
  endfacet
  facet normal 0 -1 0
    outer loop
      vertex 0.18885844 0.0194575163 0
      vertex 0.234959741 0.0194575163 0
      vertex 0.234959741 0.0194575163 0.003
    endloop
  endfacet
  facet normal 0 -1 0
    outer loop
      vertex 0.18885844 0.0194575163 0
      vertex 0.234959741 0.0194575163 0.003
      vertex 0.18885844 0.0194575163 0.003
    endloop
  endfacet
  facet normal 1 0 0
    outer loop
      vertex 0.234959741 0.0194575163 0
      vertex 0.234959741 0.0209542484 0
      vertex 0.234959741 0.0209542484 0.003
    endloop
  endfacet
  facet normal 1 0 0
    outer loop
      vertex 0.234959741 0.0194575163 0
      vertex 0.234959741 0.0209542484 0.003
      vertex 0.234959741 0.0194575163 0.003
    endloop
  endfacet
  facet normal 0 1 0
    outer loop
      vertex 0.234959741 0.0209542484 0
      vertex 0.18885844 0.0209542484 0
      vertex 0.18885844 0.0209542484 0.003
    endloop
  endfacet
  facet normal 0 1 -0
    outer loop
      vertex 0.234959741 0.0209542484 0
      vertex 0.18885844 0.0209542484 0.003
      vertex 0.234959741 0.0209542484 0.003
    endloop
  endfacet
  facet normal -1 0 0
    outer loop
      vertex 0.18885844 0.0209542484 0
      vertex 0.18885844 0.0194575163 0
      vertex 0.18885844 0.0194575163 0.003
    endloop
  endfacet
  facet normal -1 0 0
    outer loop
      vertex 0.18885844 0.0209542484 0
      vertex 0.18885844 0.0194575163 0.003
      vertex 0.18885844 0.0209542484 0.003
    endloop
  endfacet
  facet normal 0 0 -1
    outer loop
      vertex 0.23594935 0.0194575163 0
      vertex 0.259 0.0209542484 0
      vertex 0.259 0.0194575163 0
    endloop
  endfacet
  facet normal 0 0 -1
    outer loop
      vertex 0.23594935 0.0194575163 0
      vertex 0.23594935 0.0209542484 0
      vertex 0.259 0.0209542484 0
    endloop
  endfacet
  facet normal 0 0 1
    outer loop
      vertex 0.23594935 0.0194575163 0.003
      vertex 0.259 0.0194575163 0.003
      vertex 0.259 0.0209542484 0.003
    endloop
  endfacet
  facet normal 0 0 1
    outer loop
      vertex 0.23594935 0.0194575163 0.003
      vertex 0.259 0.0209542484 0.003
      vertex 0.23594935 0.0209542484 0.003
    endloop
  endfacet
  facet normal 0 -1 0
    outer loop
      vertex 0.23594935 0.0194575163 0
      vertex 0.259 0.0194575163 0
      vertex 0.259 0.0194575163 0.003
    endloop
  endfacet
  facet normal 0 -1 0
    outer loop
      vertex 0.23594935 0.0194575163 0
      vertex 0.259 0.0194575163 0.003
      vertex 0.23594935 0.0194575163 0.003
    endloop
  endfacet
  facet normal 1 0 0
    outer loop
      vertex 0.259 0.0194575163 0
      vertex 0.259 0.0209542484 0
      vertex 0.259 0.0209542484 0.003
    endloop
  endfacet
  facet normal 1 0 0
    outer loop
      vertex 0.259 0.0194575163 0
      vertex 0.259 0.0209542484 0.003
      vertex 0.259 0.0194575163 0.003
    endloop
  endfacet
  facet normal 0 1 0
    outer loop
      vertex 0.259 0.0209542484 0
      vertex 0.23594935 0.0209542484 0
      vertex 0.23594935 0.0209542484 0.003
    endloop
  endfacet
  facet normal 0 1 -0
    outer loop
      vertex 0.259 0.0209542484 0
      vertex 0.23594935 0.0209542484 0.003
      vertex 0.259 0.0209542484 0.003
    endloop
  endfacet
  facet normal -1 0 0
    outer loop
      vertex 0.23594935 0.0209542484 0
      vertex 0.23594935 0.0194575163 0
      vertex 0.23594935 0.0194575163 0.003
    endloop
  endfacet
  facet normal -1 0 0
    outer loop
      vertex 0.23594935 0.0209542484 0
      vertex 0.23594935 0.0194575163 0.003
      vertex 0.23594935 0.0209542484 0.003
    endloop
  endfacet
  facet normal 0 0 -1
    outer loop
      vertex 0 0.0209542484 0
      vertex 0.259 0.0224509804 0
      vertex 0.259 0.0209542484 0
    endloop
  endfacet
  facet normal 0 0 -1
    outer loop
      vertex 0 0.0209542484 0
      vertex 0 0.0224509804 0
      vertex 0.259 0.0224509804 0
    endloop
  endfacet
  facet normal 0 0 1
    outer loop
      vertex 0 0.0209542484 0.003
      vertex 0.259 0.0209542484 0.003
      vertex 0.259 0.0224509804 0.003
    endloop
  endfacet
  facet normal 0 0 1
    outer loop
      vertex 0 0.0209542484 0.003
      vertex 0.259 0.0224509804 0.003
      vertex 0 0.0224509804 0.003
    endloop
  endfacet
  facet normal 0 -1 0
    outer loop
      vertex 0 0.0209542484 0
      vertex 0.259 0.0209542484 0
      vertex 0.259 0.0209542484 0.003
    endloop
  endfacet
  facet normal 0 -1 0
    outer loop
      vertex 0 0.0209542484 0
      vertex 0.259 0.0209542484 0.003
      vertex 0 0.0209542484 0.003
    endloop
  endfacet
  facet normal 1 0 0
    outer loop
      vertex 0.259 0.0209542484 0
      vertex 0.259 0.0224509804 0
      vertex 0.259 0.0224509804 0.003
    endloop
  endfacet
  facet normal 1 0 0
    outer loop
      vertex 0.259 0.0209542484 0
      vertex 0.259 0.0224509804 0.003
      vertex 0.259 0.0209542484 0.003
    endloop
  endfacet
  facet normal 0 1 0
    outer loop
      vertex 0.259 0.0224509804 0
      vertex 0 0.0224509804 0
      vertex 0 0.0224509804 0.003
    endloop
  endfacet
  facet normal 0 1 -0
    outer loop
      vertex 0.259 0.0224509804 0
      vertex 0 0.0224509804 0.003
      vertex 0.259 0.0224509804 0.003
    endloop
  endfacet
  facet normal -1 0 0
    outer loop
      vertex 0 0.0224509804 0
      vertex 0 0.0209542484 0
      vertex 0 0.0209542484 0.003
    endloop
  endfacet
  facet normal -1 0 0
    outer loop
      vertex 0 0.0224509804 0
      vertex 0 0.0209542484 0.003
      vertex 0 0.0224509804 0.003
    endloop
  endfacet
  facet normal 0 0 -1
    outer loop
      vertex 0 0.0224509804 0
      vertex 0.259 0.0239477124 0
      vertex 0.259 0.0224509804 0
    endloop
  endfacet
  facet normal 0 0 -1
    outer loop
      vertex 0 0.0224509804 0
      vertex 0 0.0239477124 0
      vertex 0.259 0.0239477124 0
    endloop
  endfacet
  facet normal 0 0 1
    outer loop
      vertex 0 0.0224509804 0.003
      vertex 0.259 0.0224509804 0.003
      vertex 0.259 0.0239477124 0.003
    endloop
  endfacet
  facet normal 0 0 1
    outer loop
      vertex 0 0.0224509804 0.003
      vertex 0.259 0.0239477124 0.003
      vertex 0 0.0239477124 0.003
    endloop
  endfacet
  facet normal 0 -1 0
    outer loop
      vertex 0 0.0224509804 0
      vertex 0.259 0.0224509804 0
      vertex 0.259 0.0224509804 0.003
    endloop
  endfacet
  facet normal 0 -1 0
    outer loop
      vertex 0 0.0224509804 0
      vertex 0.259 0.0224509804 0.003
      vertex 0 0.0224509804 0.003
    endloop
  endfacet
  facet normal 1 0 0
    outer loop
      vertex 0.259 0.0224509804 0
      vertex 0.259 0.0239477124 0
      vertex 0.259 0.0239477124 0.003
    endloop
  endfacet
  facet normal 1 0 0
    outer loop
      vertex 0.259 0.0224509804 0
      vertex 0.259 0.0239477124 0.003
      vertex 0.259 0.0224509804 0.003
    endloop
  endfacet
  facet normal 0 1 0
    outer loop
      vertex 0.259 0.0239477124 0
      vertex 0 0.0239477124 0
      vertex 0 0.0239477124 0.003
    endloop
  endfacet
  facet normal 0 1 -0
    outer loop
      vertex 0.259 0.0239477124 0
      vertex 0 0.0239477124 0.003
      vertex 0.259 0.0239477124 0.003
    endloop
  endfacet
  facet normal -1 0 0
    outer loop
      vertex 0 0.0239477124 0
      vertex 0 0.0224509804 0
      vertex 0 0.0224509804 0.003
    endloop
  endfacet
  facet normal -1 0 0
    outer loop
      vertex 0 0.0239477124 0
      vertex 0 0.0224509804 0.003
      vertex 0 0.0239477124 0.003
    endloop
  endfacet
  facet normal 0 0 -1
    outer loop
      vertex 0 0.0239477124 0
      vertex 0.259 0.0254444444 0
      vertex 0.259 0.0239477124 0
    endloop
  endfacet
  facet normal 0 0 -1
    outer loop
      vertex 0 0.0239477124 0
      vertex 0 0.0254444444 0
      vertex 0.259 0.0254444444 0
    endloop
  endfacet
  facet normal 0 0 1
    outer loop
      vertex 0 0.0239477124 0.003
      vertex 0.259 0.0239477124 0.003
      vertex 0.259 0.0254444444 0.003
    endloop
  endfacet
  facet normal 0 0 1
    outer loop
      vertex 0 0.0239477124 0.003
      vertex 0.259 0.0254444444 0.003
      vertex 0 0.0254444444 0.003
    endloop
  endfacet
  facet normal 0 -1 0
    outer loop
      vertex 0 0.0239477124 0
      vertex 0.259 0.0239477124 0
      vertex 0.259 0.0239477124 0.003
    endloop
  endfacet
  facet normal 0 -1 0
    outer loop
      vertex 0 0.0239477124 0
      vertex 0.259 0.0239477124 0.003
      vertex 0 0.0239477124 0.003
    endloop
  endfacet
  facet normal 1 0 0
    outer loop
      vertex 0.259 0.0239477124 0
      vertex 0.259 0.0254444444 0
      vertex 0.259 0.0254444444 0.003
    endloop
  endfacet
  facet normal 1 0 0
    outer loop
      vertex 0.259 0.0239477124 0
      vertex 0.259 0.0254444444 0.003
      vertex 0.259 0.0239477124 0.003
    endloop
  endfacet
  facet normal 0 1 0
    outer loop
      vertex 0.259 0.0254444444 0
      vertex 0 0.0254444444 0
      vertex 0 0.0254444444 0.003
    endloop
  endfacet
  facet normal 0 1 -0
    outer loop
      vertex 0.259 0.0254444444 0
      vertex 0 0.0254444444 0.003
      vertex 0.259 0.0254444444 0.003
    endloop
  endfacet
  facet normal -1 0 0
    outer loop
      vertex 0 0.0254444444 0
      vertex 0 0.0239477124 0
      vertex 0 0.0239477124 0.003
    endloop
  endfacet
  facet normal -1 0 0
    outer loop
      vertex 0 0.0254444444 0
      vertex 0 0.0239477124 0.003
      vertex 0 0.0254444444 0.003
    endloop
  endfacet
  facet normal 0 0 -1
    outer loop
      vertex 0 0.0254444444 0
      vertex 0.259 0.0269411765 0
      vertex 0.259 0.0254444444 0
    endloop
  endfacet
  facet normal 0 0 -1
    outer loop
      vertex 0 0.0254444444 0
      vertex 0 0.0269411765 0
      vertex 0.259 0.0269411765 0
    endloop
  endfacet
  facet normal 0 0 1
    outer loop
      vertex 0 0.0254444444 0.003
      vertex 0.259 0.0254444444 0.003
      vertex 0.259 0.0269411765 0.003
    endloop
  endfacet
  facet normal 0 0 1
    outer loop
      vertex 0 0.0254444444 0.003
      vertex 0.259 0.0269411765 0.003
      vertex 0 0.0269411765 0.003
    endloop
  endfacet
  facet normal 0 -1 0
    outer loop
      vertex 0 0.0254444444 0
      vertex 0.259 0.0254444444 0
      vertex 0.259 0.0254444444 0.003
    endloop
  endfacet
  facet normal 0 -1 0
    outer loop
      vertex 0 0.0254444444 0
      vertex 0.259 0.0254444444 0.003
      vertex 0 0.0254444444 0.003
    endloop
  endfacet
  facet normal 1 0 0
    outer loop
      vertex 0.259 0.0254444444 0
      vertex 0.259 0.0269411765 0
      vertex 0.259 0.0269411765 0.003
    endloop
  endfacet
  facet normal 1 0 0
    outer loop
      vertex 0.259 0.0254444444 0
      vertex 0.259 0.0269411765 0.003
      vertex 0.259 0.0254444444 0.003
    endloop
  endfacet
  facet normal 0 1 0
    outer loop
      vertex 0.259 0.0269411765 0
      vertex 0 0.0269411765 0
      vertex 0 0.0269411765 0.003
    endloop
  endfacet
  facet normal 0 1 -0
    outer loop
      vertex 0.259 0.0269411765 0
      vertex 0 0.0269411765 0.003
      vertex 0.259 0.0269411765 0.003
    endloop
  endfacet
  facet normal -1 0 0
    outer loop
      vertex 0 0.0269411765 0
      vertex 0 0.0254444444 0
      vertex 0 0.0254444444 0.003
    endloop
  endfacet
  facet normal -1 0 0
    outer loop
      vertex 0 0.0269411765 0
      vertex 0 0.0254444444 0.003
      vertex 0 0.0269411765 0.003
    endloop
  endfacet
  facet normal 0 0 -1
    outer loop
      vertex 0 0.0269411765 0
      vertex 0.259 0.0284379085 0
      vertex 0.259 0.0269411765 0
    endloop
  endfacet
  facet normal 0 0 -1
    outer loop
      vertex 0 0.0269411765 0
      vertex 0 0.0284379085 0
      vertex 0.259 0.0284379085 0
    endloop
  endfacet
  facet normal 0 0 1
    outer loop
      vertex 0 0.0269411765 0.003
      vertex 0.259 0.0269411765 0.003
      vertex 0.259 0.0284379085 0.003
    endloop
  endfacet
  facet normal 0 0 1
    outer loop
      vertex 0 0.0269411765 0.003
      vertex 0.259 0.0284379085 0.003
      vertex 0 0.0284379085 0.003
    endloop
  endfacet
  facet normal 0 -1 0
    outer loop
      vertex 0 0.0269411765 0
      vertex 0.259 0.0269411765 0
      vertex 0.259 0.0269411765 0.003
    endloop
  endfacet
  facet normal 0 -1 0
    outer loop
      vertex 0 0.0269411765 0
      vertex 0.259 0.0269411765 0.003
      vertex 0 0.0269411765 0.003
    endloop
  endfacet
  facet normal 1 0 0
    outer loop
      vertex 0.259 0.0269411765 0
      vertex 0.259 0.0284379085 0
      vertex 0.259 0.0284379085 0.003
    endloop
  endfacet
  facet normal 1 0 0
    outer loop
      vertex 0.259 0.0269411765 0
      vertex 0.259 0.0284379085 0.003
      vertex 0.259 0.0269411765 0.003
    endloop
  endfacet
  facet normal 0 1 0
    outer loop
      vertex 0.259 0.0284379085 0
      vertex 0 0.0284379085 0
      vertex 0 0.0284379085 0.003
    endloop
  endfacet
  facet normal 0 1 -0
    outer loop
      vertex 0.259 0.0284379085 0
      vertex 0 0.0284379085 0.003
      vertex 0.259 0.0284379085 0.003
    endloop
  endfacet
  facet normal -1 0 0
    outer loop
      vertex 0 0.0284379085 0
      vertex 0 0.0269411765 0
      vertex 0 0.0269411765 0.003
    endloop
  endfacet
  facet normal -1 0 0
    outer loop
      vertex 0 0.0284379085 0
      vertex 0 0.0269411765 0.003
      vertex 0 0.0284379085 0.003
    endloop
  endfacet
  facet normal 0 0 -1
    outer loop
      vertex 0 0.0284379085 0
      vertex 0.259 0.0299346405 0
      vertex 0.259 0.0284379085 0
    endloop
  endfacet
  facet normal 0 0 -1
    outer loop
      vertex 0 0.0284379085 0
      vertex 0 0.0299346405 0
      vertex 0.259 0.0299346405 0
    endloop
  endfacet
  facet normal 0 0 1
    outer loop
      vertex 0 0.0284379085 0.003
      vertex 0.259 0.0284379085 0.003
      vertex 0.259 0.0299346405 0.003
    endloop
  endfacet
  facet normal 0 0 1
    outer loop
      vertex 0 0.0284379085 0.003
      vertex 0.259 0.0299346405 0.003
      vertex 0 0.0299346405 0.003
    endloop
  endfacet
  facet normal 0 -1 0
    outer loop
      vertex 0 0.0284379085 0
      vertex 0.259 0.0284379085 0
      vertex 0.259 0.0284379085 0.003
    endloop
  endfacet
  facet normal 0 -1 0
    outer loop
      vertex 0 0.0284379085 0
      vertex 0.259 0.0284379085 0.003
      vertex 0 0.0284379085 0.003
    endloop
  endfacet
  facet normal 1 0 0
    outer loop
      vertex 0.259 0.0284379085 0
      vertex 0.259 0.0299346405 0
      vertex 0.259 0.0299346405 0.003
    endloop
  endfacet
  facet normal 1 0 0
    outer loop
      vertex 0.259 0.0284379085 0
      vertex 0.259 0.0299346405 0.003
      vertex 0.259 0.0284379085 0.003
    endloop
  endfacet
  facet normal 0 1 0
    outer loop
      vertex 0.259 0.0299346405 0
      vertex 0 0.0299346405 0
      vertex 0 0.0299346405 0.003
    endloop
  endfacet
  facet normal 0 1 -0
    outer loop
      vertex 0.259 0.0299346405 0
      vertex 0 0.0299346405 0.003
      vertex 0.259 0.0299346405 0.003
    endloop
  endfacet
  facet normal -1 0 0
    outer loop
      vertex 0 0.0299346405 0
      vertex 0 0.0284379085 0
      vertex 0 0.0284379085 0.003
    endloop
  endfacet
  facet normal -1 0 0
    outer loop
      vertex 0 0.0299346405 0
      vertex 0 0.0284379085 0.003
      vertex 0 0.0299346405 0.003
    endloop
  endfacet
  facet normal 0 0 -1
    outer loop
      vertex 0 0.0299346405 0
      vertex 0.174918832 0.0314313725 0
      vertex 0.174918832 0.0299346405 0
    endloop
  endfacet
  facet normal 0 0 -1
    outer loop
      vertex 0 0.0299346405 0
      vertex 0 0.0314313725 0
      vertex 0.174918832 0.0314313725 0
    endloop
  endfacet
  facet normal 0 0 1
    outer loop
      vertex 0 0.0299346405 0.003
      vertex 0.174918832 0.0299346405 0.003
      vertex 0.174918832 0.0314313725 0.003
    endloop
  endfacet
  facet normal 0 0 1
    outer loop
      vertex 0 0.0299346405 0.003
      vertex 0.174918832 0.0314313725 0.003
      vertex 0 0.0314313725 0.003
    endloop
  endfacet
  facet normal 0 -1 0
    outer loop
      vertex 0 0.0299346405 0
      vertex 0.174918832 0.0299346405 0
      vertex 0.174918832 0.0299346405 0.003
    endloop
  endfacet
  facet normal 0 -1 0
    outer loop
      vertex 0 0.0299346405 0
      vertex 0.174918832 0.0299346405 0.003
      vertex 0 0.0299346405 0.003
    endloop
  endfacet
  facet normal 1 0 0
    outer loop
      vertex 0.174918832 0.0299346405 0
      vertex 0.174918832 0.0314313725 0
      vertex 0.174918832 0.0314313725 0.003
    endloop
  endfacet
  facet normal 1 0 0
    outer loop
      vertex 0.174918832 0.0299346405 0
      vertex 0.174918832 0.0314313725 0.003
      vertex 0.174918832 0.0299346405 0.003
    endloop
  endfacet
  facet normal 0 1 0
    outer loop
      vertex 0.174918832 0.0314313725 0
      vertex 0 0.0314313725 0
      vertex 0 0.0314313725 0.003
    endloop
  endfacet
  facet normal 0 1 -0
    outer loop
      vertex 0.174918832 0.0314313725 0
      vertex 0 0.0314313725 0.003
      vertex 0.174918832 0.0314313725 0.003
    endloop
  endfacet
  facet normal -1 0 0
    outer loop
      vertex 0 0.0314313725 0
      vertex 0 0.0299346405 0
      vertex 0 0.0299346405 0.003
    endloop
  endfacet
  facet normal -1 0 0
    outer loop
      vertex 0 0.0314313725 0
      vertex 0 0.0299346405 0.003
      vertex 0 0.0314313725 0.003
    endloop
  endfacet
  facet normal 0 0 -1
    outer loop
      vertex 0.17590844 0.0299346405 0
      vertex 0.259 0.0314313725 0
      vertex 0.259 0.0299346405 0
    endloop
  endfacet
  facet normal 0 0 -1
    outer loop
      vertex 0.17590844 0.0299346405 0
      vertex 0.17590844 0.0314313725 0
      vertex 0.259 0.0314313725 0
    endloop
  endfacet
  facet normal 0 0 1
    outer loop
      vertex 0.17590844 0.0299346405 0.003
      vertex 0.259 0.0299346405 0.003
      vertex 0.259 0.0314313725 0.003
    endloop
  endfacet
  facet normal 0 0 1
    outer loop
      vertex 0.17590844 0.0299346405 0.003
      vertex 0.259 0.0314313725 0.003
      vertex 0.17590844 0.0314313725 0.003
    endloop
  endfacet
  facet normal 0 -1 0
    outer loop
      vertex 0.17590844 0.0299346405 0
      vertex 0.259 0.0299346405 0
      vertex 0.259 0.0299346405 0.003
    endloop
  endfacet
  facet normal 0 -1 0
    outer loop
      vertex 0.17590844 0.0299346405 0
      vertex 0.259 0.0299346405 0.003
      vertex 0.17590844 0.0299346405 0.003
    endloop
  endfacet
  facet normal 1 0 0
    outer loop
      vertex 0.259 0.0299346405 0
      vertex 0.259 0.0314313725 0
      vertex 0.259 0.0314313725 0.003
    endloop
  endfacet
  facet normal 1 0 0
    outer loop
      vertex 0.259 0.0299346405 0
      vertex 0.259 0.0314313725 0.003
      vertex 0.259 0.0299346405 0.003
    endloop
  endfacet
  facet normal 0 1 0
    outer loop
      vertex 0.259 0.0314313725 0
      vertex 0.17590844 0.0314313725 0
      vertex 0.17590844 0.0314313725 0.003
    endloop
  endfacet
  facet normal 0 1 -0
    outer loop
      vertex 0.259 0.0314313725 0
      vertex 0.17590844 0.0314313725 0.003
      vertex 0.259 0.0314313725 0.003
    endloop
  endfacet
  facet normal -1 0 0
    outer loop
      vertex 0.17590844 0.0314313725 0
      vertex 0.17590844 0.0299346405 0
      vertex 0.17590844 0.0299346405 0.003
    endloop
  endfacet
  facet normal -1 0 0
    outer loop
      vertex 0.17590844 0.0314313725 0
      vertex 0.17590844 0.0299346405 0.003
      vertex 0.17590844 0.0314313725 0.003
    endloop
  endfacet
  facet normal 0 0 -1
    outer loop
      vertex 0 0.0314313725 0
      vertex 0.17089626 0.0329281046 0
      vertex 0.17089626 0.0314313725 0
    endloop
  endfacet
  facet normal 0 0 -1
    outer loop
      vertex 0 0.0314313725 0
      vertex 0 0.0329281046 0
      vertex 0.17089626 0.0329281046 0
    endloop
  endfacet
  facet normal 0 0 1
    outer loop
      vertex 0 0.0314313725 0.003
      vertex 0.17089626 0.0314313725 0.003
      vertex 0.17089626 0.0329281046 0.003
    endloop
  endfacet
  facet normal 0 0 1
    outer loop
      vertex 0 0.0314313725 0.003
      vertex 0.17089626 0.0329281046 0.003
      vertex 0 0.0329281046 0.003
    endloop
  endfacet
  facet normal 0 -1 0
    outer loop
      vertex 0 0.0314313725 0
      vertex 0.17089626 0.0314313725 0
      vertex 0.17089626 0.0314313725 0.003
    endloop
  endfacet
  facet normal 0 -1 0
    outer loop
      vertex 0 0.0314313725 0
      vertex 0.17089626 0.0314313725 0.003
      vertex 0 0.0314313725 0.003
    endloop
  endfacet
  facet normal 1 0 0
    outer loop
      vertex 0.17089626 0.0314313725 0
      vertex 0.17089626 0.0329281046 0
      vertex 0.17089626 0.0329281046 0.003
    endloop
  endfacet
  facet normal 1 0 0
    outer loop
      vertex 0.17089626 0.0314313725 0
      vertex 0.17089626 0.0329281046 0.003
      vertex 0.17089626 0.0314313725 0.003
    endloop
  endfacet
  facet normal 0 1 0
    outer loop
      vertex 0.17089626 0.0329281046 0
      vertex 0 0.0329281046 0
      vertex 0 0.0329281046 0.003
    endloop
  endfacet
  facet normal 0 1 -0
    outer loop
      vertex 0.17089626 0.0329281046 0
      vertex 0 0.0329281046 0.003
      vertex 0.17089626 0.0329281046 0.003
    endloop
  endfacet
  facet normal -1 0 0
    outer loop
      vertex 0 0.0329281046 0
      vertex 0 0.0314313725 0
      vertex 0 0.0314313725 0.003
    endloop
  endfacet
  facet normal -1 0 0
    outer loop
      vertex 0 0.0329281046 0
      vertex 0 0.0314313725 0.003
      vertex 0 0.0329281046 0.003
    endloop
  endfacet
  facet normal 0 0 -1
    outer loop
      vertex 0.179931013 0.0314313725 0
      vertex 0.198250963 0.0329281046 0
      vertex 0.198250963 0.0314313725 0
    endloop
  endfacet
  facet normal 0 0 -1
    outer loop
      vertex 0.179931013 0.0314313725 0
      vertex 0.179931013 0.0329281046 0
      vertex 0.198250963 0.0329281046 0
    endloop
  endfacet
  facet normal 0 0 1
    outer loop
      vertex 0.179931013 0.0314313725 0.003
      vertex 0.198250963 0.0314313725 0.003
      vertex 0.198250963 0.0329281046 0.003
    endloop
  endfacet
  facet normal 0 0 1
    outer loop
      vertex 0.179931013 0.0314313725 0.003
      vertex 0.198250963 0.0329281046 0.003
      vertex 0.179931013 0.0329281046 0.003
    endloop
  endfacet
  facet normal 0 -1 0
    outer loop
      vertex 0.179931013 0.0314313725 0
      vertex 0.198250963 0.0314313725 0
      vertex 0.198250963 0.0314313725 0.003
    endloop
  endfacet
  facet normal 0 -1 0
    outer loop
      vertex 0.179931013 0.0314313725 0
      vertex 0.198250963 0.0314313725 0.003
      vertex 0.179931013 0.0314313725 0.003
    endloop
  endfacet
  facet normal 1 0 0
    outer loop
      vertex 0.198250963 0.0314313725 0
      vertex 0.198250963 0.0329281046 0
      vertex 0.198250963 0.0329281046 0.003
    endloop
  endfacet
  facet normal 1 0 0
    outer loop
      vertex 0.198250963 0.0314313725 0
      vertex 0.198250963 0.0329281046 0.003
      vertex 0.198250963 0.0314313725 0.003
    endloop
  endfacet
  facet normal 0 1 0
    outer loop
      vertex 0.198250963 0.0329281046 0
      vertex 0.179931013 0.0329281046 0
      vertex 0.179931013 0.0329281046 0.003
    endloop
  endfacet
  facet normal 0 1 -0
    outer loop
      vertex 0.198250963 0.0329281046 0
      vertex 0.179931013 0.0329281046 0.003
      vertex 0.198250963 0.0329281046 0.003
    endloop
  endfacet
  facet normal -1 0 0
    outer loop
      vertex 0.179931013 0.0329281046 0
      vertex 0.179931013 0.0314313725 0
      vertex 0.179931013 0.0314313725 0.003
    endloop
  endfacet
  facet normal -1 0 0
    outer loop
      vertex 0.179931013 0.0329281046 0
      vertex 0.179931013 0.0314313725 0.003
      vertex 0.179931013 0.0329281046 0.003
    endloop
  endfacet
  facet normal 0 0 -1
    outer loop
      vertex 0.202021765 0.0314313725 0
      vertex 0.245341872 0.0329281046 0
      vertex 0.245341872 0.0314313725 0
    endloop
  endfacet
  facet normal 0 0 -1
    outer loop
      vertex 0.202021765 0.0314313725 0
      vertex 0.202021765 0.0329281046 0
      vertex 0.245341872 0.0329281046 0
    endloop
  endfacet
  facet normal 0 0 1
    outer loop
      vertex 0.202021765 0.0314313725 0.003
      vertex 0.245341872 0.0314313725 0.003
      vertex 0.245341872 0.0329281046 0.003
    endloop
  endfacet
  facet normal 0 0 1
    outer loop
      vertex 0.202021765 0.0314313725 0.003
      vertex 0.245341872 0.0329281046 0.003
      vertex 0.202021765 0.0329281046 0.003
    endloop
  endfacet
  facet normal 0 -1 0
    outer loop
      vertex 0.202021765 0.0314313725 0
      vertex 0.245341872 0.0314313725 0
      vertex 0.245341872 0.0314313725 0.003
    endloop
  endfacet
  facet normal 0 -1 0
    outer loop
      vertex 0.202021765 0.0314313725 0
      vertex 0.245341872 0.0314313725 0.003
      vertex 0.202021765 0.0314313725 0.003
    endloop
  endfacet
  facet normal 1 0 0
    outer loop
      vertex 0.245341872 0.0314313725 0
      vertex 0.245341872 0.0329281046 0
      vertex 0.245341872 0.0329281046 0.003
    endloop
  endfacet
  facet normal 1 0 0
    outer loop
      vertex 0.245341872 0.0314313725 0
      vertex 0.245341872 0.0329281046 0.003
      vertex 0.245341872 0.0314313725 0.003
    endloop
  endfacet
  facet normal 0 1 0
    outer loop
      vertex 0.245341872 0.0329281046 0
      vertex 0.202021765 0.0329281046 0
      vertex 0.202021765 0.0329281046 0.003
    endloop
  endfacet
  facet normal 0 1 -0
    outer loop
      vertex 0.245341872 0.0329281046 0
      vertex 0.202021765 0.0329281046 0.003
      vertex 0.245341872 0.0329281046 0.003
    endloop
  endfacet
  facet normal -1 0 0
    outer loop
      vertex 0.202021765 0.0329281046 0
      vertex 0.202021765 0.0314313725 0
      vertex 0.202021765 0.0314313725 0.003
    endloop
  endfacet
  facet normal -1 0 0
    outer loop
      vertex 0.202021765 0.0329281046 0
      vertex 0.202021765 0.0314313725 0.003
      vertex 0.202021765 0.0329281046 0.003
    endloop
  endfacet
  facet normal 0 0 -1
    outer loop
      vertex 0.249112674 0.0314313725 0
      vertex 0.259 0.0329281046 0
      vertex 0.259 0.0314313725 0
    endloop
  endfacet
  facet normal 0 0 -1
    outer loop
      vertex 0.249112674 0.0314313725 0
      vertex 0.249112674 0.0329281046 0
      vertex 0.259 0.0329281046 0
    endloop
  endfacet
  facet normal 0 0 1
    outer loop
      vertex 0.249112674 0.0314313725 0.003
      vertex 0.259 0.0314313725 0.003
      vertex 0.259 0.0329281046 0.003
    endloop
  endfacet
  facet normal 0 0 1
    outer loop
      vertex 0.249112674 0.0314313725 0.003
      vertex 0.259 0.0329281046 0.003
      vertex 0.249112674 0.0329281046 0.003
    endloop
  endfacet
  facet normal 0 -1 0
    outer loop
      vertex 0.249112674 0.0314313725 0
      vertex 0.259 0.0314313725 0
      vertex 0.259 0.0314313725 0.003
    endloop
  endfacet
  facet normal 0 -1 0
    outer loop
      vertex 0.249112674 0.0314313725 0
      vertex 0.259 0.0314313725 0.003
      vertex 0.249112674 0.0314313725 0.003
    endloop
  endfacet
  facet normal 1 0 0
    outer loop
      vertex 0.259 0.0314313725 0
      vertex 0.259 0.0329281046 0
      vertex 0.259 0.0329281046 0.003
    endloop
  endfacet
  facet normal 1 0 0
    outer loop
      vertex 0.259 0.0314313725 0
      vertex 0.259 0.0329281046 0.003
      vertex 0.259 0.0314313725 0.003
    endloop
  endfacet
  facet normal 0 1 0
    outer loop
      vertex 0.259 0.0329281046 0
      vertex 0.249112674 0.0329281046 0
      vertex 0.249112674 0.0329281046 0.003
    endloop
  endfacet
  facet normal 0 1 -0
    outer loop
      vertex 0.259 0.0329281046 0
      vertex 0.249112674 0.0329281046 0.003
      vertex 0.259 0.0329281046 0.003
    endloop
  endfacet
  facet normal -1 0 0
    outer loop
      vertex 0.249112674 0.0329281046 0
      vertex 0.249112674 0.0314313725 0
      vertex 0.249112674 0.0314313725 0.003
    endloop
  endfacet
  facet normal -1 0 0
    outer loop
      vertex 0.249112674 0.0329281046 0
      vertex 0.249112674 0.0314313725 0.003
      vertex 0.249112674 0.0329281046 0.003
    endloop
  endfacet
  facet normal 0 0 -1
    outer loop
      vertex 0 0.0329281046 0
      vertex 0.169406296 0.0344248366 0
      vertex 0.169406296 0.0329281046 0
    endloop
  endfacet
  facet normal 0 0 -1
    outer loop
      vertex 0 0.0329281046 0
      vertex 0 0.0344248366 0
      vertex 0.169406296 0.0344248366 0
    endloop
  endfacet
  facet normal 0 0 1
    outer loop
      vertex 0 0.0329281046 0.003
      vertex 0.169406296 0.0329281046 0.003
      vertex 0.169406296 0.0344248366 0.003
    endloop
  endfacet
  facet normal 0 0 1
    outer loop
      vertex 0 0.0329281046 0.003
      vertex 0.169406296 0.0344248366 0.003
      vertex 0 0.0344248366 0.003
    endloop
  endfacet
  facet normal 0 -1 0
    outer loop
      vertex 0 0.0329281046 0
      vertex 0.169406296 0.0329281046 0
      vertex 0.169406296 0.0329281046 0.003
    endloop
  endfacet
  facet normal 0 -1 0
    outer loop
      vertex 0 0.0329281046 0
      vertex 0.169406296 0.0329281046 0.003
      vertex 0 0.0329281046 0.003
    endloop
  endfacet
  facet normal 1 0 0
    outer loop
      vertex 0.169406296 0.0329281046 0
      vertex 0.169406296 0.0344248366 0
      vertex 0.169406296 0.0344248366 0.003
    endloop
  endfacet
  facet normal 1 0 0
    outer loop
      vertex 0.169406296 0.0329281046 0
      vertex 0.169406296 0.0344248366 0.003
      vertex 0.169406296 0.0329281046 0.003
    endloop
  endfacet
  facet normal 0 1 0
    outer loop
      vertex 0.169406296 0.0344248366 0
      vertex 0 0.0344248366 0
      vertex 0 0.0344248366 0.003
    endloop
  endfacet
  facet normal 0 1 -0
    outer loop
      vertex 0.169406296 0.0344248366 0
      vertex 0 0.0344248366 0.003
      vertex 0.169406296 0.0344248366 0.003
    endloop
  endfacet
  facet normal -1 0 0
    outer loop
      vertex 0 0.0344248366 0
      vertex 0 0.0329281046 0
      vertex 0 0.0329281046 0.003
    endloop
  endfacet
  facet normal -1 0 0
    outer loop
      vertex 0 0.0344248366 0
      vertex 0 0.0329281046 0.003
      vertex 0 0.0344248366 0.003
    endloop
  endfacet
  facet normal 0 0 -1
    outer loop
      vertex 0.181420977 0.0329281046 0
      vertex 0.195335891 0.0344248366 0
      vertex 0.195335891 0.0329281046 0
    endloop
  endfacet
  facet normal 0 0 -1
    outer loop
      vertex 0.181420977 0.0329281046 0
      vertex 0.181420977 0.0344248366 0
      vertex 0.195335891 0.0344248366 0
    endloop
  endfacet
  facet normal 0 0 1
    outer loop
      vertex 0.181420977 0.0329281046 0.003
      vertex 0.195335891 0.0329281046 0.003
      vertex 0.195335891 0.0344248366 0.003
    endloop
  endfacet
  facet normal 0 0 1
    outer loop
      vertex 0.181420977 0.0329281046 0.003
      vertex 0.195335891 0.0344248366 0.003
      vertex 0.181420977 0.0344248366 0.003
    endloop
  endfacet
  facet normal 0 -1 0
    outer loop
      vertex 0.181420977 0.0329281046 0
      vertex 0.195335891 0.0329281046 0
      vertex 0.195335891 0.0329281046 0.003
    endloop
  endfacet
  facet normal 0 -1 0
    outer loop
      vertex 0.181420977 0.0329281046 0
      vertex 0.195335891 0.0329281046 0.003
      vertex 0.181420977 0.0329281046 0.003
    endloop
  endfacet
  facet normal 1 0 0
    outer loop
      vertex 0.195335891 0.0329281046 0
      vertex 0.195335891 0.0344248366 0
      vertex 0.195335891 0.0344248366 0.003
    endloop
  endfacet
  facet normal 1 0 0
    outer loop
      vertex 0.195335891 0.0329281046 0
      vertex 0.195335891 0.0344248366 0.003
      vertex 0.195335891 0.0329281046 0.003
    endloop
  endfacet
  facet normal 0 1 0
    outer loop
      vertex 0.195335891 0.0344248366 0
      vertex 0.181420977 0.0344248366 0
      vertex 0.181420977 0.0344248366 0.003
    endloop
  endfacet
  facet normal 0 1 -0
    outer loop
      vertex 0.195335891 0.0344248366 0
      vertex 0.181420977 0.0344248366 0.003
      vertex 0.195335891 0.0344248366 0.003
    endloop
  endfacet
  facet normal -1 0 0
    outer loop
      vertex 0.181420977 0.0344248366 0
      vertex 0.181420977 0.0329281046 0
      vertex 0.181420977 0.0329281046 0.003
    endloop
  endfacet
  facet normal -1 0 0
    outer loop
      vertex 0.181420977 0.0344248366 0
      vertex 0.181420977 0.0329281046 0.003
      vertex 0.181420977 0.0344248366 0.003
    endloop
  endfacet
  facet normal 0 0 -1
    outer loop
      vertex 0.204936836 0.0329281046 0
      vertex 0.2424268 0.0344248366 0
      vertex 0.2424268 0.0329281046 0
    endloop
  endfacet
  facet normal 0 0 -1
    outer loop
      vertex 0.204936836 0.0329281046 0
      vertex 0.204936836 0.0344248366 0
      vertex 0.2424268 0.0344248366 0
    endloop
  endfacet
  facet normal 0 0 1
    outer loop
      vertex 0.204936836 0.0329281046 0.003
      vertex 0.2424268 0.0329281046 0.003
      vertex 0.2424268 0.0344248366 0.003
    endloop
  endfacet
  facet normal 0 0 1
    outer loop
      vertex 0.204936836 0.0329281046 0.003
      vertex 0.2424268 0.0344248366 0.003
      vertex 0.204936836 0.0344248366 0.003
    endloop
  endfacet
  facet normal 0 -1 0
    outer loop
      vertex 0.204936836 0.0329281046 0
      vertex 0.2424268 0.0329281046 0
      vertex 0.2424268 0.0329281046 0.003
    endloop
  endfacet
  facet normal 0 -1 0
    outer loop
      vertex 0.204936836 0.0329281046 0
      vertex 0.2424268 0.0329281046 0.003
      vertex 0.204936836 0.0329281046 0.003
    endloop
  endfacet
  facet normal 1 0 0
    outer loop
      vertex 0.2424268 0.0329281046 0
      vertex 0.2424268 0.0344248366 0
      vertex 0.2424268 0.0344248366 0.003
    endloop
  endfacet
  facet normal 1 0 0
    outer loop
      vertex 0.2424268 0.0329281046 0
      vertex 0.2424268 0.0344248366 0.003
      vertex 0.2424268 0.0329281046 0.003
    endloop
  endfacet
  facet normal 0 1 0
    outer loop
      vertex 0.2424268 0.0344248366 0
      vertex 0.204936836 0.0344248366 0
      vertex 0.204936836 0.0344248366 0.003
    endloop
  endfacet
  facet normal 0 1 -0
    outer loop
      vertex 0.2424268 0.0344248366 0
      vertex 0.204936836 0.0344248366 0.003
      vertex 0.2424268 0.0344248366 0.003
    endloop
  endfacet
  facet normal -1 0 0
    outer loop
      vertex 0.204936836 0.0344248366 0
      vertex 0.204936836 0.0329281046 0
      vertex 0.204936836 0.0329281046 0.003
    endloop
  endfacet
  facet normal -1 0 0
    outer loop
      vertex 0.204936836 0.0344248366 0
      vertex 0.204936836 0.0329281046 0.003
      vertex 0.204936836 0.0344248366 0.003
    endloop
  endfacet
  facet normal 0 0 -1
    outer loop
      vertex 0.252027745 0.0329281046 0
      vertex 0.259 0.0344248366 0
      vertex 0.259 0.0329281046 0
    endloop
  endfacet
  facet normal 0 0 -1
    outer loop
      vertex 0.252027745 0.0329281046 0
      vertex 0.252027745 0.0344248366 0
      vertex 0.259 0.0344248366 0
    endloop
  endfacet
  facet normal 0 0 1
    outer loop
      vertex 0.252027745 0.0329281046 0.003
      vertex 0.259 0.0329281046 0.003
      vertex 0.259 0.0344248366 0.003
    endloop
  endfacet
  facet normal 0 0 1
    outer loop
      vertex 0.252027745 0.0329281046 0.003
      vertex 0.259 0.0344248366 0.003
      vertex 0.252027745 0.0344248366 0.003
    endloop
  endfacet
  facet normal 0 -1 0
    outer loop
      vertex 0.252027745 0.0329281046 0
      vertex 0.259 0.0329281046 0
      vertex 0.259 0.0329281046 0.003
    endloop
  endfacet
  facet normal 0 -1 0
    outer loop
      vertex 0.252027745 0.0329281046 0
      vertex 0.259 0.0329281046 0.003
      vertex 0.252027745 0.0329281046 0.003
    endloop
  endfacet
  facet normal 1 0 0
    outer loop
      vertex 0.259 0.0329281046 0
      vertex 0.259 0.0344248366 0
      vertex 0.259 0.0344248366 0.003
    endloop
  endfacet
  facet normal 1 0 0
    outer loop
      vertex 0.259 0.0329281046 0
      vertex 0.259 0.0344248366 0.003
      vertex 0.259 0.0329281046 0.003
    endloop
  endfacet
  facet normal 0 1 0
    outer loop
      vertex 0.259 0.0344248366 0
      vertex 0.252027745 0.0344248366 0
      vertex 0.252027745 0.0344248366 0.003
    endloop
  endfacet
  facet normal 0 1 -0
    outer loop
      vertex 0.259 0.0344248366 0
      vertex 0.252027745 0.0344248366 0.003
      vertex 0.259 0.0344248366 0.003
    endloop
  endfacet
  facet normal -1 0 0
    outer loop
      vertex 0.252027745 0.0344248366 0
      vertex 0.252027745 0.0329281046 0
      vertex 0.252027745 0.0329281046 0.003
    endloop
  endfacet
  facet normal -1 0 0
    outer loop
      vertex 0.252027745 0.0344248366 0
      vertex 0.252027745 0.0329281046 0.003
      vertex 0.252027745 0.0344248366 0.003
    endloop
  endfacet
  facet normal 0 0 -1
    outer loop
      vertex 0 0.0344248366 0
      vertex 0.168536924 0.0359215686 0
      vertex 0.168536924 0.0344248366 0
    endloop
  endfacet
  facet normal 0 0 -1
    outer loop
      vertex 0 0.0344248366 0
      vertex 0 0.0359215686 0
      vertex 0.168536924 0.0359215686 0
    endloop
  endfacet
  facet normal 0 0 1
    outer loop
      vertex 0 0.0344248366 0.003
      vertex 0.168536924 0.0344248366 0.003
      vertex 0.168536924 0.0359215686 0.003
    endloop
  endfacet
  facet normal 0 0 1
    outer loop
      vertex 0 0.0344248366 0.003
      vertex 0.168536924 0.0359215686 0.003
      vertex 0 0.0359215686 0.003
    endloop
  endfacet
  facet normal 0 -1 0
    outer loop
      vertex 0 0.0344248366 0
      vertex 0.168536924 0.0344248366 0
      vertex 0.168536924 0.0344248366 0.003
    endloop
  endfacet
  facet normal 0 -1 0
    outer loop
      vertex 0 0.0344248366 0
      vertex 0.168536924 0.0344248366 0.003
      vertex 0 0.0344248366 0.003
    endloop
  endfacet
  facet normal 1 0 0
    outer loop
      vertex 0.168536924 0.0344248366 0
      vertex 0.168536924 0.0359215686 0
      vertex 0.168536924 0.0359215686 0.003
    endloop
  endfacet
  facet normal 1 0 0
    outer loop
      vertex 0.168536924 0.0344248366 0
      vertex 0.168536924 0.0359215686 0.003
      vertex 0.168536924 0.0344248366 0.003
    endloop
  endfacet
  facet normal 0 1 0
    outer loop
      vertex 0.168536924 0.0359215686 0
      vertex 0 0.0359215686 0
      vertex 0 0.0359215686 0.003
    endloop
  endfacet
  facet normal 0 1 -0
    outer loop
      vertex 0.168536924 0.0359215686 0
      vertex 0 0.0359215686 0.003
      vertex 0.168536924 0.0359215686 0.003
    endloop
  endfacet
  facet normal -1 0 0
    outer loop
      vertex 0 0.0359215686 0
      vertex 0 0.0344248366 0
      vertex 0 0.0344248366 0.003
    endloop
  endfacet
  facet normal -1 0 0
    outer loop
      vertex 0 0.0359215686 0
      vertex 0 0.0344248366 0.003
      vertex 0 0.0359215686 0.003
    endloop
  endfacet
  facet normal 0 0 -1
    outer loop
      vertex 0.182290349 0.0344248366 0
      vertex 0.193967578 0.0359215686 0
      vertex 0.193967578 0.0344248366 0
    endloop
  endfacet
  facet normal 0 0 -1
    outer loop
      vertex 0.182290349 0.0344248366 0
      vertex 0.182290349 0.0359215686 0
      vertex 0.193967578 0.0359215686 0
    endloop
  endfacet
  facet normal 0 0 1
    outer loop
      vertex 0.182290349 0.0344248366 0.003
      vertex 0.193967578 0.0344248366 0.003
      vertex 0.193967578 0.0359215686 0.003
    endloop
  endfacet
  facet normal 0 0 1
    outer loop
      vertex 0.182290349 0.0344248366 0.003
      vertex 0.193967578 0.0359215686 0.003
      vertex 0.182290349 0.0359215686 0.003
    endloop
  endfacet
  facet normal 0 -1 0
    outer loop
      vertex 0.182290349 0.0344248366 0
      vertex 0.193967578 0.0344248366 0
      vertex 0.193967578 0.0344248366 0.003
    endloop
  endfacet
  facet normal 0 -1 0
    outer loop
      vertex 0.182290349 0.0344248366 0
      vertex 0.193967578 0.0344248366 0.003
      vertex 0.182290349 0.0344248366 0.003
    endloop
  endfacet
  facet normal 1 0 0
    outer loop
      vertex 0.193967578 0.0344248366 0
      vertex 0.193967578 0.0359215686 0
      vertex 0.193967578 0.0359215686 0.003
    endloop
  endfacet
  facet normal 1 0 0
    outer loop
      vertex 0.193967578 0.0344248366 0
      vertex 0.193967578 0.0359215686 0.003
      vertex 0.193967578 0.0344248366 0.003
    endloop
  endfacet
  facet normal 0 1 0
    outer loop
      vertex 0.193967578 0.0359215686 0
      vertex 0.182290349 0.0359215686 0
      vertex 0.182290349 0.0359215686 0.003
    endloop
  endfacet
  facet normal 0 1 -0
    outer loop
      vertex 0.193967578 0.0359215686 0
      vertex 0.182290349 0.0359215686 0.003
      vertex 0.193967578 0.0359215686 0.003
    endloop
  endfacet
  facet normal -1 0 0
    outer loop
      vertex 0.182290349 0.0359215686 0
      vertex 0.182290349 0.0344248366 0
      vertex 0.182290349 0.0344248366 0.003
    endloop
  endfacet
  facet normal -1 0 0
    outer loop
      vertex 0.182290349 0.0359215686 0
      vertex 0.182290349 0.0344248366 0.003
      vertex 0.182290349 0.0359215686 0.003
    endloop
  endfacet
  facet normal 0 0 -1
    outer loop
      vertex 0.20630515 0.0344248366 0
      vertex 0.241058487 0.0359215686 0
      vertex 0.241058487 0.0344248366 0
    endloop
  endfacet
  facet normal 0 0 -1
    outer loop
      vertex 0.20630515 0.0344248366 0
      vertex 0.20630515 0.0359215686 0
      vertex 0.241058487 0.0359215686 0
    endloop
  endfacet
  facet normal 0 0 1
    outer loop
      vertex 0.20630515 0.0344248366 0.003
      vertex 0.241058487 0.0344248366 0.003
      vertex 0.241058487 0.0359215686 0.003
    endloop
  endfacet
  facet normal 0 0 1
    outer loop
      vertex 0.20630515 0.0344248366 0.003
      vertex 0.241058487 0.0359215686 0.003
      vertex 0.20630515 0.0359215686 0.003
    endloop
  endfacet
  facet normal 0 -1 0
    outer loop
      vertex 0.20630515 0.0344248366 0
      vertex 0.241058487 0.0344248366 0
      vertex 0.241058487 0.0344248366 0.003
    endloop
  endfacet
  facet normal 0 -1 0
    outer loop
      vertex 0.20630515 0.0344248366 0
      vertex 0.241058487 0.0344248366 0.003
      vertex 0.20630515 0.0344248366 0.003
    endloop
  endfacet
  facet normal 1 0 0
    outer loop
      vertex 0.241058487 0.0344248366 0
      vertex 0.241058487 0.0359215686 0
      vertex 0.241058487 0.0359215686 0.003
    endloop
  endfacet
  facet normal 1 0 0
    outer loop
      vertex 0.241058487 0.0344248366 0
      vertex 0.241058487 0.0359215686 0.003
      vertex 0.241058487 0.0344248366 0.003
    endloop
  endfacet
  facet normal 0 1 0
    outer loop
      vertex 0.241058487 0.0359215686 0
      vertex 0.20630515 0.0359215686 0
      vertex 0.20630515 0.0359215686 0.003
    endloop
  endfacet
  facet normal 0 1 -0
    outer loop
      vertex 0.241058487 0.0359215686 0
      vertex 0.20630515 0.0359215686 0.003
      vertex 0.241058487 0.0359215686 0.003
    endloop
  endfacet
  facet normal -1 0 0
    outer loop
      vertex 0.20630515 0.0359215686 0
      vertex 0.20630515 0.0344248366 0
      vertex 0.20630515 0.0344248366 0.003
    endloop
  endfacet
  facet normal -1 0 0
    outer loop
      vertex 0.20630515 0.0359215686 0
      vertex 0.20630515 0.0344248366 0.003
      vertex 0.20630515 0.0359215686 0.003
    endloop
  endfacet
  facet normal 0 0 -1
    outer loop
      vertex 0.253396059 0.0344248366 0
      vertex 0.259 0.0359215686 0
      vertex 0.259 0.0344248366 0
    endloop
  endfacet
  facet normal 0 0 -1
    outer loop
      vertex 0.253396059 0.0344248366 0
      vertex 0.253396059 0.0359215686 0
      vertex 0.259 0.0359215686 0
    endloop
  endfacet
  facet normal 0 0 1
    outer loop
      vertex 0.253396059 0.0344248366 0.003
      vertex 0.259 0.0344248366 0.003
      vertex 0.259 0.0359215686 0.003
    endloop
  endfacet
  facet normal 0 0 1
    outer loop
      vertex 0.253396059 0.0344248366 0.003
      vertex 0.259 0.0359215686 0.003
      vertex 0.253396059 0.0359215686 0.003
    endloop
  endfacet
  facet normal 0 -1 0
    outer loop
      vertex 0.253396059 0.0344248366 0
      vertex 0.259 0.0344248366 0
      vertex 0.259 0.0344248366 0.003
    endloop
  endfacet
  facet normal 0 -1 0
    outer loop
      vertex 0.253396059 0.0344248366 0
      vertex 0.259 0.0344248366 0.003
      vertex 0.253396059 0.0344248366 0.003
    endloop
  endfacet
  facet normal 1 0 0
    outer loop
      vertex 0.259 0.0344248366 0
      vertex 0.259 0.0359215686 0
      vertex 0.259 0.0359215686 0.003
    endloop
  endfacet
  facet normal 1 0 0
    outer loop
      vertex 0.259 0.0344248366 0
      vertex 0.259 0.0359215686 0.003
      vertex 0.259 0.0344248366 0.003
    endloop
  endfacet
  facet normal 0 1 0
    outer loop
      vertex 0.259 0.0359215686 0
      vertex 0.253396059 0.0359215686 0
      vertex 0.253396059 0.0359215686 0.003
    endloop
  endfacet
  facet normal 0 1 -0
    outer loop
      vertex 0.259 0.0359215686 0
      vertex 0.253396059 0.0359215686 0.003
      vertex 0.259 0.0359215686 0.003
    endloop
  endfacet
  facet normal -1 0 0
    outer loop
      vertex 0.253396059 0.0359215686 0
      vertex 0.253396059 0.0344248366 0
      vertex 0.253396059 0.0344248366 0.003
    endloop
  endfacet
  facet normal -1 0 0
    outer loop
      vertex 0.253396059 0.0359215686 0
      vertex 0.253396059 0.0344248366 0.003
      vertex 0.253396059 0.0359215686 0.003
    endloop
  endfacet
  facet normal 0 0 -1
    outer loop
      vertex 0 0.0359215686 0
      vertex 0.168064501 0.0374183007 0
      vertex 0.168064501 0.0359215686 0
    endloop
  endfacet
  facet normal 0 0 -1
    outer loop
      vertex 0 0.0359215686 0
      vertex 0 0.0374183007 0
      vertex 0.168064501 0.0374183007 0
    endloop
  endfacet
  facet normal 0 0 1
    outer loop
      vertex 0 0.0359215686 0.003
      vertex 0.168064501 0.0359215686 0.003
      vertex 0.168064501 0.0374183007 0.003
    endloop
  endfacet
  facet normal 0 0 1
    outer loop
      vertex 0 0.0359215686 0.003
      vertex 0.168064501 0.0374183007 0.003
      vertex 0 0.0374183007 0.003
    endloop
  endfacet
  facet normal 0 -1 0
    outer loop
      vertex 0 0.0359215686 0
      vertex 0.168064501 0.0359215686 0
      vertex 0.168064501 0.0359215686 0.003
    endloop
  endfacet
  facet normal 0 -1 0
    outer loop
      vertex 0 0.0359215686 0
      vertex 0.168064501 0.0359215686 0.003
      vertex 0 0.0359215686 0.003
    endloop
  endfacet
  facet normal 1 0 0
    outer loop
      vertex 0.168064501 0.0359215686 0
      vertex 0.168064501 0.0374183007 0
      vertex 0.168064501 0.0374183007 0.003
    endloop
  endfacet
  facet normal 1 0 0
    outer loop
      vertex 0.168064501 0.0359215686 0
      vertex 0.168064501 0.0374183007 0.003
      vertex 0.168064501 0.0359215686 0.003
    endloop
  endfacet
  facet normal 0 1 0
    outer loop
      vertex 0.168064501 0.0374183007 0
      vertex 0 0.0374183007 0
      vertex 0 0.0374183007 0.003
    endloop
  endfacet
  facet normal 0 1 -0
    outer loop
      vertex 0.168064501 0.0374183007 0
      vertex 0 0.0374183007 0.003
      vertex 0.168064501 0.0374183007 0.003
    endloop
  endfacet
  facet normal -1 0 0
    outer loop
      vertex 0 0.0374183007 0
      vertex 0 0.0359215686 0
      vertex 0 0.0359215686 0.003
    endloop
  endfacet
  facet normal -1 0 0
    outer loop
      vertex 0 0.0374183007 0
      vertex 0 0.0359215686 0.003
      vertex 0 0.0374183007 0.003
    endloop
  endfacet
  facet normal 0 0 -1
    outer loop
      vertex 0.182762772 0.0359215686 0
      vertex 0.193166221 0.0374183007 0
      vertex 0.193166221 0.0359215686 0
    endloop
  endfacet
  facet normal 0 0 -1
    outer loop
      vertex 0.182762772 0.0359215686 0
      vertex 0.182762772 0.0374183007 0
      vertex 0.193166221 0.0374183007 0
    endloop
  endfacet
  facet normal 0 0 1
    outer loop
      vertex 0.182762772 0.0359215686 0.003
      vertex 0.193166221 0.0359215686 0.003
      vertex 0.193166221 0.0374183007 0.003
    endloop
  endfacet
  facet normal 0 0 1
    outer loop
      vertex 0.182762772 0.0359215686 0.003
      vertex 0.193166221 0.0374183007 0.003
      vertex 0.182762772 0.0374183007 0.003
    endloop
  endfacet
  facet normal 0 -1 0
    outer loop
      vertex 0.182762772 0.0359215686 0
      vertex 0.193166221 0.0359215686 0
      vertex 0.193166221 0.0359215686 0.003
    endloop
  endfacet
  facet normal 0 -1 0
    outer loop
      vertex 0.182762772 0.0359215686 0
      vertex 0.193166221 0.0359215686 0.003
      vertex 0.182762772 0.0359215686 0.003
    endloop
  endfacet
  facet normal 1 0 0
    outer loop
      vertex 0.193166221 0.0359215686 0
      vertex 0.193166221 0.0374183007 0
      vertex 0.193166221 0.0374183007 0.003
    endloop
  endfacet
  facet normal 1 0 0
    outer loop
      vertex 0.193166221 0.0359215686 0
      vertex 0.193166221 0.0374183007 0.003
      vertex 0.193166221 0.0359215686 0.003
    endloop
  endfacet
  facet normal 0 1 0
    outer loop
      vertex 0.193166221 0.0374183007 0
      vertex 0.182762772 0.0374183007 0
      vertex 0.182762772 0.0374183007 0.003
    endloop
  endfacet
  facet normal 0 1 -0
    outer loop
      vertex 0.193166221 0.0374183007 0
      vertex 0.182762772 0.0374183007 0.003
      vertex 0.193166221 0.0374183007 0.003
    endloop
  endfacet
  facet normal -1 0 0
    outer loop
      vertex 0.182762772 0.0374183007 0
      vertex 0.182762772 0.0359215686 0
      vertex 0.182762772 0.0359215686 0.003
    endloop
  endfacet
  facet normal -1 0 0
    outer loop
      vertex 0.182762772 0.0374183007 0
      vertex 0.182762772 0.0359215686 0.003
      vertex 0.182762772 0.0374183007 0.003
    endloop
  endfacet
  facet normal 0 0 -1
    outer loop
      vertex 0.207106507 0.0359215686 0
      vertex 0.24025713 0.0374183007 0
      vertex 0.24025713 0.0359215686 0
    endloop
  endfacet
  facet normal 0 0 -1
    outer loop
      vertex 0.207106507 0.0359215686 0
      vertex 0.207106507 0.0374183007 0
      vertex 0.24025713 0.0374183007 0
    endloop
  endfacet
  facet normal 0 0 1
    outer loop
      vertex 0.207106507 0.0359215686 0.003
      vertex 0.24025713 0.0359215686 0.003
      vertex 0.24025713 0.0374183007 0.003
    endloop
  endfacet
  facet normal 0 0 1
    outer loop
      vertex 0.207106507 0.0359215686 0.003
      vertex 0.24025713 0.0374183007 0.003
      vertex 0.207106507 0.0374183007 0.003
    endloop
  endfacet
  facet normal 0 -1 0
    outer loop
      vertex 0.207106507 0.0359215686 0
      vertex 0.24025713 0.0359215686 0
      vertex 0.24025713 0.0359215686 0.003
    endloop
  endfacet
  facet normal 0 -1 0
    outer loop
      vertex 0.207106507 0.0359215686 0
      vertex 0.24025713 0.0359215686 0.003
      vertex 0.207106507 0.0359215686 0.003
    endloop
  endfacet
  facet normal 1 0 0
    outer loop
      vertex 0.24025713 0.0359215686 0
      vertex 0.24025713 0.0374183007 0
      vertex 0.24025713 0.0374183007 0.003
    endloop
  endfacet
  facet normal 1 0 0
    outer loop
      vertex 0.24025713 0.0359215686 0
      vertex 0.24025713 0.0374183007 0.003
      vertex 0.24025713 0.0359215686 0.003
    endloop
  endfacet
  facet normal 0 1 0
    outer loop
      vertex 0.24025713 0.0374183007 0
      vertex 0.207106507 0.0374183007 0
      vertex 0.207106507 0.0374183007 0.003
    endloop
  endfacet
  facet normal 0 1 -0
    outer loop
      vertex 0.24025713 0.0374183007 0
      vertex 0.207106507 0.0374183007 0.003
      vertex 0.24025713 0.0374183007 0.003
    endloop
  endfacet
  facet normal -1 0 0
    outer loop
      vertex 0.207106507 0.0374183007 0
      vertex 0.207106507 0.0359215686 0
      vertex 0.207106507 0.0359215686 0.003
    endloop
  endfacet
  facet normal -1 0 0
    outer loop
      vertex 0.207106507 0.0374183007 0
      vertex 0.207106507 0.0359215686 0.003
      vertex 0.207106507 0.0374183007 0.003
    endloop
  endfacet
  facet normal 0 0 -1
    outer loop
      vertex 0.254197416 0.0359215686 0
      vertex 0.259 0.0374183007 0
      vertex 0.259 0.0359215686 0
    endloop
  endfacet
  facet normal 0 0 -1
    outer loop
      vertex 0.254197416 0.0359215686 0
      vertex 0.254197416 0.0374183007 0
      vertex 0.259 0.0374183007 0
    endloop
  endfacet
  facet normal 0 0 1
    outer loop
      vertex 0.254197416 0.0359215686 0.003
      vertex 0.259 0.0359215686 0.003
      vertex 0.259 0.0374183007 0.003
    endloop
  endfacet
  facet normal 0 0 1
    outer loop
      vertex 0.254197416 0.0359215686 0.003
      vertex 0.259 0.0374183007 0.003
      vertex 0.254197416 0.0374183007 0.003
    endloop
  endfacet
  facet normal 0 -1 0
    outer loop
      vertex 0.254197416 0.0359215686 0
      vertex 0.259 0.0359215686 0
      vertex 0.259 0.0359215686 0.003
    endloop
  endfacet
  facet normal 0 -1 0
    outer loop
      vertex 0.254197416 0.0359215686 0
      vertex 0.259 0.0359215686 0.003
      vertex 0.254197416 0.0359215686 0.003
    endloop
  endfacet
  facet normal 1 0 0
    outer loop
      vertex 0.259 0.0359215686 0
      vertex 0.259 0.0374183007 0
      vertex 0.259 0.0374183007 0.003
    endloop
  endfacet
  facet normal 1 0 0
    outer loop
      vertex 0.259 0.0359215686 0
      vertex 0.259 0.0374183007 0.003
      vertex 0.259 0.0359215686 0.003
    endloop
  endfacet
  facet normal 0 1 0
    outer loop
      vertex 0.259 0.0374183007 0
      vertex 0.254197416 0.0374183007 0
      vertex 0.254197416 0.0374183007 0.003
    endloop
  endfacet
  facet normal 0 1 -0
    outer loop
      vertex 0.259 0.0374183007 0
      vertex 0.254197416 0.0374183007 0.003
      vertex 0.259 0.0374183007 0.003
    endloop
  endfacet
  facet normal -1 0 0
    outer loop
      vertex 0.254197416 0.0374183007 0
      vertex 0.254197416 0.0359215686 0
      vertex 0.254197416 0.0359215686 0.003
    endloop
  endfacet
  facet normal -1 0 0
    outer loop
      vertex 0.254197416 0.0374183007 0
      vertex 0.254197416 0.0359215686 0.003
      vertex 0.254197416 0.0374183007 0.003
    endloop
  endfacet
  facet normal 0 0 -1
    outer loop
      vertex 0 0.0374183007 0
      vertex 0.167913636 0.0389150327 0
      vertex 0.167913636 0.0374183007 0
    endloop
  endfacet
  facet normal 0 0 -1
    outer loop
      vertex 0 0.0374183007 0
      vertex 0 0.0389150327 0
      vertex 0.167913636 0.0389150327 0
    endloop
  endfacet
  facet normal 0 0 1
    outer loop
      vertex 0 0.0374183007 0.003
      vertex 0.167913636 0.0374183007 0.003
      vertex 0.167913636 0.0389150327 0.003
    endloop
  endfacet
  facet normal 0 0 1
    outer loop
      vertex 0 0.0374183007 0.003
      vertex 0.167913636 0.0389150327 0.003
      vertex 0 0.0389150327 0.003
    endloop
  endfacet
  facet normal 0 -1 0
    outer loop
      vertex 0 0.0374183007 0
      vertex 0.167913636 0.0374183007 0
      vertex 0.167913636 0.0374183007 0.003
    endloop
  endfacet
  facet normal 0 -1 0
    outer loop
      vertex 0 0.0374183007 0
      vertex 0.167913636 0.0374183007 0.003
      vertex 0 0.0374183007 0.003
    endloop
  endfacet
  facet normal 1 0 0
    outer loop
      vertex 0.167913636 0.0374183007 0
      vertex 0.167913636 0.0389150327 0
      vertex 0.167913636 0.0389150327 0.003
    endloop
  endfacet
  facet normal 1 0 0
    outer loop
      vertex 0.167913636 0.0374183007 0
      vertex 0.167913636 0.0389150327 0.003
      vertex 0.167913636 0.0374183007 0.003
    endloop
  endfacet
  facet normal 0 1 0
    outer loop
      vertex 0.167913636 0.0389150327 0
      vertex 0 0.0389150327 0
      vertex 0 0.0389150327 0.003
    endloop
  endfacet
  facet normal 0 1 -0
    outer loop
      vertex 0.167913636 0.0389150327 0
      vertex 0 0.0389150327 0.003
      vertex 0.167913636 0.0389150327 0.003
    endloop
  endfacet
  facet normal -1 0 0
    outer loop
      vertex 0 0.0389150327 0
      vertex 0 0.0374183007 0
      vertex 0 0.0374183007 0.003
    endloop
  endfacet
  facet normal -1 0 0
    outer loop
      vertex 0 0.0389150327 0
      vertex 0 0.0374183007 0.003
      vertex 0 0.0389150327 0.003
    endloop
  endfacet
  facet normal 0 0 -1
    outer loop
      vertex 0.182913636 0.0374183007 0
      vertex 0.192745055 0.0389150327 0
      vertex 0.192745055 0.0374183007 0
    endloop
  endfacet
  facet normal 0 0 -1
    outer loop
      vertex 0.182913636 0.0374183007 0
      vertex 0.182913636 0.0389150327 0
      vertex 0.192745055 0.0389150327 0
    endloop
  endfacet
  facet normal 0 0 1
    outer loop
      vertex 0.182913636 0.0374183007 0.003
      vertex 0.192745055 0.0374183007 0.003
      vertex 0.192745055 0.0389150327 0.003
    endloop
  endfacet
  facet normal 0 0 1
    outer loop
      vertex 0.182913636 0.0374183007 0.003
      vertex 0.192745055 0.0389150327 0.003
      vertex 0.182913636 0.0389150327 0.003
    endloop
  endfacet
  facet normal 0 -1 0
    outer loop
      vertex 0.182913636 0.0374183007 0
      vertex 0.192745055 0.0374183007 0
      vertex 0.192745055 0.0374183007 0.003
    endloop
  endfacet
  facet normal 0 -1 0
    outer loop
      vertex 0.182913636 0.0374183007 0
      vertex 0.192745055 0.0374183007 0.003
      vertex 0.182913636 0.0374183007 0.003
    endloop
  endfacet
  facet normal 1 0 0
    outer loop
      vertex 0.192745055 0.0374183007 0
      vertex 0.192745055 0.0389150327 0
      vertex 0.192745055 0.0389150327 0.003
    endloop
  endfacet
  facet normal 1 0 0
    outer loop
      vertex 0.192745055 0.0374183007 0
      vertex 0.192745055 0.0389150327 0.003
      vertex 0.192745055 0.0374183007 0.003
    endloop
  endfacet
  facet normal 0 1 0
    outer loop
      vertex 0.192745055 0.0389150327 0
      vertex 0.182913636 0.0389150327 0
      vertex 0.182913636 0.0389150327 0.003
    endloop
  endfacet
  facet normal 0 1 -0
    outer loop
      vertex 0.192745055 0.0389150327 0
      vertex 0.182913636 0.0389150327 0.003
      vertex 0.192745055 0.0389150327 0.003
    endloop
  endfacet
  facet normal -1 0 0
    outer loop
      vertex 0.182913636 0.0389150327 0
      vertex 0.182913636 0.0374183007 0
      vertex 0.182913636 0.0374183007 0.003
    endloop
  endfacet
  facet normal -1 0 0
    outer loop
      vertex 0.182913636 0.0389150327 0
      vertex 0.182913636 0.0374183007 0.003
      vertex 0.182913636 0.0389150327 0.003
    endloop
  endfacet
  facet normal 0 0 -1
    outer loop
      vertex 0.207527673 0.0374183007 0
      vertex 0.239835964 0.0389150327 0
      vertex 0.239835964 0.0374183007 0
    endloop
  endfacet
  facet normal 0 0 -1
    outer loop
      vertex 0.207527673 0.0374183007 0
      vertex 0.207527673 0.0389150327 0
      vertex 0.239835964 0.0389150327 0
    endloop
  endfacet
  facet normal 0 0 1
    outer loop
      vertex 0.207527673 0.0374183007 0.003
      vertex 0.239835964 0.0374183007 0.003
      vertex 0.239835964 0.0389150327 0.003
    endloop
  endfacet
  facet normal 0 0 1
    outer loop
      vertex 0.207527673 0.0374183007 0.003
      vertex 0.239835964 0.0389150327 0.003
      vertex 0.207527673 0.0389150327 0.003
    endloop
  endfacet
  facet normal 0 -1 0
    outer loop
      vertex 0.207527673 0.0374183007 0
      vertex 0.239835964 0.0374183007 0
      vertex 0.239835964 0.0374183007 0.003
    endloop
  endfacet
  facet normal 0 -1 0
    outer loop
      vertex 0.207527673 0.0374183007 0
      vertex 0.239835964 0.0374183007 0.003
      vertex 0.207527673 0.0374183007 0.003
    endloop
  endfacet
  facet normal 1 0 0
    outer loop
      vertex 0.239835964 0.0374183007 0
      vertex 0.239835964 0.0389150327 0
      vertex 0.239835964 0.0389150327 0.003
    endloop
  endfacet
  facet normal 1 0 0
    outer loop
      vertex 0.239835964 0.0374183007 0
      vertex 0.239835964 0.0389150327 0.003
      vertex 0.239835964 0.0374183007 0.003
    endloop
  endfacet
  facet normal 0 1 0
    outer loop
      vertex 0.239835964 0.0389150327 0
      vertex 0.207527673 0.0389150327 0
      vertex 0.207527673 0.0389150327 0.003
    endloop
  endfacet
  facet normal 0 1 -0
    outer loop
      vertex 0.239835964 0.0389150327 0
      vertex 0.207527673 0.0389150327 0.003
      vertex 0.239835964 0.0389150327 0.003
    endloop
  endfacet
  facet normal -1 0 0
    outer loop
      vertex 0.207527673 0.0389150327 0
      vertex 0.207527673 0.0374183007 0
      vertex 0.207527673 0.0374183007 0.003
    endloop
  endfacet
  facet normal -1 0 0
    outer loop
      vertex 0.207527673 0.0389150327 0
      vertex 0.207527673 0.0374183007 0.003
      vertex 0.207527673 0.0389150327 0.003
    endloop
  endfacet
  facet normal 0 0 -1
    outer loop
      vertex 0.254618582 0.0374183007 0
      vertex 0.259 0.0389150327 0
      vertex 0.259 0.0374183007 0
    endloop
  endfacet
  facet normal 0 0 -1
    outer loop
      vertex 0.254618582 0.0374183007 0
      vertex 0.254618582 0.0389150327 0
      vertex 0.259 0.0389150327 0
    endloop
  endfacet
  facet normal 0 0 1
    outer loop
      vertex 0.254618582 0.0374183007 0.003
      vertex 0.259 0.0374183007 0.003
      vertex 0.259 0.0389150327 0.003
    endloop
  endfacet
  facet normal 0 0 1
    outer loop
      vertex 0.254618582 0.0374183007 0.003
      vertex 0.259 0.0389150327 0.003
      vertex 0.254618582 0.0389150327 0.003
    endloop
  endfacet
  facet normal 0 -1 0
    outer loop
      vertex 0.254618582 0.0374183007 0
      vertex 0.259 0.0374183007 0
      vertex 0.259 0.0374183007 0.003
    endloop
  endfacet
  facet normal 0 -1 0
    outer loop
      vertex 0.254618582 0.0374183007 0
      vertex 0.259 0.0374183007 0.003
      vertex 0.254618582 0.0374183007 0.003
    endloop
  endfacet
  facet normal 1 0 0
    outer loop
      vertex 0.259 0.0374183007 0
      vertex 0.259 0.0389150327 0
      vertex 0.259 0.0389150327 0.003
    endloop
  endfacet
  facet normal 1 0 0
    outer loop
      vertex 0.259 0.0374183007 0
      vertex 0.259 0.0389150327 0.003
      vertex 0.259 0.0374183007 0.003
    endloop
  endfacet
  facet normal 0 1 0
    outer loop
      vertex 0.259 0.0389150327 0
      vertex 0.254618582 0.0389150327 0
      vertex 0.254618582 0.0389150327 0.003
    endloop
  endfacet
  facet normal 0 1 -0
    outer loop
      vertex 0.259 0.0389150327 0
      vertex 0.254618582 0.0389150327 0.003
      vertex 0.259 0.0389150327 0.003
    endloop
  endfacet
  facet normal -1 0 0
    outer loop
      vertex 0.254618582 0.0389150327 0
      vertex 0.254618582 0.0374183007 0
      vertex 0.254618582 0.0374183007 0.003
    endloop
  endfacet
  facet normal -1 0 0
    outer loop
      vertex 0.254618582 0.0389150327 0
      vertex 0.254618582 0.0374183007 0.003
      vertex 0.254618582 0.0389150327 0.003
    endloop
  endfacet
  facet normal 0 0 -1
    outer loop
      vertex 0 0.0389150327 0
      vertex 0.168064501 0.0404117647 0
      vertex 0.168064501 0.0389150327 0
    endloop
  endfacet
  facet normal 0 0 -1
    outer loop
      vertex 0 0.0389150327 0
      vertex 0 0.0404117647 0
      vertex 0.168064501 0.0404117647 0
    endloop
  endfacet
  facet normal 0 0 1
    outer loop
      vertex 0 0.0389150327 0.003
      vertex 0.168064501 0.0389150327 0.003
      vertex 0.168064501 0.0404117647 0.003
    endloop
  endfacet
  facet normal 0 0 1
    outer loop
      vertex 0 0.0389150327 0.003
      vertex 0.168064501 0.0404117647 0.003
      vertex 0 0.0404117647 0.003
    endloop
  endfacet
  facet normal 0 -1 0
    outer loop
      vertex 0 0.0389150327 0
      vertex 0.168064501 0.0389150327 0
      vertex 0.168064501 0.0389150327 0.003
    endloop
  endfacet
  facet normal 0 -1 0
    outer loop
      vertex 0 0.0389150327 0
      vertex 0.168064501 0.0389150327 0.003
      vertex 0 0.0389150327 0.003
    endloop
  endfacet
  facet normal 1 0 0
    outer loop
      vertex 0.168064501 0.0389150327 0
      vertex 0.168064501 0.0404117647 0
      vertex 0.168064501 0.0404117647 0.003
    endloop
  endfacet
  facet normal 1 0 0
    outer loop
      vertex 0.168064501 0.0389150327 0
      vertex 0.168064501 0.0404117647 0.003
      vertex 0.168064501 0.0389150327 0.003
    endloop
  endfacet
  facet normal 0 1 0
    outer loop
      vertex 0.168064501 0.0404117647 0
      vertex 0 0.0404117647 0
      vertex 0 0.0404117647 0.003
    endloop
  endfacet
  facet normal 0 1 -0
    outer loop
      vertex 0.168064501 0.0404117647 0
      vertex 0 0.0404117647 0.003
      vertex 0.168064501 0.0404117647 0.003
    endloop
  endfacet
  facet normal -1 0 0
    outer loop
      vertex 0 0.0404117647 0
      vertex 0 0.0389150327 0
      vertex 0 0.0389150327 0.003
    endloop
  endfacet
  facet normal -1 0 0
    outer loop
      vertex 0 0.0404117647 0
      vertex 0 0.0389150327 0.003
      vertex 0 0.0404117647 0.003
    endloop
  endfacet
  facet normal 0 0 -1
    outer loop
      vertex 0.182762772 0.0389150327 0
      vertex 0.192639725 0.0404117647 0
      vertex 0.192639725 0.0389150327 0
    endloop
  endfacet
  facet normal 0 0 -1
    outer loop
      vertex 0.182762772 0.0389150327 0
      vertex 0.182762772 0.0404117647 0
      vertex 0.192639725 0.0404117647 0
    endloop
  endfacet
  facet normal 0 0 1
    outer loop
      vertex 0.182762772 0.0389150327 0.003
      vertex 0.192639725 0.0389150327 0.003
      vertex 0.192639725 0.0404117647 0.003
    endloop
  endfacet
  facet normal 0 0 1
    outer loop
      vertex 0.182762772 0.0389150327 0.003
      vertex 0.192639725 0.0404117647 0.003
      vertex 0.182762772 0.0404117647 0.003
    endloop
  endfacet
  facet normal 0 -1 0
    outer loop
      vertex 0.182762772 0.0389150327 0
      vertex 0.192639725 0.0389150327 0
      vertex 0.192639725 0.0389150327 0.003
    endloop
  endfacet
  facet normal 0 -1 0
    outer loop
      vertex 0.182762772 0.0389150327 0
      vertex 0.192639725 0.0389150327 0.003
      vertex 0.182762772 0.0389150327 0.003
    endloop
  endfacet
  facet normal 1 0 0
    outer loop
      vertex 0.192639725 0.0389150327 0
      vertex 0.192639725 0.0404117647 0
      vertex 0.192639725 0.0404117647 0.003
    endloop
  endfacet
  facet normal 1 0 0
    outer loop
      vertex 0.192639725 0.0389150327 0
      vertex 0.192639725 0.0404117647 0.003
      vertex 0.192639725 0.0389150327 0.003
    endloop
  endfacet
  facet normal 0 1 0
    outer loop
      vertex 0.192639725 0.0404117647 0
      vertex 0.182762772 0.0404117647 0
      vertex 0.182762772 0.0404117647 0.003
    endloop
  endfacet
  facet normal 0 1 -0
    outer loop
      vertex 0.192639725 0.0404117647 0
      vertex 0.182762772 0.0404117647 0.003
      vertex 0.192639725 0.0404117647 0.003
    endloop
  endfacet
  facet normal -1 0 0
    outer loop
      vertex 0.182762772 0.0404117647 0
      vertex 0.182762772 0.0389150327 0
      vertex 0.182762772 0.0389150327 0.003
    endloop
  endfacet
  facet normal -1 0 0
    outer loop
      vertex 0.182762772 0.0404117647 0
      vertex 0.182762772 0.0389150327 0.003
      vertex 0.182762772 0.0404117647 0.003
    endloop
  endfacet
  facet normal 0 0 -1
    outer loop
      vertex 0.207633003 0.0389150327 0
      vertex 0.239730634 0.0404117647 0
      vertex 0.239730634 0.0389150327 0
    endloop
  endfacet
  facet normal 0 0 -1
    outer loop
      vertex 0.207633003 0.0389150327 0
      vertex 0.207633003 0.0404117647 0
      vertex 0.239730634 0.0404117647 0
    endloop
  endfacet
  facet normal 0 0 1
    outer loop
      vertex 0.207633003 0.0389150327 0.003
      vertex 0.239730634 0.0389150327 0.003
      vertex 0.239730634 0.0404117647 0.003
    endloop
  endfacet
  facet normal 0 0 1
    outer loop
      vertex 0.207633003 0.0389150327 0.003
      vertex 0.239730634 0.0404117647 0.003
      vertex 0.207633003 0.0404117647 0.003
    endloop
  endfacet
  facet normal 0 -1 0
    outer loop
      vertex 0.207633003 0.0389150327 0
      vertex 0.239730634 0.0389150327 0
      vertex 0.239730634 0.0389150327 0.003
    endloop
  endfacet
  facet normal 0 -1 0
    outer loop
      vertex 0.207633003 0.0389150327 0
      vertex 0.239730634 0.0389150327 0.003
      vertex 0.207633003 0.0389150327 0.003
    endloop
  endfacet
  facet normal 1 0 0
    outer loop
      vertex 0.239730634 0.0389150327 0
      vertex 0.239730634 0.0404117647 0
      vertex 0.239730634 0.0404117647 0.003
    endloop
  endfacet
  facet normal 1 0 0
    outer loop
      vertex 0.239730634 0.0389150327 0
      vertex 0.239730634 0.0404117647 0.003
      vertex 0.239730634 0.0389150327 0.003
    endloop
  endfacet
  facet normal 0 1 0
    outer loop
      vertex 0.239730634 0.0404117647 0
      vertex 0.207633003 0.0404117647 0
      vertex 0.207633003 0.0404117647 0.003
    endloop
  endfacet
  facet normal 0 1 -0
    outer loop
      vertex 0.239730634 0.0404117647 0
      vertex 0.207633003 0.0404117647 0.003
      vertex 0.239730634 0.0404117647 0.003
    endloop
  endfacet
  facet normal -1 0 0
    outer loop
      vertex 0.207633003 0.0404117647 0
      vertex 0.207633003 0.0389150327 0
      vertex 0.207633003 0.0389150327 0.003
    endloop
  endfacet
  facet normal -1 0 0
    outer loop
      vertex 0.207633003 0.0404117647 0
      vertex 0.207633003 0.0389150327 0.003
      vertex 0.207633003 0.0404117647 0.003
    endloop
  endfacet
  facet normal 0 0 -1
    outer loop
      vertex 0.254723912 0.0389150327 0
      vertex 0.259 0.0404117647 0
      vertex 0.259 0.0389150327 0
    endloop
  endfacet
  facet normal 0 0 -1
    outer loop
      vertex 0.254723912 0.0389150327 0
      vertex 0.254723912 0.0404117647 0
      vertex 0.259 0.0404117647 0
    endloop
  endfacet
  facet normal 0 0 1
    outer loop
      vertex 0.254723912 0.0389150327 0.003
      vertex 0.259 0.0389150327 0.003
      vertex 0.259 0.0404117647 0.003
    endloop
  endfacet
  facet normal 0 0 1
    outer loop
      vertex 0.254723912 0.0389150327 0.003
      vertex 0.259 0.0404117647 0.003
      vertex 0.254723912 0.0404117647 0.003
    endloop
  endfacet
  facet normal 0 -1 0
    outer loop
      vertex 0.254723912 0.0389150327 0
      vertex 0.259 0.0389150327 0
      vertex 0.259 0.0389150327 0.003
    endloop
  endfacet
  facet normal 0 -1 0
    outer loop
      vertex 0.254723912 0.0389150327 0
      vertex 0.259 0.0389150327 0.003
      vertex 0.254723912 0.0389150327 0.003
    endloop
  endfacet
  facet normal 1 0 0
    outer loop
      vertex 0.259 0.0389150327 0
      vertex 0.259 0.0404117647 0
      vertex 0.259 0.0404117647 0.003
    endloop
  endfacet
  facet normal 1 0 0
    outer loop
      vertex 0.259 0.0389150327 0
      vertex 0.259 0.0404117647 0.003
      vertex 0.259 0.0389150327 0.003
    endloop
  endfacet
  facet normal 0 1 0
    outer loop
      vertex 0.259 0.0404117647 0
      vertex 0.254723912 0.0404117647 0
      vertex 0.254723912 0.0404117647 0.003
    endloop
  endfacet
  facet normal 0 1 -0
    outer loop
      vertex 0.259 0.0404117647 0
      vertex 0.254723912 0.0404117647 0.003
      vertex 0.259 0.0404117647 0.003
    endloop
  endfacet
  facet normal -1 0 0
    outer loop
      vertex 0.254723912 0.0404117647 0
      vertex 0.254723912 0.0389150327 0
      vertex 0.254723912 0.0389150327 0.003
    endloop
  endfacet
  facet normal -1 0 0
    outer loop
      vertex 0.254723912 0.0404117647 0
      vertex 0.254723912 0.0389150327 0.003
      vertex 0.254723912 0.0404117647 0.003
    endloop
  endfacet
  facet normal 0 0 -1
    outer loop
      vertex 0 0.0404117647 0
      vertex 0.168536924 0.0419084967 0
      vertex 0.168536924 0.0404117647 0
    endloop
  endfacet
  facet normal 0 0 -1
    outer loop
      vertex 0 0.0404117647 0
      vertex 0 0.0419084967 0
      vertex 0.168536924 0.0419084967 0
    endloop
  endfacet
  facet normal 0 0 1
    outer loop
      vertex 0 0.0404117647 0.003
      vertex 0.168536924 0.0404117647 0.003
      vertex 0.168536924 0.0419084967 0.003
    endloop
  endfacet
  facet normal 0 0 1
    outer loop
      vertex 0 0.0404117647 0.003
      vertex 0.168536924 0.0419084967 0.003
      vertex 0 0.0419084967 0.003
    endloop
  endfacet
  facet normal 0 -1 0
    outer loop
      vertex 0 0.0404117647 0
      vertex 0.168536924 0.0404117647 0
      vertex 0.168536924 0.0404117647 0.003
    endloop
  endfacet
  facet normal 0 -1 0
    outer loop
      vertex 0 0.0404117647 0
      vertex 0.168536924 0.0404117647 0.003
      vertex 0 0.0404117647 0.003
    endloop
  endfacet
  facet normal 1 0 0
    outer loop
      vertex 0.168536924 0.0404117647 0
      vertex 0.168536924 0.0419084967 0
      vertex 0.168536924 0.0419084967 0.003
    endloop
  endfacet
  facet normal 1 0 0
    outer loop
      vertex 0.168536924 0.0404117647 0
      vertex 0.168536924 0.0419084967 0.003
      vertex 0.168536924 0.0404117647 0.003
    endloop
  endfacet
  facet normal 0 1 0
    outer loop
      vertex 0.168536924 0.0419084967 0
      vertex 0 0.0419084967 0
      vertex 0 0.0419084967 0.003
    endloop
  endfacet
  facet normal 0 1 -0
    outer loop
      vertex 0.168536924 0.0419084967 0
      vertex 0 0.0419084967 0.003
      vertex 0.168536924 0.0419084967 0.003
    endloop
  endfacet
  facet normal -1 0 0
    outer loop
      vertex 0 0.0419084967 0
      vertex 0 0.0404117647 0
      vertex 0 0.0404117647 0.003
    endloop
  endfacet
  facet normal -1 0 0
    outer loop
      vertex 0 0.0419084967 0
      vertex 0 0.0404117647 0.003
      vertex 0 0.0419084967 0.003
    endloop
  endfacet
  facet normal 0 0 -1
    outer loop
      vertex 0.182290349 0.0404117647 0
      vertex 0.192836547 0.0419084967 0
      vertex 0.192836547 0.0404117647 0
    endloop
  endfacet
  facet normal 0 0 -1
    outer loop
      vertex 0.182290349 0.0404117647 0
      vertex 0.182290349 0.0419084967 0
      vertex 0.192836547 0.0419084967 0
    endloop
  endfacet
  facet normal 0 0 1
    outer loop
      vertex 0.182290349 0.0404117647 0.003
      vertex 0.192836547 0.0404117647 0.003
      vertex 0.192836547 0.0419084967 0.003
    endloop
  endfacet
  facet normal 0 0 1
    outer loop
      vertex 0.182290349 0.0404117647 0.003
      vertex 0.192836547 0.0419084967 0.003
      vertex 0.182290349 0.0419084967 0.003
    endloop
  endfacet
  facet normal 0 -1 0
    outer loop
      vertex 0.182290349 0.0404117647 0
      vertex 0.192836547 0.0404117647 0
      vertex 0.192836547 0.0404117647 0.003
    endloop
  endfacet
  facet normal 0 -1 0
    outer loop
      vertex 0.182290349 0.0404117647 0
      vertex 0.192836547 0.0404117647 0.003
      vertex 0.182290349 0.0404117647 0.003
    endloop
  endfacet
  facet normal 1 0 0
    outer loop
      vertex 0.192836547 0.0404117647 0
      vertex 0.192836547 0.0419084967 0
      vertex 0.192836547 0.0419084967 0.003
    endloop
  endfacet
  facet normal 1 0 0
    outer loop
      vertex 0.192836547 0.0404117647 0
      vertex 0.192836547 0.0419084967 0.003
      vertex 0.192836547 0.0404117647 0.003
    endloop
  endfacet
  facet normal 0 1 0
    outer loop
      vertex 0.192836547 0.0419084967 0
      vertex 0.182290349 0.0419084967 0
      vertex 0.182290349 0.0419084967 0.003
    endloop
  endfacet
  facet normal 0 1 -0
    outer loop
      vertex 0.192836547 0.0419084967 0
      vertex 0.182290349 0.0419084967 0.003
      vertex 0.192836547 0.0419084967 0.003
    endloop
  endfacet
  facet normal -1 0 0
    outer loop
      vertex 0.182290349 0.0419084967 0
      vertex 0.182290349 0.0404117647 0
      vertex 0.182290349 0.0404117647 0.003
    endloop
  endfacet
  facet normal -1 0 0
    outer loop
      vertex 0.182290349 0.0419084967 0
      vertex 0.182290349 0.0404117647 0.003
      vertex 0.182290349 0.0419084967 0.003
    endloop
  endfacet
  facet normal 0 0 -1
    outer loop
      vertex 0.207436181 0.0404117647 0
      vertex 0.239927456 0.0419084967 0
      vertex 0.239927456 0.0404117647 0
    endloop
  endfacet
  facet normal 0 0 -1
    outer loop
      vertex 0.207436181 0.0404117647 0
      vertex 0.207436181 0.0419084967 0
      vertex 0.239927456 0.0419084967 0
    endloop
  endfacet
  facet normal 0 0 1
    outer loop
      vertex 0.207436181 0.0404117647 0.003
      vertex 0.239927456 0.0404117647 0.003
      vertex 0.239927456 0.0419084967 0.003
    endloop
  endfacet
  facet normal 0 0 1
    outer loop
      vertex 0.207436181 0.0404117647 0.003
      vertex 0.239927456 0.0419084967 0.003
      vertex 0.207436181 0.0419084967 0.003
    endloop
  endfacet
  facet normal 0 -1 0
    outer loop
      vertex 0.207436181 0.0404117647 0
      vertex 0.239927456 0.0404117647 0
      vertex 0.239927456 0.0404117647 0.003
    endloop
  endfacet
  facet normal 0 -1 0
    outer loop
      vertex 0.207436181 0.0404117647 0
      vertex 0.239927456 0.0404117647 0.003
      vertex 0.207436181 0.0404117647 0.003
    endloop
  endfacet
  facet normal 1 0 0
    outer loop
      vertex 0.239927456 0.0404117647 0
      vertex 0.239927456 0.0419084967 0
      vertex 0.239927456 0.0419084967 0.003
    endloop
  endfacet
  facet normal 1 0 0
    outer loop
      vertex 0.239927456 0.0404117647 0
      vertex 0.239927456 0.0419084967 0.003
      vertex 0.239927456 0.0404117647 0.003
    endloop
  endfacet
  facet normal 0 1 0
    outer loop
      vertex 0.239927456 0.0419084967 0
      vertex 0.207436181 0.0419084967 0
      vertex 0.207436181 0.0419084967 0.003
    endloop
  endfacet
  facet normal 0 1 -0
    outer loop
      vertex 0.239927456 0.0419084967 0
      vertex 0.207436181 0.0419084967 0.003
      vertex 0.239927456 0.0419084967 0.003
    endloop
  endfacet
  facet normal -1 0 0
    outer loop
      vertex 0.207436181 0.0419084967 0
      vertex 0.207436181 0.0404117647 0
      vertex 0.207436181 0.0404117647 0.003
    endloop
  endfacet
  facet normal -1 0 0
    outer loop
      vertex 0.207436181 0.0419084967 0
      vertex 0.207436181 0.0404117647 0.003
      vertex 0.207436181 0.0419084967 0.003
    endloop
  endfacet
  facet normal 0 0 -1
    outer loop
      vertex 0.25452709 0.0404117647 0
      vertex 0.259 0.0419084967 0
      vertex 0.259 0.0404117647 0
    endloop
  endfacet
  facet normal 0 0 -1
    outer loop
      vertex 0.25452709 0.0404117647 0
      vertex 0.25452709 0.0419084967 0
      vertex 0.259 0.0419084967 0
    endloop
  endfacet
  facet normal 0 0 1
    outer loop
      vertex 0.25452709 0.0404117647 0.003
      vertex 0.259 0.0404117647 0.003
      vertex 0.259 0.0419084967 0.003
    endloop
  endfacet
  facet normal 0 0 1
    outer loop
      vertex 0.25452709 0.0404117647 0.003
      vertex 0.259 0.0419084967 0.003
      vertex 0.25452709 0.0419084967 0.003
    endloop
  endfacet
  facet normal 0 -1 0
    outer loop
      vertex 0.25452709 0.0404117647 0
      vertex 0.259 0.0404117647 0
      vertex 0.259 0.0404117647 0.003
    endloop
  endfacet
  facet normal 0 -1 0
    outer loop
      vertex 0.25452709 0.0404117647 0
      vertex 0.259 0.0404117647 0.003
      vertex 0.25452709 0.0404117647 0.003
    endloop
  endfacet
  facet normal 1 0 0
    outer loop
      vertex 0.259 0.0404117647 0
      vertex 0.259 0.0419084967 0
      vertex 0.259 0.0419084967 0.003
    endloop
  endfacet
  facet normal 1 0 0
    outer loop
      vertex 0.259 0.0404117647 0
      vertex 0.259 0.0419084967 0.003
      vertex 0.259 0.0404117647 0.003
    endloop
  endfacet
  facet normal 0 1 0
    outer loop
      vertex 0.259 0.0419084967 0
      vertex 0.25452709 0.0419084967 0
      vertex 0.25452709 0.0419084967 0.003
    endloop
  endfacet
  facet normal 0 1 -0
    outer loop
      vertex 0.259 0.0419084967 0
      vertex 0.25452709 0.0419084967 0.003
      vertex 0.259 0.0419084967 0.003
    endloop
  endfacet
  facet normal -1 0 0
    outer loop
      vertex 0.25452709 0.0419084967 0
      vertex 0.25452709 0.0404117647 0
      vertex 0.25452709 0.0404117647 0.003
    endloop
  endfacet
  facet normal -1 0 0
    outer loop
      vertex 0.25452709 0.0419084967 0
      vertex 0.25452709 0.0404117647 0.003
      vertex 0.25452709 0.0419084967 0.003
    endloop
  endfacet
  facet normal 0 0 -1
    outer loop
      vertex 0 0.0419084967 0
      vertex 0.169406296 0.0434052288 0
      vertex 0.169406296 0.0419084967 0
    endloop
  endfacet
  facet normal 0 0 -1
    outer loop
      vertex 0 0.0419084967 0
      vertex 0 0.0434052288 0
      vertex 0.169406296 0.0434052288 0
    endloop
  endfacet
  facet normal 0 0 1
    outer loop
      vertex 0 0.0419084967 0.003
      vertex 0.169406296 0.0419084967 0.003
      vertex 0.169406296 0.0434052288 0.003
    endloop
  endfacet
  facet normal 0 0 1
    outer loop
      vertex 0 0.0419084967 0.003
      vertex 0.169406296 0.0434052288 0.003
      vertex 0 0.0434052288 0.003
    endloop
  endfacet
  facet normal 0 -1 0
    outer loop
      vertex 0 0.0419084967 0
      vertex 0.169406296 0.0419084967 0
      vertex 0.169406296 0.0419084967 0.003
    endloop
  endfacet
  facet normal 0 -1 0
    outer loop
      vertex 0 0.0419084967 0
      vertex 0.169406296 0.0419084967 0.003
      vertex 0 0.0419084967 0.003
    endloop
  endfacet
  facet normal 1 0 0
    outer loop
      vertex 0.169406296 0.0419084967 0
      vertex 0.169406296 0.0434052288 0
      vertex 0.169406296 0.0434052288 0.003
    endloop
  endfacet
  facet normal 1 0 0
    outer loop
      vertex 0.169406296 0.0419084967 0
      vertex 0.169406296 0.0434052288 0.003
      vertex 0.169406296 0.0419084967 0.003
    endloop
  endfacet
  facet normal 0 1 0
    outer loop
      vertex 0.169406296 0.0434052288 0
      vertex 0 0.0434052288 0
      vertex 0 0.0434052288 0.003
    endloop
  endfacet
  facet normal 0 1 -0
    outer loop
      vertex 0.169406296 0.0434052288 0
      vertex 0 0.0434052288 0.003
      vertex 0.169406296 0.0434052288 0.003
    endloop
  endfacet
  facet normal -1 0 0
    outer loop
      vertex 0 0.0434052288 0
      vertex 0 0.0419084967 0
      vertex 0 0.0419084967 0.003
    endloop
  endfacet
  facet normal -1 0 0
    outer loop
      vertex 0 0.0434052288 0
      vertex 0 0.0419084967 0.003
      vertex 0 0.0434052288 0.003
    endloop
  endfacet
  facet normal 0 0 -1
    outer loop
      vertex 0.181420977 0.0419084967 0
      vertex 0.193361805 0.0434052288 0
      vertex 0.193361805 0.0419084967 0
    endloop
  endfacet
  facet normal 0 0 -1
    outer loop
      vertex 0.181420977 0.0419084967 0
      vertex 0.181420977 0.0434052288 0
      vertex 0.193361805 0.0434052288 0
    endloop
  endfacet
  facet normal 0 0 1
    outer loop
      vertex 0.181420977 0.0419084967 0.003
      vertex 0.193361805 0.0419084967 0.003
      vertex 0.193361805 0.0434052288 0.003
    endloop
  endfacet
  facet normal 0 0 1
    outer loop
      vertex 0.181420977 0.0419084967 0.003
      vertex 0.193361805 0.0434052288 0.003
      vertex 0.181420977 0.0434052288 0.003
    endloop
  endfacet
  facet normal 0 -1 0
    outer loop
      vertex 0.181420977 0.0419084967 0
      vertex 0.193361805 0.0419084967 0
      vertex 0.193361805 0.0419084967 0.003
    endloop
  endfacet
  facet normal 0 -1 0
    outer loop
      vertex 0.181420977 0.0419084967 0
      vertex 0.193361805 0.0419084967 0.003
      vertex 0.181420977 0.0419084967 0.003
    endloop
  endfacet
  facet normal 1 0 0
    outer loop
      vertex 0.193361805 0.0419084967 0
      vertex 0.193361805 0.0434052288 0
      vertex 0.193361805 0.0434052288 0.003
    endloop
  endfacet
  facet normal 1 0 0
    outer loop
      vertex 0.193361805 0.0419084967 0
      vertex 0.193361805 0.0434052288 0.003
      vertex 0.193361805 0.0419084967 0.003
    endloop
  endfacet
  facet normal 0 1 0
    outer loop
      vertex 0.193361805 0.0434052288 0
      vertex 0.181420977 0.0434052288 0
      vertex 0.181420977 0.0434052288 0.003
    endloop
  endfacet
  facet normal 0 1 -0
    outer loop
      vertex 0.193361805 0.0434052288 0
      vertex 0.181420977 0.0434052288 0.003
      vertex 0.193361805 0.0434052288 0.003
    endloop
  endfacet
  facet normal -1 0 0
    outer loop
      vertex 0.181420977 0.0434052288 0
      vertex 0.181420977 0.0419084967 0
      vertex 0.181420977 0.0419084967 0.003
    endloop
  endfacet
  facet normal -1 0 0
    outer loop
      vertex 0.181420977 0.0434052288 0
      vertex 0.181420977 0.0419084967 0.003
      vertex 0.181420977 0.0434052288 0.003
    endloop
  endfacet
  facet normal 0 0 -1
    outer loop
      vertex 0.206910922 0.0419084967 0
      vertex 0.240452714 0.0434052288 0
      vertex 0.240452714 0.0419084967 0
    endloop
  endfacet
  facet normal 0 0 -1
    outer loop
      vertex 0.206910922 0.0419084967 0
      vertex 0.206910922 0.0434052288 0
      vertex 0.240452714 0.0434052288 0
    endloop
  endfacet
  facet normal 0 0 1
    outer loop
      vertex 0.206910922 0.0419084967 0.003
      vertex 0.240452714 0.0419084967 0.003
      vertex 0.240452714 0.0434052288 0.003
    endloop
  endfacet
  facet normal 0 0 1
    outer loop
      vertex 0.206910922 0.0419084967 0.003
      vertex 0.240452714 0.0434052288 0.003
      vertex 0.206910922 0.0434052288 0.003
    endloop
  endfacet
  facet normal 0 -1 0
    outer loop
      vertex 0.206910922 0.0419084967 0
      vertex 0.240452714 0.0419084967 0
      vertex 0.240452714 0.0419084967 0.003
    endloop
  endfacet
  facet normal 0 -1 0
    outer loop
      vertex 0.206910922 0.0419084967 0
      vertex 0.240452714 0.0419084967 0.003
      vertex 0.206910922 0.0419084967 0.003
    endloop
  endfacet
  facet normal 1 0 0
    outer loop
      vertex 0.240452714 0.0419084967 0
      vertex 0.240452714 0.0434052288 0
      vertex 0.240452714 0.0434052288 0.003
    endloop
  endfacet
  facet normal 1 0 0
    outer loop
      vertex 0.240452714 0.0419084967 0
      vertex 0.240452714 0.0434052288 0.003
      vertex 0.240452714 0.0419084967 0.003
    endloop
  endfacet
  facet normal 0 1 0
    outer loop
      vertex 0.240452714 0.0434052288 0
      vertex 0.206910922 0.0434052288 0
      vertex 0.206910922 0.0434052288 0.003
    endloop
  endfacet
  facet normal 0 1 -0
    outer loop
      vertex 0.240452714 0.0434052288 0
      vertex 0.206910922 0.0434052288 0.003
      vertex 0.240452714 0.0434052288 0.003
    endloop
  endfacet
  facet normal -1 0 0
    outer loop
      vertex 0.206910922 0.0434052288 0
      vertex 0.206910922 0.0419084967 0
      vertex 0.206910922 0.0419084967 0.003
    endloop
  endfacet
  facet normal -1 0 0
    outer loop
      vertex 0.206910922 0.0434052288 0
      vertex 0.206910922 0.0419084967 0.003
      vertex 0.206910922 0.0434052288 0.003
    endloop
  endfacet
  facet normal 0 0 -1
    outer loop
      vertex 0.254001831 0.0419084967 0
      vertex 0.259 0.0434052288 0
      vertex 0.259 0.0419084967 0
    endloop
  endfacet
  facet normal 0 0 -1
    outer loop
      vertex 0.254001831 0.0419084967 0
      vertex 0.254001831 0.0434052288 0
      vertex 0.259 0.0434052288 0
    endloop
  endfacet
  facet normal 0 0 1
    outer loop
      vertex 0.254001831 0.0419084967 0.003
      vertex 0.259 0.0419084967 0.003
      vertex 0.259 0.0434052288 0.003
    endloop
  endfacet
  facet normal 0 0 1
    outer loop
      vertex 0.254001831 0.0419084967 0.003
      vertex 0.259 0.0434052288 0.003
      vertex 0.254001831 0.0434052288 0.003
    endloop
  endfacet
  facet normal 0 -1 0
    outer loop
      vertex 0.254001831 0.0419084967 0
      vertex 0.259 0.0419084967 0
      vertex 0.259 0.0419084967 0.003
    endloop
  endfacet
  facet normal 0 -1 0
    outer loop
      vertex 0.254001831 0.0419084967 0
      vertex 0.259 0.0419084967 0.003
      vertex 0.254001831 0.0419084967 0.003
    endloop
  endfacet
  facet normal 1 0 0
    outer loop
      vertex 0.259 0.0419084967 0
      vertex 0.259 0.0434052288 0
      vertex 0.259 0.0434052288 0.003
    endloop
  endfacet
  facet normal 1 0 0
    outer loop
      vertex 0.259 0.0419084967 0
      vertex 0.259 0.0434052288 0.003
      vertex 0.259 0.0419084967 0.003
    endloop
  endfacet
  facet normal 0 1 0
    outer loop
      vertex 0.259 0.0434052288 0
      vertex 0.254001831 0.0434052288 0
      vertex 0.254001831 0.0434052288 0.003
    endloop
  endfacet
  facet normal 0 1 -0
    outer loop
      vertex 0.259 0.0434052288 0
      vertex 0.254001831 0.0434052288 0.003
      vertex 0.259 0.0434052288 0.003
    endloop
  endfacet
  facet normal -1 0 0
    outer loop
      vertex 0.254001831 0.0434052288 0
      vertex 0.254001831 0.0419084967 0
      vertex 0.254001831 0.0419084967 0.003
    endloop
  endfacet
  facet normal -1 0 0
    outer loop
      vertex 0.254001831 0.0434052288 0
      vertex 0.254001831 0.0419084967 0.003
      vertex 0.254001831 0.0434052288 0.003
    endloop
  endfacet
  facet normal 0 0 -1
    outer loop
      vertex 0 0.0434052288 0
      vertex 0.17089626 0.0449019608 0
      vertex 0.17089626 0.0434052288 0
    endloop
  endfacet
  facet normal 0 0 -1
    outer loop
      vertex 0 0.0434052288 0
      vertex 0 0.0449019608 0
      vertex 0.17089626 0.0449019608 0
    endloop
  endfacet
  facet normal 0 0 1
    outer loop
      vertex 0 0.0434052288 0.003
      vertex 0.17089626 0.0434052288 0.003
      vertex 0.17089626 0.0449019608 0.003
    endloop
  endfacet
  facet normal 0 0 1
    outer loop
      vertex 0 0.0434052288 0.003
      vertex 0.17089626 0.0449019608 0.003
      vertex 0 0.0449019608 0.003
    endloop
  endfacet
  facet normal 0 -1 0
    outer loop
      vertex 0 0.0434052288 0
      vertex 0.17089626 0.0434052288 0
      vertex 0.17089626 0.0434052288 0.003
    endloop
  endfacet
  facet normal 0 -1 0
    outer loop
      vertex 0 0.0434052288 0
      vertex 0.17089626 0.0434052288 0.003
      vertex 0 0.0434052288 0.003
    endloop
  endfacet
  facet normal 1 0 0
    outer loop
      vertex 0.17089626 0.0434052288 0
      vertex 0.17089626 0.0449019608 0
      vertex 0.17089626 0.0449019608 0.003
    endloop
  endfacet
  facet normal 1 0 0
    outer loop
      vertex 0.17089626 0.0434052288 0
      vertex 0.17089626 0.0449019608 0.003
      vertex 0.17089626 0.0434052288 0.003
    endloop
  endfacet
  facet normal 0 1 0
    outer loop
      vertex 0.17089626 0.0449019608 0
      vertex 0 0.0449019608 0
      vertex 0 0.0449019608 0.003
    endloop
  endfacet
  facet normal 0 1 -0
    outer loop
      vertex 0.17089626 0.0449019608 0
      vertex 0 0.0449019608 0.003
      vertex 0.17089626 0.0449019608 0.003
    endloop
  endfacet
  facet normal -1 0 0
    outer loop
      vertex 0 0.0449019608 0
      vertex 0 0.0434052288 0
      vertex 0 0.0434052288 0.003
    endloop
  endfacet
  facet normal -1 0 0
    outer loop
      vertex 0 0.0449019608 0
      vertex 0 0.0434052288 0.003
      vertex 0 0.0449019608 0.003
    endloop
  endfacet
  facet normal 0 0 -1
    outer loop
      vertex 0.179931013 0.0434052288 0
      vertex 0.194303564 0.0449019608 0
      vertex 0.194303564 0.0434052288 0
    endloop
  endfacet
  facet normal 0 0 -1
    outer loop
      vertex 0.179931013 0.0434052288 0
      vertex 0.179931013 0.0449019608 0
      vertex 0.194303564 0.0449019608 0
    endloop
  endfacet
  facet normal 0 0 1
    outer loop
      vertex 0.179931013 0.0434052288 0.003
      vertex 0.194303564 0.0434052288 0.003
      vertex 0.194303564 0.0449019608 0.003
    endloop
  endfacet
  facet normal 0 0 1
    outer loop
      vertex 0.179931013 0.0434052288 0.003
      vertex 0.194303564 0.0449019608 0.003
      vertex 0.179931013 0.0449019608 0.003
    endloop
  endfacet
  facet normal 0 -1 0
    outer loop
      vertex 0.179931013 0.0434052288 0
      vertex 0.194303564 0.0434052288 0
      vertex 0.194303564 0.0434052288 0.003
    endloop
  endfacet
  facet normal 0 -1 0
    outer loop
      vertex 0.179931013 0.0434052288 0
      vertex 0.194303564 0.0434052288 0.003
      vertex 0.179931013 0.0434052288 0.003
    endloop
  endfacet
  facet normal 1 0 0
    outer loop
      vertex 0.194303564 0.0434052288 0
      vertex 0.194303564 0.0449019608 0
      vertex 0.194303564 0.0449019608 0.003
    endloop
  endfacet
  facet normal 1 0 0
    outer loop
      vertex 0.194303564 0.0434052288 0
      vertex 0.194303564 0.0449019608 0.003
      vertex 0.194303564 0.0434052288 0.003
    endloop
  endfacet
  facet normal 0 1 0
    outer loop
      vertex 0.194303564 0.0449019608 0
      vertex 0.179931013 0.0449019608 0
      vertex 0.179931013 0.0449019608 0.003
    endloop
  endfacet
  facet normal 0 1 -0
    outer loop
      vertex 0.194303564 0.0449019608 0
      vertex 0.179931013 0.0449019608 0.003
      vertex 0.194303564 0.0449019608 0.003
    endloop
  endfacet
  facet normal -1 0 0
    outer loop
      vertex 0.179931013 0.0449019608 0
      vertex 0.179931013 0.0434052288 0
      vertex 0.179931013 0.0434052288 0.003
    endloop
  endfacet
  facet normal -1 0 0
    outer loop
      vertex 0.179931013 0.0449019608 0
      vertex 0.179931013 0.0434052288 0.003
      vertex 0.179931013 0.0449019608 0.003
    endloop
  endfacet
  facet normal 0 0 -1
    outer loop
      vertex 0.205969163 0.0434052288 0
      vertex 0.241394473 0.0449019608 0
      vertex 0.241394473 0.0434052288 0
    endloop
  endfacet
  facet normal 0 0 -1
    outer loop
      vertex 0.205969163 0.0434052288 0
      vertex 0.205969163 0.0449019608 0
      vertex 0.241394473 0.0449019608 0
    endloop
  endfacet
  facet normal 0 0 1
    outer loop
      vertex 0.205969163 0.0434052288 0.003
      vertex 0.241394473 0.0434052288 0.003
      vertex 0.241394473 0.0449019608 0.003
    endloop
  endfacet
  facet normal 0 0 1
    outer loop
      vertex 0.205969163 0.0434052288 0.003
      vertex 0.241394473 0.0449019608 0.003
      vertex 0.205969163 0.0449019608 0.003
    endloop
  endfacet
  facet normal 0 -1 0
    outer loop
      vertex 0.205969163 0.0434052288 0
      vertex 0.241394473 0.0434052288 0
      vertex 0.241394473 0.0434052288 0.003
    endloop
  endfacet
  facet normal 0 -1 0
    outer loop
      vertex 0.205969163 0.0434052288 0
      vertex 0.241394473 0.0434052288 0.003
      vertex 0.205969163 0.0434052288 0.003
    endloop
  endfacet
  facet normal 1 0 0
    outer loop
      vertex 0.241394473 0.0434052288 0
      vertex 0.241394473 0.0449019608 0
      vertex 0.241394473 0.0449019608 0.003
    endloop
  endfacet
  facet normal 1 0 0
    outer loop
      vertex 0.241394473 0.0434052288 0
      vertex 0.241394473 0.0449019608 0.003
      vertex 0.241394473 0.0434052288 0.003
    endloop
  endfacet
  facet normal 0 1 0
    outer loop
      vertex 0.241394473 0.0449019608 0
      vertex 0.205969163 0.0449019608 0
      vertex 0.205969163 0.0449019608 0.003
    endloop
  endfacet
  facet normal 0 1 -0
    outer loop
      vertex 0.241394473 0.0449019608 0
      vertex 0.205969163 0.0449019608 0.003
      vertex 0.241394473 0.0449019608 0.003
    endloop
  endfacet
  facet normal -1 0 0
    outer loop
      vertex 0.205969163 0.0449019608 0
      vertex 0.205969163 0.0434052288 0
      vertex 0.205969163 0.0434052288 0.003
    endloop
  endfacet
  facet normal -1 0 0
    outer loop
      vertex 0.205969163 0.0449019608 0
      vertex 0.205969163 0.0434052288 0.003
      vertex 0.205969163 0.0449019608 0.003
    endloop
  endfacet
  facet normal 0 0 -1
    outer loop
      vertex 0.253060072 0.0434052288 0
      vertex 0.259 0.0449019608 0
      vertex 0.259 0.0434052288 0
    endloop
  endfacet
  facet normal 0 0 -1
    outer loop
      vertex 0.253060072 0.0434052288 0
      vertex 0.253060072 0.0449019608 0
      vertex 0.259 0.0449019608 0
    endloop
  endfacet
  facet normal 0 0 1
    outer loop
      vertex 0.253060072 0.0434052288 0.003
      vertex 0.259 0.0434052288 0.003
      vertex 0.259 0.0449019608 0.003
    endloop
  endfacet
  facet normal 0 0 1
    outer loop
      vertex 0.253060072 0.0434052288 0.003
      vertex 0.259 0.0449019608 0.003
      vertex 0.253060072 0.0449019608 0.003
    endloop
  endfacet
  facet normal 0 -1 0
    outer loop
      vertex 0.253060072 0.0434052288 0
      vertex 0.259 0.0434052288 0
      vertex 0.259 0.0434052288 0.003
    endloop
  endfacet
  facet normal 0 -1 0
    outer loop
      vertex 0.253060072 0.0434052288 0
      vertex 0.259 0.0434052288 0.003
      vertex 0.253060072 0.0434052288 0.003
    endloop
  endfacet
  facet normal 1 0 0
    outer loop
      vertex 0.259 0.0434052288 0
      vertex 0.259 0.0449019608 0
      vertex 0.259 0.0449019608 0.003
    endloop
  endfacet
  facet normal 1 0 0
    outer loop
      vertex 0.259 0.0434052288 0
      vertex 0.259 0.0449019608 0.003
      vertex 0.259 0.0434052288 0.003
    endloop
  endfacet
  facet normal 0 1 0
    outer loop
      vertex 0.259 0.0449019608 0
      vertex 0.253060072 0.0449019608 0
      vertex 0.253060072 0.0449019608 0.003
    endloop
  endfacet
  facet normal 0 1 -0
    outer loop
      vertex 0.259 0.0449019608 0
      vertex 0.253060072 0.0449019608 0.003
      vertex 0.259 0.0449019608 0.003
    endloop
  endfacet
  facet normal -1 0 0
    outer loop
      vertex 0.253060072 0.0449019608 0
      vertex 0.253060072 0.0434052288 0
      vertex 0.253060072 0.0434052288 0.003
    endloop
  endfacet
  facet normal -1 0 0
    outer loop
      vertex 0.253060072 0.0449019608 0
      vertex 0.253060072 0.0434052288 0.003
      vertex 0.253060072 0.0449019608 0.003
    endloop
  endfacet
  facet normal 0 0 -1
    outer loop
      vertex 0 0.0449019608 0
      vertex 0.174918832 0.0463986928 0
      vertex 0.174918832 0.0449019608 0
    endloop
  endfacet
  facet normal 0 0 -1
    outer loop
      vertex 0 0.0449019608 0
      vertex 0 0.0463986928 0
      vertex 0.174918832 0.0463986928 0
    endloop
  endfacet
  facet normal 0 0 1
    outer loop
      vertex 0 0.0449019608 0.003
      vertex 0.174918832 0.0449019608 0.003
      vertex 0.174918832 0.0463986928 0.003
    endloop
  endfacet
  facet normal 0 0 1
    outer loop
      vertex 0 0.0449019608 0.003
      vertex 0.174918832 0.0463986928 0.003
      vertex 0 0.0463986928 0.003
    endloop
  endfacet
  facet normal 0 -1 0
    outer loop
      vertex 0 0.0449019608 0
      vertex 0.174918832 0.0449019608 0
      vertex 0.174918832 0.0449019608 0.003
    endloop
  endfacet
  facet normal 0 -1 0
    outer loop
      vertex 0 0.0449019608 0
      vertex 0.174918832 0.0449019608 0.003
      vertex 0 0.0449019608 0.003
    endloop
  endfacet
  facet normal 1 0 0
    outer loop
      vertex 0.174918832 0.0449019608 0
      vertex 0.174918832 0.0463986928 0
      vertex 0.174918832 0.0463986928 0.003
    endloop
  endfacet
  facet normal 1 0 0
    outer loop
      vertex 0.174918832 0.0449019608 0
      vertex 0.174918832 0.0463986928 0.003
      vertex 0.174918832 0.0449019608 0.003
    endloop
  endfacet
  facet normal 0 1 0
    outer loop
      vertex 0.174918832 0.0463986928 0
      vertex 0 0.0463986928 0
      vertex 0 0.0463986928 0.003
    endloop
  endfacet
  facet normal 0 1 -0
    outer loop
      vertex 0.174918832 0.0463986928 0
      vertex 0 0.0463986928 0.003
      vertex 0.174918832 0.0463986928 0.003
    endloop
  endfacet
  facet normal -1 0 0
    outer loop
      vertex 0 0.0463986928 0
      vertex 0 0.0449019608 0
      vertex 0 0.0449019608 0.003
    endloop
  endfacet
  facet normal -1 0 0
    outer loop
      vertex 0 0.0463986928 0
      vertex 0 0.0449019608 0.003
      vertex 0 0.0463986928 0.003
    endloop
  endfacet
  facet normal 0 0 -1
    outer loop
      vertex 0.17590844 0.0449019608 0
      vertex 0.195933027 0.0463986928 0
      vertex 0.195933027 0.0449019608 0
    endloop
  endfacet
  facet normal 0 0 -1
    outer loop
      vertex 0.17590844 0.0449019608 0
      vertex 0.17590844 0.0463986928 0
      vertex 0.195933027 0.0463986928 0
    endloop
  endfacet
  facet normal 0 0 1
    outer loop
      vertex 0.17590844 0.0449019608 0.003
      vertex 0.195933027 0.0449019608 0.003
      vertex 0.195933027 0.0463986928 0.003
    endloop
  endfacet
  facet normal 0 0 1
    outer loop
      vertex 0.17590844 0.0449019608 0.003
      vertex 0.195933027 0.0463986928 0.003
      vertex 0.17590844 0.0463986928 0.003
    endloop
  endfacet
  facet normal 0 -1 0
    outer loop
      vertex 0.17590844 0.0449019608 0
      vertex 0.195933027 0.0449019608 0
      vertex 0.195933027 0.0449019608 0.003
    endloop
  endfacet
  facet normal 0 -1 0
    outer loop
      vertex 0.17590844 0.0449019608 0
      vertex 0.195933027 0.0449019608 0.003
      vertex 0.17590844 0.0449019608 0.003
    endloop
  endfacet
  facet normal 1 0 0
    outer loop
      vertex 0.195933027 0.0449019608 0
      vertex 0.195933027 0.0463986928 0
      vertex 0.195933027 0.0463986928 0.003
    endloop
  endfacet
  facet normal 1 0 0
    outer loop
      vertex 0.195933027 0.0449019608 0
      vertex 0.195933027 0.0463986928 0.003
      vertex 0.195933027 0.0449019608 0.003
    endloop
  endfacet
  facet normal 0 1 0
    outer loop
      vertex 0.195933027 0.0463986928 0
      vertex 0.17590844 0.0463986928 0
      vertex 0.17590844 0.0463986928 0.003
    endloop
  endfacet
  facet normal 0 1 -0
    outer loop
      vertex 0.195933027 0.0463986928 0
      vertex 0.17590844 0.0463986928 0.003
      vertex 0.195933027 0.0463986928 0.003
    endloop
  endfacet
  facet normal -1 0 0
    outer loop
      vertex 0.17590844 0.0463986928 0
      vertex 0.17590844 0.0449019608 0
      vertex 0.17590844 0.0449019608 0.003
    endloop
  endfacet
  facet normal -1 0 0
    outer loop
      vertex 0.17590844 0.0463986928 0
      vertex 0.17590844 0.0449019608 0.003
      vertex 0.17590844 0.0463986928 0.003
    endloop
  endfacet
  facet normal 0 0 -1
    outer loop
      vertex 0.2043397 0.0449019608 0
      vertex 0.243023936 0.0463986928 0
      vertex 0.243023936 0.0449019608 0
    endloop
  endfacet
  facet normal 0 0 -1
    outer loop
      vertex 0.2043397 0.0449019608 0
      vertex 0.2043397 0.0463986928 0
      vertex 0.243023936 0.0463986928 0
    endloop
  endfacet
  facet normal 0 0 1
    outer loop
      vertex 0.2043397 0.0449019608 0.003
      vertex 0.243023936 0.0449019608 0.003
      vertex 0.243023936 0.0463986928 0.003
    endloop
  endfacet
  facet normal 0 0 1
    outer loop
      vertex 0.2043397 0.0449019608 0.003
      vertex 0.243023936 0.0463986928 0.003
      vertex 0.2043397 0.0463986928 0.003
    endloop
  endfacet
  facet normal 0 -1 0
    outer loop
      vertex 0.2043397 0.0449019608 0
      vertex 0.243023936 0.0449019608 0
      vertex 0.243023936 0.0449019608 0.003
    endloop
  endfacet
  facet normal 0 -1 0
    outer loop
      vertex 0.2043397 0.0449019608 0
      vertex 0.243023936 0.0449019608 0.003
      vertex 0.2043397 0.0449019608 0.003
    endloop
  endfacet
  facet normal 1 0 0
    outer loop
      vertex 0.243023936 0.0449019608 0
      vertex 0.243023936 0.0463986928 0
      vertex 0.243023936 0.0463986928 0.003
    endloop
  endfacet
  facet normal 1 0 0
    outer loop
      vertex 0.243023936 0.0449019608 0
      vertex 0.243023936 0.0463986928 0.003
      vertex 0.243023936 0.0449019608 0.003
    endloop
  endfacet
  facet normal 0 1 0
    outer loop
      vertex 0.243023936 0.0463986928 0
      vertex 0.2043397 0.0463986928 0
      vertex 0.2043397 0.0463986928 0.003
    endloop
  endfacet
  facet normal 0 1 -0
    outer loop
      vertex 0.243023936 0.0463986928 0
      vertex 0.2043397 0.0463986928 0.003
      vertex 0.243023936 0.0463986928 0.003
    endloop
  endfacet
  facet normal -1 0 0
    outer loop
      vertex 0.2043397 0.0463986928 0
      vertex 0.2043397 0.0449019608 0
      vertex 0.2043397 0.0449019608 0.003
    endloop
  endfacet
  facet normal -1 0 0
    outer loop
      vertex 0.2043397 0.0463986928 0
      vertex 0.2043397 0.0449019608 0.003
      vertex 0.2043397 0.0463986928 0.003
    endloop
  endfacet
  facet normal 0 0 -1
    outer loop
      vertex 0.251430609 0.0449019608 0
      vertex 0.259 0.0463986928 0
      vertex 0.259 0.0449019608 0
    endloop
  endfacet
  facet normal 0 0 -1
    outer loop
      vertex 0.251430609 0.0449019608 0
      vertex 0.251430609 0.0463986928 0
      vertex 0.259 0.0463986928 0
    endloop
  endfacet
  facet normal 0 0 1
    outer loop
      vertex 0.251430609 0.0449019608 0.003
      vertex 0.259 0.0449019608 0.003
      vertex 0.259 0.0463986928 0.003
    endloop
  endfacet
  facet normal 0 0 1
    outer loop
      vertex 0.251430609 0.0449019608 0.003
      vertex 0.259 0.0463986928 0.003
      vertex 0.251430609 0.0463986928 0.003
    endloop
  endfacet
  facet normal 0 -1 0
    outer loop
      vertex 0.251430609 0.0449019608 0
      vertex 0.259 0.0449019608 0
      vertex 0.259 0.0449019608 0.003
    endloop
  endfacet
  facet normal 0 -1 0
    outer loop
      vertex 0.251430609 0.0449019608 0
      vertex 0.259 0.0449019608 0.003
      vertex 0.251430609 0.0449019608 0.003
    endloop
  endfacet
  facet normal 1 0 0
    outer loop
      vertex 0.259 0.0449019608 0
      vertex 0.259 0.0463986928 0
      vertex 0.259 0.0463986928 0.003
    endloop
  endfacet
  facet normal 1 0 0
    outer loop
      vertex 0.259 0.0449019608 0
      vertex 0.259 0.0463986928 0.003
      vertex 0.259 0.0449019608 0.003
    endloop
  endfacet
  facet normal 0 1 0
    outer loop
      vertex 0.259 0.0463986928 0
      vertex 0.251430609 0.0463986928 0
      vertex 0.251430609 0.0463986928 0.003
    endloop
  endfacet
  facet normal 0 1 -0
    outer loop
      vertex 0.259 0.0463986928 0
      vertex 0.251430609 0.0463986928 0.003
      vertex 0.259 0.0463986928 0.003
    endloop
  endfacet
  facet normal -1 0 0
    outer loop
      vertex 0.251430609 0.0463986928 0
      vertex 0.251430609 0.0449019608 0
      vertex 0.251430609 0.0449019608 0.003
    endloop
  endfacet
  facet normal -1 0 0
    outer loop
      vertex 0.251430609 0.0463986928 0
      vertex 0.251430609 0.0449019608 0.003
      vertex 0.251430609 0.0463986928 0.003
    endloop
  endfacet
  facet normal 0 0 -1
    outer loop
      vertex 0 0.0463986928 0
      vertex 0.259 0.0478954248 0
      vertex 0.259 0.0463986928 0
    endloop
  endfacet
  facet normal 0 0 -1
    outer loop
      vertex 0 0.0463986928 0
      vertex 0 0.0478954248 0
      vertex 0.259 0.0478954248 0
    endloop
  endfacet
  facet normal 0 0 1
    outer loop
      vertex 0 0.0463986928 0.003
      vertex 0.259 0.0463986928 0.003
      vertex 0.259 0.0478954248 0.003
    endloop
  endfacet
  facet normal 0 0 1
    outer loop
      vertex 0 0.0463986928 0.003
      vertex 0.259 0.0478954248 0.003
      vertex 0 0.0478954248 0.003
    endloop
  endfacet
  facet normal 0 -1 0
    outer loop
      vertex 0 0.0463986928 0
      vertex 0.259 0.0463986928 0
      vertex 0.259 0.0463986928 0.003
    endloop
  endfacet
  facet normal 0 -1 0
    outer loop
      vertex 0 0.0463986928 0
      vertex 0.259 0.0463986928 0.003
      vertex 0 0.0463986928 0.003
    endloop
  endfacet
  facet normal 1 0 0
    outer loop
      vertex 0.259 0.0463986928 0
      vertex 0.259 0.0478954248 0
      vertex 0.259 0.0478954248 0.003
    endloop
  endfacet
  facet normal 1 0 0
    outer loop
      vertex 0.259 0.0463986928 0
      vertex 0.259 0.0478954248 0.003
      vertex 0.259 0.0463986928 0.003
    endloop
  endfacet
  facet normal 0 1 0
    outer loop
      vertex 0.259 0.0478954248 0
      vertex 0 0.0478954248 0
      vertex 0 0.0478954248 0.003
    endloop
  endfacet
  facet normal 0 1 -0
    outer loop
      vertex 0.259 0.0478954248 0
      vertex 0 0.0478954248 0.003
      vertex 0.259 0.0478954248 0.003
    endloop
  endfacet
  facet normal -1 0 0
    outer loop
      vertex 0 0.0478954248 0
      vertex 0 0.0463986928 0
      vertex 0 0.0463986928 0.003
    endloop
  endfacet
  facet normal -1 0 0
    outer loop
      vertex 0 0.0478954248 0
      vertex 0 0.0463986928 0.003
      vertex 0 0.0478954248 0.003
    endloop
  endfacet
  facet normal 0 0 -1
    outer loop
      vertex 0 0.0478954248 0
      vertex 0.259 0.0493921569 0
      vertex 0.259 0.0478954248 0
    endloop
  endfacet
  facet normal 0 0 -1
    outer loop
      vertex 0 0.0478954248 0
      vertex 0 0.0493921569 0
      vertex 0.259 0.0493921569 0
    endloop
  endfacet
  facet normal 0 0 1
    outer loop
      vertex 0 0.0478954248 0.003
      vertex 0.259 0.0478954248 0.003
      vertex 0.259 0.0493921569 0.003
    endloop
  endfacet
  facet normal 0 0 1
    outer loop
      vertex 0 0.0478954248 0.003
      vertex 0.259 0.0493921569 0.003
      vertex 0 0.0493921569 0.003
    endloop
  endfacet
  facet normal 0 -1 0
    outer loop
      vertex 0 0.0478954248 0
      vertex 0.259 0.0478954248 0
      vertex 0.259 0.0478954248 0.003
    endloop
  endfacet
  facet normal 0 -1 0
    outer loop
      vertex 0 0.0478954248 0
      vertex 0.259 0.0478954248 0.003
      vertex 0 0.0478954248 0.003
    endloop
  endfacet
  facet normal 1 0 0
    outer loop
      vertex 0.259 0.0478954248 0
      vertex 0.259 0.0493921569 0
      vertex 0.259 0.0493921569 0.003
    endloop
  endfacet
  facet normal 1 0 0
    outer loop
      vertex 0.259 0.0478954248 0
      vertex 0.259 0.0493921569 0.003
      vertex 0.259 0.0478954248 0.003
    endloop
  endfacet
  facet normal 0 1 0
    outer loop
      vertex 0.259 0.0493921569 0
      vertex 0 0.0493921569 0
      vertex 0 0.0493921569 0.003
    endloop
  endfacet
  facet normal 0 1 -0
    outer loop
      vertex 0.259 0.0493921569 0
      vertex 0 0.0493921569 0.003
      vertex 0.259 0.0493921569 0.003
    endloop
  endfacet
  facet normal -1 0 0
    outer loop
      vertex 0 0.0493921569 0
      vertex 0 0.0478954248 0
      vertex 0 0.0478954248 0.003
    endloop
  endfacet
  facet normal -1 0 0
    outer loop
      vertex 0 0.0493921569 0
      vertex 0 0.0478954248 0.003
      vertex 0 0.0493921569 0.003
    endloop
  endfacet
  facet normal 0 0 -1
    outer loop
      vertex 0 0.0493921569 0
      vertex 0.259 0.0508888889 0
      vertex 0.259 0.0493921569 0
    endloop
  endfacet
  facet normal 0 0 -1
    outer loop
      vertex 0 0.0493921569 0
      vertex 0 0.0508888889 0
      vertex 0.259 0.0508888889 0
    endloop
  endfacet
  facet normal 0 0 1
    outer loop
      vertex 0 0.0493921569 0.003
      vertex 0.259 0.0493921569 0.003
      vertex 0.259 0.0508888889 0.003
    endloop
  endfacet
  facet normal 0 0 1
    outer loop
      vertex 0 0.0493921569 0.003
      vertex 0.259 0.0508888889 0.003
      vertex 0 0.0508888889 0.003
    endloop
  endfacet
  facet normal 0 -1 0
    outer loop
      vertex 0 0.0493921569 0
      vertex 0.259 0.0493921569 0
      vertex 0.259 0.0493921569 0.003
    endloop
  endfacet
  facet normal 0 -1 0
    outer loop
      vertex 0 0.0493921569 0
      vertex 0.259 0.0493921569 0.003
      vertex 0 0.0493921569 0.003
    endloop
  endfacet
  facet normal 1 0 0
    outer loop
      vertex 0.259 0.0493921569 0
      vertex 0.259 0.0508888889 0
      vertex 0.259 0.0508888889 0.003
    endloop
  endfacet
  facet normal 1 0 0
    outer loop
      vertex 0.259 0.0493921569 0
      vertex 0.259 0.0508888889 0.003
      vertex 0.259 0.0493921569 0.003
    endloop
  endfacet
  facet normal 0 1 0
    outer loop
      vertex 0.259 0.0508888889 0
      vertex 0 0.0508888889 0
      vertex 0 0.0508888889 0.003
    endloop
  endfacet
  facet normal 0 1 -0
    outer loop
      vertex 0.259 0.0508888889 0
      vertex 0 0.0508888889 0.003
      vertex 0.259 0.0508888889 0.003
    endloop
  endfacet
  facet normal -1 0 0
    outer loop
      vertex 0 0.0508888889 0
      vertex 0 0.0493921569 0
      vertex 0 0.0493921569 0.003
    endloop
  endfacet
  facet normal -1 0 0
    outer loop
      vertex 0 0.0508888889 0
      vertex 0 0.0493921569 0.003
      vertex 0 0.0508888889 0.003
    endloop
  endfacet
  facet normal 0 0 -1
    outer loop
      vertex 0 0.0508888889 0
      vertex 0.259 0.0523856209 0
      vertex 0.259 0.0508888889 0
    endloop
  endfacet
  facet normal 0 0 -1
    outer loop
      vertex 0 0.0508888889 0
      vertex 0 0.0523856209 0
      vertex 0.259 0.0523856209 0
    endloop
  endfacet
  facet normal 0 0 1
    outer loop
      vertex 0 0.0508888889 0.003
      vertex 0.259 0.0508888889 0.003
      vertex 0.259 0.0523856209 0.003
    endloop
  endfacet
  facet normal 0 0 1
    outer loop
      vertex 0 0.0508888889 0.003
      vertex 0.259 0.0523856209 0.003
      vertex 0 0.0523856209 0.003
    endloop
  endfacet
  facet normal 0 -1 0
    outer loop
      vertex 0 0.0508888889 0
      vertex 0.259 0.0508888889 0
      vertex 0.259 0.0508888889 0.003
    endloop
  endfacet
  facet normal 0 -1 0
    outer loop
      vertex 0 0.0508888889 0
      vertex 0.259 0.0508888889 0.003
      vertex 0 0.0508888889 0.003
    endloop
  endfacet
  facet normal 1 0 0
    outer loop
      vertex 0.259 0.0508888889 0
      vertex 0.259 0.0523856209 0
      vertex 0.259 0.0523856209 0.003
    endloop
  endfacet
  facet normal 1 0 0
    outer loop
      vertex 0.259 0.0508888889 0
      vertex 0.259 0.0523856209 0.003
      vertex 0.259 0.0508888889 0.003
    endloop
  endfacet
  facet normal 0 1 0
    outer loop
      vertex 0.259 0.0523856209 0
      vertex 0 0.0523856209 0
      vertex 0 0.0523856209 0.003
    endloop
  endfacet
  facet normal 0 1 -0
    outer loop
      vertex 0.259 0.0523856209 0
      vertex 0 0.0523856209 0.003
      vertex 0.259 0.0523856209 0.003
    endloop
  endfacet
  facet normal -1 0 0
    outer loop
      vertex 0 0.0523856209 0
      vertex 0 0.0508888889 0
      vertex 0 0.0508888889 0.003
    endloop
  endfacet
  facet normal -1 0 0
    outer loop
      vertex 0 0.0523856209 0
      vertex 0 0.0508888889 0.003
      vertex 0 0.0523856209 0.003
    endloop
  endfacet
  facet normal 0 0 -1
    outer loop
      vertex 0 0.0523856209 0
      vertex 0.259 0.0538823529 0
      vertex 0.259 0.0523856209 0
    endloop
  endfacet
  facet normal 0 0 -1
    outer loop
      vertex 0 0.0523856209 0
      vertex 0 0.0538823529 0
      vertex 0.259 0.0538823529 0
    endloop
  endfacet
  facet normal 0 0 1
    outer loop
      vertex 0 0.0523856209 0.003
      vertex 0.259 0.0523856209 0.003
      vertex 0.259 0.0538823529 0.003
    endloop
  endfacet
  facet normal 0 0 1
    outer loop
      vertex 0 0.0523856209 0.003
      vertex 0.259 0.0538823529 0.003
      vertex 0 0.0538823529 0.003
    endloop
  endfacet
  facet normal 0 -1 0
    outer loop
      vertex 0 0.0523856209 0
      vertex 0.259 0.0523856209 0
      vertex 0.259 0.0523856209 0.003
    endloop
  endfacet
  facet normal 0 -1 0
    outer loop
      vertex 0 0.0523856209 0
      vertex 0.259 0.0523856209 0.003
      vertex 0 0.0523856209 0.003
    endloop
  endfacet
  facet normal 1 0 0
    outer loop
      vertex 0.259 0.0523856209 0
      vertex 0.259 0.0538823529 0
      vertex 0.259 0.0538823529 0.003
    endloop
  endfacet
  facet normal 1 0 0
    outer loop
      vertex 0.259 0.0523856209 0
      vertex 0.259 0.0538823529 0.003
      vertex 0.259 0.0523856209 0.003
    endloop
  endfacet
  facet normal 0 1 0
    outer loop
      vertex 0.259 0.0538823529 0
      vertex 0 0.0538823529 0
      vertex 0 0.0538823529 0.003
    endloop
  endfacet
  facet normal 0 1 -0
    outer loop
      vertex 0.259 0.0538823529 0
      vertex 0 0.0538823529 0.003
      vertex 0.259 0.0538823529 0.003
    endloop
  endfacet
  facet normal -1 0 0
    outer loop
      vertex 0 0.0538823529 0
      vertex 0 0.0523856209 0
      vertex 0 0.0523856209 0.003
    endloop
  endfacet
  facet normal -1 0 0
    outer loop
      vertex 0 0.0538823529 0
      vertex 0 0.0523856209 0.003
      vertex 0 0.0538823529 0.003
    endloop
  endfacet
  facet normal 0 0 -1
    outer loop
      vertex 0 0.0538823529 0
      vertex 0.259 0.055379085 0
      vertex 0.259 0.0538823529 0
    endloop
  endfacet
  facet normal 0 0 -1
    outer loop
      vertex 0 0.0538823529 0
      vertex 0 0.055379085 0
      vertex 0.259 0.055379085 0
    endloop
  endfacet
  facet normal 0 0 1
    outer loop
      vertex 0 0.0538823529 0.003
      vertex 0.259 0.0538823529 0.003
      vertex 0.259 0.055379085 0.003
    endloop
  endfacet
  facet normal 0 0 1
    outer loop
      vertex 0 0.0538823529 0.003
      vertex 0.259 0.055379085 0.003
      vertex 0 0.055379085 0.003
    endloop
  endfacet
  facet normal 0 -1 0
    outer loop
      vertex 0 0.0538823529 0
      vertex 0.259 0.0538823529 0
      vertex 0.259 0.0538823529 0.003
    endloop
  endfacet
  facet normal 0 -1 0
    outer loop
      vertex 0 0.0538823529 0
      vertex 0.259 0.0538823529 0.003
      vertex 0 0.0538823529 0.003
    endloop
  endfacet
  facet normal 1 0 0
    outer loop
      vertex 0.259 0.0538823529 0
      vertex 0.259 0.055379085 0
      vertex 0.259 0.055379085 0.003
    endloop
  endfacet
  facet normal 1 0 0
    outer loop
      vertex 0.259 0.0538823529 0
      vertex 0.259 0.055379085 0.003
      vertex 0.259 0.0538823529 0.003
    endloop
  endfacet
  facet normal 0 1 0
    outer loop
      vertex 0.259 0.055379085 0
      vertex 0 0.055379085 0
      vertex 0 0.055379085 0.003
    endloop
  endfacet
  facet normal 0 1 -0
    outer loop
      vertex 0.259 0.055379085 0
      vertex 0 0.055379085 0.003
      vertex 0.259 0.055379085 0.003
    endloop
  endfacet
  facet normal -1 0 0
    outer loop
      vertex 0 0.055379085 0
      vertex 0 0.0538823529 0
      vertex 0 0.0538823529 0.003
    endloop
  endfacet
  facet normal -1 0 0
    outer loop
      vertex 0 0.055379085 0
      vertex 0 0.0538823529 0.003
      vertex 0 0.055379085 0.003
    endloop
  endfacet
  facet normal 0 0 -1
    outer loop
      vertex 0 0.055379085 0
      vertex 0.259 0.056875817 0
      vertex 0.259 0.055379085 0
    endloop
  endfacet
  facet normal 0 0 -1
    outer loop
      vertex 0 0.055379085 0
      vertex 0 0.056875817 0
      vertex 0.259 0.056875817 0
    endloop
  endfacet
  facet normal 0 0 1
    outer loop
      vertex 0 0.055379085 0.003
      vertex 0.259 0.055379085 0.003
      vertex 0.259 0.056875817 0.003
    endloop
  endfacet
  facet normal 0 0 1
    outer loop
      vertex 0 0.055379085 0.003
      vertex 0.259 0.056875817 0.003
      vertex 0 0.056875817 0.003
    endloop
  endfacet
  facet normal 0 -1 0
    outer loop
      vertex 0 0.055379085 0
      vertex 0.259 0.055379085 0
      vertex 0.259 0.055379085 0.003
    endloop
  endfacet
  facet normal 0 -1 0
    outer loop
      vertex 0 0.055379085 0
      vertex 0.259 0.055379085 0.003
      vertex 0 0.055379085 0.003
    endloop
  endfacet
  facet normal 1 0 0
    outer loop
      vertex 0.259 0.055379085 0
      vertex 0.259 0.056875817 0
      vertex 0.259 0.056875817 0.003
    endloop
  endfacet
  facet normal 1 0 0
    outer loop
      vertex 0.259 0.055379085 0
      vertex 0.259 0.056875817 0.003
      vertex 0.259 0.055379085 0.003
    endloop
  endfacet
  facet normal 0 1 0
    outer loop
      vertex 0.259 0.056875817 0
      vertex 0 0.056875817 0
      vertex 0 0.056875817 0.003
    endloop
  endfacet
  facet normal 0 1 -0
    outer loop
      vertex 0.259 0.056875817 0
      vertex 0 0.056875817 0.003
      vertex 0.259 0.056875817 0.003
    endloop
  endfacet
  facet normal -1 0 0
    outer loop
      vertex 0 0.056875817 0
      vertex 0 0.055379085 0
      vertex 0 0.055379085 0.003
    endloop
  endfacet
  facet normal -1 0 0
    outer loop
      vertex 0 0.056875817 0
      vertex 0 0.055379085 0.003
      vertex 0 0.056875817 0.003
    endloop
  endfacet
  facet normal 0 0 -1
    outer loop
      vertex 0 0.056875817 0
      vertex 0.259 0.058372549 0
      vertex 0.259 0.056875817 0
    endloop
  endfacet
  facet normal 0 0 -1
    outer loop
      vertex 0 0.056875817 0
      vertex 0 0.058372549 0
      vertex 0.259 0.058372549 0
    endloop
  endfacet
  facet normal 0 0 1
    outer loop
      vertex 0 0.056875817 0.003
      vertex 0.259 0.056875817 0.003
      vertex 0.259 0.058372549 0.003
    endloop
  endfacet
  facet normal 0 0 1
    outer loop
      vertex 0 0.056875817 0.003
      vertex 0.259 0.058372549 0.003
      vertex 0 0.058372549 0.003
    endloop
  endfacet
  facet normal 0 -1 0
    outer loop
      vertex 0 0.056875817 0
      vertex 0.259 0.056875817 0
      vertex 0.259 0.056875817 0.003
    endloop
  endfacet
  facet normal 0 -1 0
    outer loop
      vertex 0 0.056875817 0
      vertex 0.259 0.056875817 0.003
      vertex 0 0.056875817 0.003
    endloop
  endfacet
  facet normal 1 0 0
    outer loop
      vertex 0.259 0.056875817 0
      vertex 0.259 0.058372549 0
      vertex 0.259 0.058372549 0.003
    endloop
  endfacet
  facet normal 1 0 0
    outer loop
      vertex 0.259 0.056875817 0
      vertex 0.259 0.058372549 0.003
      vertex 0.259 0.056875817 0.003
    endloop
  endfacet
  facet normal 0 1 0
    outer loop
      vertex 0.259 0.058372549 0
      vertex 0 0.058372549 0
      vertex 0 0.058372549 0.003
    endloop
  endfacet
  facet normal 0 1 -0
    outer loop
      vertex 0.259 0.058372549 0
      vertex 0 0.058372549 0.003
      vertex 0.259 0.058372549 0.003
    endloop
  endfacet
  facet normal -1 0 0
    outer loop
      vertex 0 0.058372549 0
      vertex 0 0.056875817 0
      vertex 0 0.056875817 0.003
    endloop
  endfacet
  facet normal -1 0 0
    outer loop
      vertex 0 0.058372549 0
      vertex 0 0.056875817 0.003
      vertex 0 0.058372549 0.003
    endloop
  endfacet
  facet normal 0 0 -1
    outer loop
      vertex 0 0.058372549 0
      vertex 0.259 0.059869281 0
      vertex 0.259 0.058372549 0
    endloop
  endfacet
  facet normal 0 0 -1
    outer loop
      vertex 0 0.058372549 0
      vertex 0 0.059869281 0
      vertex 0.259 0.059869281 0
    endloop
  endfacet
  facet normal 0 0 1
    outer loop
      vertex 0 0.058372549 0.003
      vertex 0.259 0.058372549 0.003
      vertex 0.259 0.059869281 0.003
    endloop
  endfacet
  facet normal 0 0 1
    outer loop
      vertex 0 0.058372549 0.003
      vertex 0.259 0.059869281 0.003
      vertex 0 0.059869281 0.003
    endloop
  endfacet
  facet normal 0 -1 0
    outer loop
      vertex 0 0.058372549 0
      vertex 0.259 0.058372549 0
      vertex 0.259 0.058372549 0.003
    endloop
  endfacet
  facet normal 0 -1 0
    outer loop
      vertex 0 0.058372549 0
      vertex 0.259 0.058372549 0.003
      vertex 0 0.058372549 0.003
    endloop
  endfacet
  facet normal 1 0 0
    outer loop
      vertex 0.259 0.058372549 0
      vertex 0.259 0.059869281 0
      vertex 0.259 0.059869281 0.003
    endloop
  endfacet
  facet normal 1 0 0
    outer loop
      vertex 0.259 0.058372549 0
      vertex 0.259 0.059869281 0.003
      vertex 0.259 0.058372549 0.003
    endloop
  endfacet
  facet normal 0 1 0
    outer loop
      vertex 0.259 0.059869281 0
      vertex 0 0.059869281 0
      vertex 0 0.059869281 0.003
    endloop
  endfacet
  facet normal 0 1 -0
    outer loop
      vertex 0.259 0.059869281 0
      vertex 0 0.059869281 0.003
      vertex 0.259 0.059869281 0.003
    endloop
  endfacet
  facet normal -1 0 0
    outer loop
      vertex 0 0.059869281 0
      vertex 0 0.058372549 0
      vertex 0 0.058372549 0.003
    endloop
  endfacet
  facet normal -1 0 0
    outer loop
      vertex 0 0.059869281 0
      vertex 0 0.058372549 0.003
      vertex 0 0.059869281 0.003
    endloop
  endfacet
  facet normal 0 0 -1
    outer loop
      vertex 0 0.059869281 0
      vertex 0.259 0.0613660131 0
      vertex 0.259 0.059869281 0
    endloop
  endfacet
  facet normal 0 0 -1
    outer loop
      vertex 0 0.059869281 0
      vertex 0 0.0613660131 0
      vertex 0.259 0.0613660131 0
    endloop
  endfacet
  facet normal 0 0 1
    outer loop
      vertex 0 0.059869281 0.003
      vertex 0.259 0.059869281 0.003
      vertex 0.259 0.0613660131 0.003
    endloop
  endfacet
  facet normal 0 0 1
    outer loop
      vertex 0 0.059869281 0.003
      vertex 0.259 0.0613660131 0.003
      vertex 0 0.0613660131 0.003
    endloop
  endfacet
  facet normal 0 -1 0
    outer loop
      vertex 0 0.059869281 0
      vertex 0.259 0.059869281 0
      vertex 0.259 0.059869281 0.003
    endloop
  endfacet
  facet normal 0 -1 0
    outer loop
      vertex 0 0.059869281 0
      vertex 0.259 0.059869281 0.003
      vertex 0 0.059869281 0.003
    endloop
  endfacet
  facet normal 1 0 0
    outer loop
      vertex 0.259 0.059869281 0
      vertex 0.259 0.0613660131 0
      vertex 0.259 0.0613660131 0.003
    endloop
  endfacet
  facet normal 1 0 0
    outer loop
      vertex 0.259 0.059869281 0
      vertex 0.259 0.0613660131 0.003
      vertex 0.259 0.059869281 0.003
    endloop
  endfacet
  facet normal 0 1 0
    outer loop
      vertex 0.259 0.0613660131 0
      vertex 0 0.0613660131 0
      vertex 0 0.0613660131 0.003
    endloop
  endfacet
  facet normal 0 1 -0
    outer loop
      vertex 0.259 0.0613660131 0
      vertex 0 0.0613660131 0.003
      vertex 0.259 0.0613660131 0.003
    endloop
  endfacet
  facet normal -1 0 0
    outer loop
      vertex 0 0.0613660131 0
      vertex 0 0.059869281 0
      vertex 0 0.059869281 0.003
    endloop
  endfacet
  facet normal -1 0 0
    outer loop
      vertex 0 0.0613660131 0
      vertex 0 0.059869281 0.003
      vertex 0 0.0613660131 0.003
    endloop
  endfacet
  facet normal 0 0 -1
    outer loop
      vertex 0 0.0613660131 0
      vertex 0.259 0.0628627451 0
      vertex 0.259 0.0613660131 0
    endloop
  endfacet
  facet normal 0 0 -1
    outer loop
      vertex 0 0.0613660131 0
      vertex 0 0.0628627451 0
      vertex 0.259 0.0628627451 0
    endloop
  endfacet
  facet normal 0 0 1
    outer loop
      vertex 0 0.0613660131 0.003
      vertex 0.259 0.0613660131 0.003
      vertex 0.259 0.0628627451 0.003
    endloop
  endfacet
  facet normal 0 0 1
    outer loop
      vertex 0 0.0613660131 0.003
      vertex 0.259 0.0628627451 0.003
      vertex 0 0.0628627451 0.003
    endloop
  endfacet
  facet normal 0 -1 0
    outer loop
      vertex 0 0.0613660131 0
      vertex 0.259 0.0613660131 0
      vertex 0.259 0.0613660131 0.003
    endloop
  endfacet
  facet normal 0 -1 0
    outer loop
      vertex 0 0.0613660131 0
      vertex 0.259 0.0613660131 0.003
      vertex 0 0.0613660131 0.003
    endloop
  endfacet
  facet normal 1 0 0
    outer loop
      vertex 0.259 0.0613660131 0
      vertex 0.259 0.0628627451 0
      vertex 0.259 0.0628627451 0.003
    endloop
  endfacet
  facet normal 1 0 0
    outer loop
      vertex 0.259 0.0613660131 0
      vertex 0.259 0.0628627451 0.003
      vertex 0.259 0.0613660131 0.003
    endloop
  endfacet
  facet normal 0 1 0
    outer loop
      vertex 0.259 0.0628627451 0
      vertex 0 0.0628627451 0
      vertex 0 0.0628627451 0.003
    endloop
  endfacet
  facet normal 0 1 -0
    outer loop
      vertex 0.259 0.0628627451 0
      vertex 0 0.0628627451 0.003
      vertex 0.259 0.0628627451 0.003
    endloop
  endfacet
  facet normal -1 0 0
    outer loop
      vertex 0 0.0628627451 0
      vertex 0 0.0613660131 0
      vertex 0 0.0613660131 0.003
    endloop
  endfacet
  facet normal -1 0 0
    outer loop
      vertex 0 0.0628627451 0
      vertex 0 0.0613660131 0.003
      vertex 0 0.0628627451 0.003
    endloop
  endfacet
  facet normal 0 0 -1
    outer loop
      vertex 0 0.0628627451 0
      vertex 0.259 0.0643594771 0
      vertex 0.259 0.0628627451 0
    endloop
  endfacet
  facet normal 0 0 -1
    outer loop
      vertex 0 0.0628627451 0
      vertex 0 0.0643594771 0
      vertex 0.259 0.0643594771 0
    endloop
  endfacet
  facet normal 0 0 1
    outer loop
      vertex 0 0.0628627451 0.003
      vertex 0.259 0.0628627451 0.003
      vertex 0.259 0.0643594771 0.003
    endloop
  endfacet
  facet normal 0 0 1
    outer loop
      vertex 0 0.0628627451 0.003
      vertex 0.259 0.0643594771 0.003
      vertex 0 0.0643594771 0.003
    endloop
  endfacet
  facet normal 0 -1 0
    outer loop
      vertex 0 0.0628627451 0
      vertex 0.259 0.0628627451 0
      vertex 0.259 0.0628627451 0.003
    endloop
  endfacet
  facet normal 0 -1 0
    outer loop
      vertex 0 0.0628627451 0
      vertex 0.259 0.0628627451 0.003
      vertex 0 0.0628627451 0.003
    endloop
  endfacet
  facet normal 1 0 0
    outer loop
      vertex 0.259 0.0628627451 0
      vertex 0.259 0.0643594771 0
      vertex 0.259 0.0643594771 0.003
    endloop
  endfacet
  facet normal 1 0 0
    outer loop
      vertex 0.259 0.0628627451 0
      vertex 0.259 0.0643594771 0.003
      vertex 0.259 0.0628627451 0.003
    endloop
  endfacet
  facet normal 0 1 0
    outer loop
      vertex 0.259 0.0643594771 0
      vertex 0 0.0643594771 0
      vertex 0 0.0643594771 0.003
    endloop
  endfacet
  facet normal 0 1 -0
    outer loop
      vertex 0.259 0.0643594771 0
      vertex 0 0.0643594771 0.003
      vertex 0.259 0.0643594771 0.003
    endloop
  endfacet
  facet normal -1 0 0
    outer loop
      vertex 0 0.0643594771 0
      vertex 0 0.0628627451 0
      vertex 0 0.0628627451 0.003
    endloop
  endfacet
  facet normal -1 0 0
    outer loop
      vertex 0 0.0643594771 0
      vertex 0 0.0628627451 0.003
      vertex 0 0.0643594771 0.003
    endloop
  endfacet
  facet normal 0 0 -1
    outer loop
      vertex 0 0.0643594771 0
      vertex 0.259 0.0658562092 0
      vertex 0.259 0.0643594771 0
    endloop
  endfacet
  facet normal 0 0 -1
    outer loop
      vertex 0 0.0643594771 0
      vertex 0 0.0658562092 0
      vertex 0.259 0.0658562092 0
    endloop
  endfacet
  facet normal 0 0 1
    outer loop
      vertex 0 0.0643594771 0.003
      vertex 0.259 0.0643594771 0.003
      vertex 0.259 0.0658562092 0.003
    endloop
  endfacet
  facet normal 0 0 1
    outer loop
      vertex 0 0.0643594771 0.003
      vertex 0.259 0.0658562092 0.003
      vertex 0 0.0658562092 0.003
    endloop
  endfacet
  facet normal 0 -1 0
    outer loop
      vertex 0 0.0643594771 0
      vertex 0.259 0.0643594771 0
      vertex 0.259 0.0643594771 0.003
    endloop
  endfacet
  facet normal 0 -1 0
    outer loop
      vertex 0 0.0643594771 0
      vertex 0.259 0.0643594771 0.003
      vertex 0 0.0643594771 0.003
    endloop
  endfacet
  facet normal 1 0 0
    outer loop
      vertex 0.259 0.0643594771 0
      vertex 0.259 0.0658562092 0
      vertex 0.259 0.0658562092 0.003
    endloop
  endfacet
  facet normal 1 0 0
    outer loop
      vertex 0.259 0.0643594771 0
      vertex 0.259 0.0658562092 0.003
      vertex 0.259 0.0643594771 0.003
    endloop
  endfacet
  facet normal 0 1 0
    outer loop
      vertex 0.259 0.0658562092 0
      vertex 0 0.0658562092 0
      vertex 0 0.0658562092 0.003
    endloop
  endfacet
  facet normal 0 1 -0
    outer loop
      vertex 0.259 0.0658562092 0
      vertex 0 0.0658562092 0.003
      vertex 0.259 0.0658562092 0.003
    endloop
  endfacet
  facet normal -1 0 0
    outer loop
      vertex 0 0.0658562092 0
      vertex 0 0.0643594771 0
      vertex 0 0.0643594771 0.003
    endloop
  endfacet
  facet normal -1 0 0
    outer loop
      vertex 0 0.0658562092 0
      vertex 0 0.0643594771 0.003
      vertex 0 0.0658562092 0.003
    endloop
  endfacet
  facet normal 0 0 -1
    outer loop
      vertex 0 0.0658562092 0
      vertex 0.259 0.0673529412 0
      vertex 0.259 0.0658562092 0
    endloop
  endfacet
  facet normal 0 0 -1
    outer loop
      vertex 0 0.0658562092 0
      vertex 0 0.0673529412 0
      vertex 0.259 0.0673529412 0
    endloop
  endfacet
  facet normal 0 0 1
    outer loop
      vertex 0 0.0658562092 0.003
      vertex 0.259 0.0658562092 0.003
      vertex 0.259 0.0673529412 0.003
    endloop
  endfacet
  facet normal 0 0 1
    outer loop
      vertex 0 0.0658562092 0.003
      vertex 0.259 0.0673529412 0.003
      vertex 0 0.0673529412 0.003
    endloop
  endfacet
  facet normal 0 -1 0
    outer loop
      vertex 0 0.0658562092 0
      vertex 0.259 0.0658562092 0
      vertex 0.259 0.0658562092 0.003
    endloop
  endfacet
  facet normal 0 -1 0
    outer loop
      vertex 0 0.0658562092 0
      vertex 0.259 0.0658562092 0.003
      vertex 0 0.0658562092 0.003
    endloop
  endfacet
  facet normal 1 0 0
    outer loop
      vertex 0.259 0.0658562092 0
      vertex 0.259 0.0673529412 0
      vertex 0.259 0.0673529412 0.003
    endloop
  endfacet
  facet normal 1 0 0
    outer loop
      vertex 0.259 0.0658562092 0
      vertex 0.259 0.0673529412 0.003
      vertex 0.259 0.0658562092 0.003
    endloop
  endfacet
  facet normal 0 1 0
    outer loop
      vertex 0.259 0.0673529412 0
      vertex 0 0.0673529412 0
      vertex 0 0.0673529412 0.003
    endloop
  endfacet
  facet normal 0 1 -0
    outer loop
      vertex 0.259 0.0673529412 0
      vertex 0 0.0673529412 0.003
      vertex 0.259 0.0673529412 0.003
    endloop
  endfacet
  facet normal -1 0 0
    outer loop
      vertex 0 0.0673529412 0
      vertex 0 0.0658562092 0
      vertex 0 0.0658562092 0.003
    endloop
  endfacet
  facet normal -1 0 0
    outer loop
      vertex 0 0.0673529412 0
      vertex 0 0.0658562092 0.003
      vertex 0 0.0673529412 0.003
    endloop
  endfacet
  facet normal 0 0 -1
    outer loop
      vertex 0 0.0673529412 0
      vertex 0.259 0.0688496732 0
      vertex 0.259 0.0673529412 0
    endloop
  endfacet
  facet normal 0 0 -1
    outer loop
      vertex 0 0.0673529412 0
      vertex 0 0.0688496732 0
      vertex 0.259 0.0688496732 0
    endloop
  endfacet
  facet normal 0 0 1
    outer loop
      vertex 0 0.0673529412 0.003
      vertex 0.259 0.0673529412 0.003
      vertex 0.259 0.0688496732 0.003
    endloop
  endfacet
  facet normal 0 0 1
    outer loop
      vertex 0 0.0673529412 0.003
      vertex 0.259 0.0688496732 0.003
      vertex 0 0.0688496732 0.003
    endloop
  endfacet
  facet normal 0 -1 0
    outer loop
      vertex 0 0.0673529412 0
      vertex 0.259 0.0673529412 0
      vertex 0.259 0.0673529412 0.003
    endloop
  endfacet
  facet normal 0 -1 0
    outer loop
      vertex 0 0.0673529412 0
      vertex 0.259 0.0673529412 0.003
      vertex 0 0.0673529412 0.003
    endloop
  endfacet
  facet normal 1 0 0
    outer loop
      vertex 0.259 0.0673529412 0
      vertex 0.259 0.0688496732 0
      vertex 0.259 0.0688496732 0.003
    endloop
  endfacet
  facet normal 1 0 0
    outer loop
      vertex 0.259 0.0673529412 0
      vertex 0.259 0.0688496732 0.003
      vertex 0.259 0.0673529412 0.003
    endloop
  endfacet
  facet normal 0 1 0
    outer loop
      vertex 0.259 0.0688496732 0
      vertex 0 0.0688496732 0
      vertex 0 0.0688496732 0.003
    endloop
  endfacet
  facet normal 0 1 -0
    outer loop
      vertex 0.259 0.0688496732 0
      vertex 0 0.0688496732 0.003
      vertex 0.259 0.0688496732 0.003
    endloop
  endfacet
  facet normal -1 0 0
    outer loop
      vertex 0 0.0688496732 0
      vertex 0 0.0673529412 0
      vertex 0 0.0673529412 0.003
    endloop
  endfacet
  facet normal -1 0 0
    outer loop
      vertex 0 0.0688496732 0
      vertex 0 0.0673529412 0.003
      vertex 0 0.0688496732 0.003
    endloop
  endfacet
  facet normal 0 0 -1
    outer loop
      vertex 0 0.0688496732 0
      vertex 0.259 0.0703464052 0
      vertex 0.259 0.0688496732 0
    endloop
  endfacet
  facet normal 0 0 -1
    outer loop
      vertex 0 0.0688496732 0
      vertex 0 0.0703464052 0
      vertex 0.259 0.0703464052 0
    endloop
  endfacet
  facet normal 0 0 1
    outer loop
      vertex 0 0.0688496732 0.003
      vertex 0.259 0.0688496732 0.003
      vertex 0.259 0.0703464052 0.003
    endloop
  endfacet
  facet normal 0 0 1
    outer loop
      vertex 0 0.0688496732 0.003
      vertex 0.259 0.0703464052 0.003
      vertex 0 0.0703464052 0.003
    endloop
  endfacet
  facet normal 0 -1 0
    outer loop
      vertex 0 0.0688496732 0
      vertex 0.259 0.0688496732 0
      vertex 0.259 0.0688496732 0.003
    endloop
  endfacet
  facet normal 0 -1 0
    outer loop
      vertex 0 0.0688496732 0
      vertex 0.259 0.0688496732 0.003
      vertex 0 0.0688496732 0.003
    endloop
  endfacet
  facet normal 1 0 0
    outer loop
      vertex 0.259 0.0688496732 0
      vertex 0.259 0.0703464052 0
      vertex 0.259 0.0703464052 0.003
    endloop
  endfacet
  facet normal 1 0 0
    outer loop
      vertex 0.259 0.0688496732 0
      vertex 0.259 0.0703464052 0.003
      vertex 0.259 0.0688496732 0.003
    endloop
  endfacet
  facet normal 0 1 0
    outer loop
      vertex 0.259 0.0703464052 0
      vertex 0 0.0703464052 0
      vertex 0 0.0703464052 0.003
    endloop
  endfacet
  facet normal 0 1 -0
    outer loop
      vertex 0.259 0.0703464052 0
      vertex 0 0.0703464052 0.003
      vertex 0.259 0.0703464052 0.003
    endloop
  endfacet
  facet normal -1 0 0
    outer loop
      vertex 0 0.0703464052 0
      vertex 0 0.0688496732 0
      vertex 0 0.0688496732 0.003
    endloop
  endfacet
  facet normal -1 0 0
    outer loop
      vertex 0 0.0703464052 0
      vertex 0 0.0688496732 0.003
      vertex 0 0.0703464052 0.003
    endloop
  endfacet
  facet normal 0 0 -1
    outer loop
      vertex 0 0.0703464052 0
      vertex 0.259 0.0718431373 0
      vertex 0.259 0.0703464052 0
    endloop
  endfacet
  facet normal 0 0 -1
    outer loop
      vertex 0 0.0703464052 0
      vertex 0 0.0718431373 0
      vertex 0.259 0.0718431373 0
    endloop
  endfacet
  facet normal 0 0 1
    outer loop
      vertex 0 0.0703464052 0.003
      vertex 0.259 0.0703464052 0.003
      vertex 0.259 0.0718431373 0.003
    endloop
  endfacet
  facet normal 0 0 1
    outer loop
      vertex 0 0.0703464052 0.003
      vertex 0.259 0.0718431373 0.003
      vertex 0 0.0718431373 0.003
    endloop
  endfacet
  facet normal 0 -1 0
    outer loop
      vertex 0 0.0703464052 0
      vertex 0.259 0.0703464052 0
      vertex 0.259 0.0703464052 0.003
    endloop
  endfacet
  facet normal 0 -1 0
    outer loop
      vertex 0 0.0703464052 0
      vertex 0.259 0.0703464052 0.003
      vertex 0 0.0703464052 0.003
    endloop
  endfacet
  facet normal 1 0 0
    outer loop
      vertex 0.259 0.0703464052 0
      vertex 0.259 0.0718431373 0
      vertex 0.259 0.0718431373 0.003
    endloop
  endfacet
  facet normal 1 0 0
    outer loop
      vertex 0.259 0.0703464052 0
      vertex 0.259 0.0718431373 0.003
      vertex 0.259 0.0703464052 0.003
    endloop
  endfacet
  facet normal 0 1 0
    outer loop
      vertex 0.259 0.0718431373 0
      vertex 0 0.0718431373 0
      vertex 0 0.0718431373 0.003
    endloop
  endfacet
  facet normal 0 1 -0
    outer loop
      vertex 0.259 0.0718431373 0
      vertex 0 0.0718431373 0.003
      vertex 0.259 0.0718431373 0.003
    endloop
  endfacet
  facet normal -1 0 0
    outer loop
      vertex 0 0.0718431373 0
      vertex 0 0.0703464052 0
      vertex 0 0.0703464052 0.003
    endloop
  endfacet
  facet normal -1 0 0
    outer loop
      vertex 0 0.0718431373 0
      vertex 0 0.0703464052 0.003
      vertex 0 0.0718431373 0.003
    endloop
  endfacet
  facet normal 0 0 -1
    outer loop
      vertex 0 0.0718431373 0
      vertex 0.259 0.0733398693 0
      vertex 0.259 0.0718431373 0
    endloop
  endfacet
  facet normal 0 0 -1
    outer loop
      vertex 0 0.0718431373 0
      vertex 0 0.0733398693 0
      vertex 0.259 0.0733398693 0
    endloop
  endfacet
  facet normal 0 0 1
    outer loop
      vertex 0 0.0718431373 0.003
      vertex 0.259 0.0718431373 0.003
      vertex 0.259 0.0733398693 0.003
    endloop
  endfacet
  facet normal 0 0 1
    outer loop
      vertex 0 0.0718431373 0.003
      vertex 0.259 0.0733398693 0.003
      vertex 0 0.0733398693 0.003
    endloop
  endfacet
  facet normal 0 -1 0
    outer loop
      vertex 0 0.0718431373 0
      vertex 0.259 0.0718431373 0
      vertex 0.259 0.0718431373 0.003
    endloop
  endfacet
  facet normal 0 -1 0
    outer loop
      vertex 0 0.0718431373 0
      vertex 0.259 0.0718431373 0.003
      vertex 0 0.0718431373 0.003
    endloop
  endfacet
  facet normal 1 0 0
    outer loop
      vertex 0.259 0.0718431373 0
      vertex 0.259 0.0733398693 0
      vertex 0.259 0.0733398693 0.003
    endloop
  endfacet
  facet normal 1 0 0
    outer loop
      vertex 0.259 0.0718431373 0
      vertex 0.259 0.0733398693 0.003
      vertex 0.259 0.0718431373 0.003
    endloop
  endfacet
  facet normal 0 1 0
    outer loop
      vertex 0.259 0.0733398693 0
      vertex 0 0.0733398693 0
      vertex 0 0.0733398693 0.003
    endloop
  endfacet
  facet normal 0 1 -0
    outer loop
      vertex 0.259 0.0733398693 0
      vertex 0 0.0733398693 0.003
      vertex 0.259 0.0733398693 0.003
    endloop
  endfacet
  facet normal -1 0 0
    outer loop
      vertex 0 0.0733398693 0
      vertex 0 0.0718431373 0
      vertex 0 0.0718431373 0.003
    endloop
  endfacet
  facet normal -1 0 0
    outer loop
      vertex 0 0.0733398693 0
      vertex 0 0.0718431373 0.003
      vertex 0 0.0733398693 0.003
    endloop
  endfacet
  facet normal 0 0 -1
    outer loop
      vertex 0 0.0733398693 0
      vertex 0.259 0.0748366013 0
      vertex 0.259 0.0733398693 0
    endloop
  endfacet
  facet normal 0 0 -1
    outer loop
      vertex 0 0.0733398693 0
      vertex 0 0.0748366013 0
      vertex 0.259 0.0748366013 0
    endloop
  endfacet
  facet normal 0 0 1
    outer loop
      vertex 0 0.0733398693 0.003
      vertex 0.259 0.0733398693 0.003
      vertex 0.259 0.0748366013 0.003
    endloop
  endfacet
  facet normal 0 0 1
    outer loop
      vertex 0 0.0733398693 0.003
      vertex 0.259 0.0748366013 0.003
      vertex 0 0.0748366013 0.003
    endloop
  endfacet
  facet normal 0 -1 0
    outer loop
      vertex 0 0.0733398693 0
      vertex 0.259 0.0733398693 0
      vertex 0.259 0.0733398693 0.003
    endloop
  endfacet
  facet normal 0 -1 0
    outer loop
      vertex 0 0.0733398693 0
      vertex 0.259 0.0733398693 0.003
      vertex 0 0.0733398693 0.003
    endloop
  endfacet
  facet normal 1 0 0
    outer loop
      vertex 0.259 0.0733398693 0
      vertex 0.259 0.0748366013 0
      vertex 0.259 0.0748366013 0.003
    endloop
  endfacet
  facet normal 1 0 0
    outer loop
      vertex 0.259 0.0733398693 0
      vertex 0.259 0.0748366013 0.003
      vertex 0.259 0.0733398693 0.003
    endloop
  endfacet
  facet normal 0 1 0
    outer loop
      vertex 0.259 0.0748366013 0
      vertex 0 0.0748366013 0
      vertex 0 0.0748366013 0.003
    endloop
  endfacet
  facet normal 0 1 -0
    outer loop
      vertex 0.259 0.0748366013 0
      vertex 0 0.0748366013 0.003
      vertex 0.259 0.0748366013 0.003
    endloop
  endfacet
  facet normal -1 0 0
    outer loop
      vertex 0 0.0748366013 0
      vertex 0 0.0733398693 0
      vertex 0 0.0733398693 0.003
    endloop
  endfacet
  facet normal -1 0 0
    outer loop
      vertex 0 0.0748366013 0
      vertex 0 0.0733398693 0.003
      vertex 0 0.0748366013 0.003
    endloop
  endfacet
  facet normal 0 0 -1
    outer loop
      vertex 0 0.0748366013 0
      vertex 0.259 0.0763333333 0
      vertex 0.259 0.0748366013 0
    endloop
  endfacet
  facet normal 0 0 -1
    outer loop
      vertex 0 0.0748366013 0
      vertex 0 0.0763333333 0
      vertex 0.259 0.0763333333 0
    endloop
  endfacet
  facet normal 0 0 1
    outer loop
      vertex 0 0.0748366013 0.003
      vertex 0.259 0.0748366013 0.003
      vertex 0.259 0.0763333333 0.003
    endloop
  endfacet
  facet normal 0 0 1
    outer loop
      vertex 0 0.0748366013 0.003
      vertex 0.259 0.0763333333 0.003
      vertex 0 0.0763333333 0.003
    endloop
  endfacet
  facet normal 0 -1 0
    outer loop
      vertex 0 0.0748366013 0
      vertex 0.259 0.0748366013 0
      vertex 0.259 0.0748366013 0.003
    endloop
  endfacet
  facet normal 0 -1 0
    outer loop
      vertex 0 0.0748366013 0
      vertex 0.259 0.0748366013 0.003
      vertex 0 0.0748366013 0.003
    endloop
  endfacet
  facet normal 1 0 0
    outer loop
      vertex 0.259 0.0748366013 0
      vertex 0.259 0.0763333333 0
      vertex 0.259 0.0763333333 0.003
    endloop
  endfacet
  facet normal 1 0 0
    outer loop
      vertex 0.259 0.0748366013 0
      vertex 0.259 0.0763333333 0.003
      vertex 0.259 0.0748366013 0.003
    endloop
  endfacet
  facet normal 0 1 0
    outer loop
      vertex 0.259 0.0763333333 0
      vertex 0 0.0763333333 0
      vertex 0 0.0763333333 0.003
    endloop
  endfacet
  facet normal 0 1 -0
    outer loop
      vertex 0.259 0.0763333333 0
      vertex 0 0.0763333333 0.003
      vertex 0.259 0.0763333333 0.003
    endloop
  endfacet
  facet normal -1 0 0
    outer loop
      vertex 0 0.0763333333 0
      vertex 0 0.0748366013 0
      vertex 0 0.0748366013 0.003
    endloop
  endfacet
  facet normal -1 0 0
    outer loop
      vertex 0 0.0763333333 0
      vertex 0 0.0748366013 0.003
      vertex 0 0.0763333333 0.003
    endloop
  endfacet
  facet normal 0 0 -1
    outer loop
      vertex 0 0.0763333333 0
      vertex 0.259 0.0778300654 0
      vertex 0.259 0.0763333333 0
    endloop
  endfacet
  facet normal 0 0 -1
    outer loop
      vertex 0 0.0763333333 0
      vertex 0 0.0778300654 0
      vertex 0.259 0.0778300654 0
    endloop
  endfacet
  facet normal 0 0 1
    outer loop
      vertex 0 0.0763333333 0.003
      vertex 0.259 0.0763333333 0.003
      vertex 0.259 0.0778300654 0.003
    endloop
  endfacet
  facet normal 0 0 1
    outer loop
      vertex 0 0.0763333333 0.003
      vertex 0.259 0.0778300654 0.003
      vertex 0 0.0778300654 0.003
    endloop
  endfacet
  facet normal 0 -1 0
    outer loop
      vertex 0 0.0763333333 0
      vertex 0.259 0.0763333333 0
      vertex 0.259 0.0763333333 0.003
    endloop
  endfacet
  facet normal 0 -1 0
    outer loop
      vertex 0 0.0763333333 0
      vertex 0.259 0.0763333333 0.003
      vertex 0 0.0763333333 0.003
    endloop
  endfacet
  facet normal 1 0 0
    outer loop
      vertex 0.259 0.0763333333 0
      vertex 0.259 0.0778300654 0
      vertex 0.259 0.0778300654 0.003
    endloop
  endfacet
  facet normal 1 0 0
    outer loop
      vertex 0.259 0.0763333333 0
      vertex 0.259 0.0778300654 0.003
      vertex 0.259 0.0763333333 0.003
    endloop
  endfacet
  facet normal 0 1 0
    outer loop
      vertex 0.259 0.0778300654 0
      vertex 0 0.0778300654 0
      vertex 0 0.0778300654 0.003
    endloop
  endfacet
  facet normal 0 1 -0
    outer loop
      vertex 0.259 0.0778300654 0
      vertex 0 0.0778300654 0.003
      vertex 0.259 0.0778300654 0.003
    endloop
  endfacet
  facet normal -1 0 0
    outer loop
      vertex 0 0.0778300654 0
      vertex 0 0.0763333333 0
      vertex 0 0.0763333333 0.003
    endloop
  endfacet
  facet normal -1 0 0
    outer loop
      vertex 0 0.0778300654 0
      vertex 0 0.0763333333 0.003
      vertex 0 0.0778300654 0.003
    endloop
  endfacet
  facet normal 0 0 -1
    outer loop
      vertex 0 0.0778300654 0
      vertex 0.259 0.0793267974 0
      vertex 0.259 0.0778300654 0
    endloop
  endfacet
  facet normal 0 0 -1
    outer loop
      vertex 0 0.0778300654 0
      vertex 0 0.0793267974 0
      vertex 0.259 0.0793267974 0
    endloop
  endfacet
  facet normal 0 0 1
    outer loop
      vertex 0 0.0778300654 0.003
      vertex 0.259 0.0778300654 0.003
      vertex 0.259 0.0793267974 0.003
    endloop
  endfacet
  facet normal 0 0 1
    outer loop
      vertex 0 0.0778300654 0.003
      vertex 0.259 0.0793267974 0.003
      vertex 0 0.0793267974 0.003
    endloop
  endfacet
  facet normal 0 -1 0
    outer loop
      vertex 0 0.0778300654 0
      vertex 0.259 0.0778300654 0
      vertex 0.259 0.0778300654 0.003
    endloop
  endfacet
  facet normal 0 -1 0
    outer loop
      vertex 0 0.0778300654 0
      vertex 0.259 0.0778300654 0.003
      vertex 0 0.0778300654 0.003
    endloop
  endfacet
  facet normal 1 0 0
    outer loop
      vertex 0.259 0.0778300654 0
      vertex 0.259 0.0793267974 0
      vertex 0.259 0.0793267974 0.003
    endloop
  endfacet
  facet normal 1 0 0
    outer loop
      vertex 0.259 0.0778300654 0
      vertex 0.259 0.0793267974 0.003
      vertex 0.259 0.0778300654 0.003
    endloop
  endfacet
  facet normal 0 1 0
    outer loop
      vertex 0.259 0.0793267974 0
      vertex 0 0.0793267974 0
      vertex 0 0.0793267974 0.003
    endloop
  endfacet
  facet normal 0 1 -0
    outer loop
      vertex 0.259 0.0793267974 0
      vertex 0 0.0793267974 0.003
      vertex 0.259 0.0793267974 0.003
    endloop
  endfacet
  facet normal -1 0 0
    outer loop
      vertex 0 0.0793267974 0
      vertex 0 0.0778300654 0
      vertex 0 0.0778300654 0.003
    endloop
  endfacet
  facet normal -1 0 0
    outer loop
      vertex 0 0.0793267974 0
      vertex 0 0.0778300654 0.003
      vertex 0 0.0793267974 0.003
    endloop
  endfacet
  facet normal 0 0 -1
    outer loop
      vertex 0 0.0793267974 0
      vertex 0.259 0.0808235294 0
      vertex 0.259 0.0793267974 0
    endloop
  endfacet
  facet normal 0 0 -1
    outer loop
      vertex 0 0.0793267974 0
      vertex 0 0.0808235294 0
      vertex 0.259 0.0808235294 0
    endloop
  endfacet
  facet normal 0 0 1
    outer loop
      vertex 0 0.0793267974 0.003
      vertex 0.259 0.0793267974 0.003
      vertex 0.259 0.0808235294 0.003
    endloop
  endfacet
  facet normal 0 0 1
    outer loop
      vertex 0 0.0793267974 0.003
      vertex 0.259 0.0808235294 0.003
      vertex 0 0.0808235294 0.003
    endloop
  endfacet
  facet normal 0 -1 0
    outer loop
      vertex 0 0.0793267974 0
      vertex 0.259 0.0793267974 0
      vertex 0.259 0.0793267974 0.003
    endloop
  endfacet
  facet normal 0 -1 0
    outer loop
      vertex 0 0.0793267974 0
      vertex 0.259 0.0793267974 0.003
      vertex 0 0.0793267974 0.003
    endloop
  endfacet
  facet normal 1 0 0
    outer loop
      vertex 0.259 0.0793267974 0
      vertex 0.259 0.0808235294 0
      vertex 0.259 0.0808235294 0.003
    endloop
  endfacet
  facet normal 1 0 0
    outer loop
      vertex 0.259 0.0793267974 0
      vertex 0.259 0.0808235294 0.003
      vertex 0.259 0.0793267974 0.003
    endloop
  endfacet
  facet normal 0 1 0
    outer loop
      vertex 0.259 0.0808235294 0
      vertex 0 0.0808235294 0
      vertex 0 0.0808235294 0.003
    endloop
  endfacet
  facet normal 0 1 -0
    outer loop
      vertex 0.259 0.0808235294 0
      vertex 0 0.0808235294 0.003
      vertex 0.259 0.0808235294 0.003
    endloop
  endfacet
  facet normal -1 0 0
    outer loop
      vertex 0 0.0808235294 0
      vertex 0 0.0793267974 0
      vertex 0 0.0793267974 0.003
    endloop
  endfacet
  facet normal -1 0 0
    outer loop
      vertex 0 0.0808235294 0
      vertex 0 0.0793267974 0.003
      vertex 0 0.0808235294 0.003
    endloop
  endfacet
  facet normal 0 0 -1
    outer loop
      vertex 0 0.0808235294 0
      vertex 0.130182469 0.0823202614 0
      vertex 0.130182469 0.0808235294 0
    endloop
  endfacet
  facet normal 0 0 -1
    outer loop
      vertex 0 0.0808235294 0
      vertex 0 0.0823202614 0
      vertex 0.130182469 0.0823202614 0
    endloop
  endfacet
  facet normal 0 0 1
    outer loop
      vertex 0 0.0808235294 0.003
      vertex 0.130182469 0.0808235294 0.003
      vertex 0.130182469 0.0823202614 0.003
    endloop
  endfacet
  facet normal 0 0 1
    outer loop
      vertex 0 0.0808235294 0.003
      vertex 0.130182469 0.0823202614 0.003
      vertex 0 0.0823202614 0.003
    endloop
  endfacet
  facet normal 0 -1 0
    outer loop
      vertex 0 0.0808235294 0
      vertex 0.130182469 0.0808235294 0
      vertex 0.130182469 0.0808235294 0.003
    endloop
  endfacet
  facet normal 0 -1 0
    outer loop
      vertex 0 0.0808235294 0
      vertex 0.130182469 0.0808235294 0.003
      vertex 0 0.0808235294 0.003
    endloop
  endfacet
  facet normal 1 0 0
    outer loop
      vertex 0.130182469 0.0808235294 0
      vertex 0.130182469 0.0823202614 0
      vertex 0.130182469 0.0823202614 0.003
    endloop
  endfacet
  facet normal 1 0 0
    outer loop
      vertex 0.130182469 0.0808235294 0
      vertex 0.130182469 0.0823202614 0.003
      vertex 0.130182469 0.0808235294 0.003
    endloop
  endfacet
  facet normal 0 1 0
    outer loop
      vertex 0.130182469 0.0823202614 0
      vertex 0 0.0823202614 0
      vertex 0 0.0823202614 0.003
    endloop
  endfacet
  facet normal 0 1 -0
    outer loop
      vertex 0.130182469 0.0823202614 0
      vertex 0 0.0823202614 0.003
      vertex 0.130182469 0.0823202614 0.003
    endloop
  endfacet
  facet normal -1 0 0
    outer loop
      vertex 0 0.0823202614 0
      vertex 0 0.0808235294 0
      vertex 0 0.0808235294 0.003
    endloop
  endfacet
  facet normal -1 0 0
    outer loop
      vertex 0 0.0823202614 0
      vertex 0 0.0808235294 0.003
      vertex 0 0.0823202614 0.003
    endloop
  endfacet
  facet normal 0 0 -1
    outer loop
      vertex 0.131172077 0.0808235294 0
      vertex 0.259 0.0823202614 0
      vertex 0.259 0.0808235294 0
    endloop
  endfacet
  facet normal 0 0 -1
    outer loop
      vertex 0.131172077 0.0808235294 0
      vertex 0.131172077 0.0823202614 0
      vertex 0.259 0.0823202614 0
    endloop
  endfacet
  facet normal 0 0 1
    outer loop
      vertex 0.131172077 0.0808235294 0.003
      vertex 0.259 0.0808235294 0.003
      vertex 0.259 0.0823202614 0.003
    endloop
  endfacet
  facet normal 0 0 1
    outer loop
      vertex 0.131172077 0.0808235294 0.003
      vertex 0.259 0.0823202614 0.003
      vertex 0.131172077 0.0823202614 0.003
    endloop
  endfacet
  facet normal 0 -1 0
    outer loop
      vertex 0.131172077 0.0808235294 0
      vertex 0.259 0.0808235294 0
      vertex 0.259 0.0808235294 0.003
    endloop
  endfacet
  facet normal 0 -1 0
    outer loop
      vertex 0.131172077 0.0808235294 0
      vertex 0.259 0.0808235294 0.003
      vertex 0.131172077 0.0808235294 0.003
    endloop
  endfacet
  facet normal 1 0 0
    outer loop
      vertex 0.259 0.0808235294 0
      vertex 0.259 0.0823202614 0
      vertex 0.259 0.0823202614 0.003
    endloop
  endfacet
  facet normal 1 0 0
    outer loop
      vertex 0.259 0.0808235294 0
      vertex 0.259 0.0823202614 0.003
      vertex 0.259 0.0808235294 0.003
    endloop
  endfacet
  facet normal 0 1 0
    outer loop
      vertex 0.259 0.0823202614 0
      vertex 0.131172077 0.0823202614 0
      vertex 0.131172077 0.0823202614 0.003
    endloop
  endfacet
  facet normal 0 1 -0
    outer loop
      vertex 0.259 0.0823202614 0
      vertex 0.131172077 0.0823202614 0.003
      vertex 0.259 0.0823202614 0.003
    endloop
  endfacet
  facet normal -1 0 0
    outer loop
      vertex 0.131172077 0.0823202614 0
      vertex 0.131172077 0.0808235294 0
      vertex 0.131172077 0.0808235294 0.003
    endloop
  endfacet
  facet normal -1 0 0
    outer loop
      vertex 0.131172077 0.0823202614 0
      vertex 0.131172077 0.0808235294 0.003
      vertex 0.131172077 0.0823202614 0.003
    endloop
  endfacet
  facet normal 0 0 -1
    outer loop
      vertex 0 0.0823202614 0
      vertex 0.00988732638 0.0838169935 0
      vertex 0.00988732638 0.0823202614 0
    endloop
  endfacet
  facet normal 0 0 -1
    outer loop
      vertex 0 0.0823202614 0
      vertex 0 0.0838169935 0
      vertex 0.00988732638 0.0838169935 0
    endloop
  endfacet
  facet normal 0 0 1
    outer loop
      vertex 0 0.0823202614 0.003
      vertex 0.00988732638 0.0823202614 0.003
      vertex 0.00988732638 0.0838169935 0.003
    endloop
  endfacet
  facet normal 0 0 1
    outer loop
      vertex 0 0.0823202614 0.003
      vertex 0.00988732638 0.0838169935 0.003
      vertex 0 0.0838169935 0.003
    endloop
  endfacet
  facet normal 0 -1 0
    outer loop
      vertex 0 0.0823202614 0
      vertex 0.00988732638 0.0823202614 0
      vertex 0.00988732638 0.0823202614 0.003
    endloop
  endfacet
  facet normal 0 -1 0
    outer loop
      vertex 0 0.0823202614 0
      vertex 0.00988732638 0.0823202614 0.003
      vertex 0 0.0823202614 0.003
    endloop
  endfacet
  facet normal 1 0 0
    outer loop
      vertex 0.00988732638 0.0823202614 0
      vertex 0.00988732638 0.0838169935 0
      vertex 0.00988732638 0.0838169935 0.003
    endloop
  endfacet
  facet normal 1 0 0
    outer loop
      vertex 0.00988732638 0.0823202614 0
      vertex 0.00988732638 0.0838169935 0.003
      vertex 0.00988732638 0.0823202614 0.003
    endloop
  endfacet
  facet normal 0 1 0
    outer loop
      vertex 0.00988732638 0.0838169935 0
      vertex 0 0.0838169935 0
      vertex 0 0.0838169935 0.003
    endloop
  endfacet
  facet normal 0 1 -0
    outer loop
      vertex 0.00988732638 0.0838169935 0
      vertex 0 0.0838169935 0.003
      vertex 0.00988732638 0.0838169935 0.003
    endloop
  endfacet
  facet normal -1 0 0
    outer loop
      vertex 0 0.0838169935 0
      vertex 0 0.0823202614 0
      vertex 0 0.0823202614 0.003
    endloop
  endfacet
  facet normal -1 0 0
    outer loop
      vertex 0 0.0838169935 0
      vertex 0 0.0823202614 0.003
      vertex 0 0.0838169935 0.003
    endloop
  endfacet
  facet normal 0 0 -1
    outer loop
      vertex 0.0136581282 0.0823202614 0
      vertex 0.126159896 0.0838169935 0
      vertex 0.126159896 0.0823202614 0
    endloop
  endfacet
  facet normal 0 0 -1
    outer loop
      vertex 0.0136581282 0.0823202614 0
      vertex 0.0136581282 0.0838169935 0
      vertex 0.126159896 0.0838169935 0
    endloop
  endfacet
  facet normal 0 0 1
    outer loop
      vertex 0.0136581282 0.0823202614 0.003
      vertex 0.126159896 0.0823202614 0.003
      vertex 0.126159896 0.0838169935 0.003
    endloop
  endfacet
  facet normal 0 0 1
    outer loop
      vertex 0.0136581282 0.0823202614 0.003
      vertex 0.126159896 0.0838169935 0.003
      vertex 0.0136581282 0.0838169935 0.003
    endloop
  endfacet
  facet normal 0 -1 0
    outer loop
      vertex 0.0136581282 0.0823202614 0
      vertex 0.126159896 0.0823202614 0
      vertex 0.126159896 0.0823202614 0.003
    endloop
  endfacet
  facet normal 0 -1 0
    outer loop
      vertex 0.0136581282 0.0823202614 0
      vertex 0.126159896 0.0823202614 0.003
      vertex 0.0136581282 0.0823202614 0.003
    endloop
  endfacet
  facet normal 1 0 0
    outer loop
      vertex 0.126159896 0.0823202614 0
      vertex 0.126159896 0.0838169935 0
      vertex 0.126159896 0.0838169935 0.003
    endloop
  endfacet
  facet normal 1 0 0
    outer loop
      vertex 0.126159896 0.0823202614 0
      vertex 0.126159896 0.0838169935 0.003
      vertex 0.126159896 0.0823202614 0.003
    endloop
  endfacet
  facet normal 0 1 0
    outer loop
      vertex 0.126159896 0.0838169935 0
      vertex 0.0136581282 0.0838169935 0
      vertex 0.0136581282 0.0838169935 0.003
    endloop
  endfacet
  facet normal 0 1 -0
    outer loop
      vertex 0.126159896 0.0838169935 0
      vertex 0.0136581282 0.0838169935 0.003
      vertex 0.126159896 0.0838169935 0.003
    endloop
  endfacet
  facet normal -1 0 0
    outer loop
      vertex 0.0136581282 0.0838169935 0
      vertex 0.0136581282 0.0823202614 0
      vertex 0.0136581282 0.0823202614 0.003
    endloop
  endfacet
  facet normal -1 0 0
    outer loop
      vertex 0.0136581282 0.0838169935 0
      vertex 0.0136581282 0.0823202614 0.003
      vertex 0.0136581282 0.0838169935 0.003
    endloop
  endfacet
  facet normal 0 0 -1
    outer loop
      vertex 0.135194649 0.0823202614 0
      vertex 0.259 0.0838169935 0
      vertex 0.259 0.0823202614 0
    endloop
  endfacet
  facet normal 0 0 -1
    outer loop
      vertex 0.135194649 0.0823202614 0
      vertex 0.135194649 0.0838169935 0
      vertex 0.259 0.0838169935 0
    endloop
  endfacet
  facet normal 0 0 1
    outer loop
      vertex 0.135194649 0.0823202614 0.003
      vertex 0.259 0.0823202614 0.003
      vertex 0.259 0.0838169935 0.003
    endloop
  endfacet
  facet normal 0 0 1
    outer loop
      vertex 0.135194649 0.0823202614 0.003
      vertex 0.259 0.0838169935 0.003
      vertex 0.135194649 0.0838169935 0.003
    endloop
  endfacet
  facet normal 0 -1 0
    outer loop
      vertex 0.135194649 0.0823202614 0
      vertex 0.259 0.0823202614 0
      vertex 0.259 0.0823202614 0.003
    endloop
  endfacet
  facet normal 0 -1 0
    outer loop
      vertex 0.135194649 0.0823202614 0
      vertex 0.259 0.0823202614 0.003
      vertex 0.135194649 0.0823202614 0.003
    endloop
  endfacet
  facet normal 1 0 0
    outer loop
      vertex 0.259 0.0823202614 0
      vertex 0.259 0.0838169935 0
      vertex 0.259 0.0838169935 0.003
    endloop
  endfacet
  facet normal 1 0 0
    outer loop
      vertex 0.259 0.0823202614 0
      vertex 0.259 0.0838169935 0.003
      vertex 0.259 0.0823202614 0.003
    endloop
  endfacet
  facet normal 0 1 0
    outer loop
      vertex 0.259 0.0838169935 0
      vertex 0.135194649 0.0838169935 0
      vertex 0.135194649 0.0838169935 0.003
    endloop
  endfacet
  facet normal 0 1 -0
    outer loop
      vertex 0.259 0.0838169935 0
      vertex 0.135194649 0.0838169935 0.003
      vertex 0.259 0.0838169935 0.003
    endloop
  endfacet
  facet normal -1 0 0
    outer loop
      vertex 0.135194649 0.0838169935 0
      vertex 0.135194649 0.0823202614 0
      vertex 0.135194649 0.0823202614 0.003
    endloop
  endfacet
  facet normal -1 0 0
    outer loop
      vertex 0.135194649 0.0838169935 0
      vertex 0.135194649 0.0823202614 0.003
      vertex 0.135194649 0.0838169935 0.003
    endloop
  endfacet
  facet normal 0 0 -1
    outer loop
      vertex 0 0.0838169935 0
      vertex 0.00697225487 0.0853137255 0
      vertex 0.00697225487 0.0838169935 0
    endloop
  endfacet
  facet normal 0 0 -1
    outer loop
      vertex 0 0.0838169935 0
      vertex 0 0.0853137255 0
      vertex 0.00697225487 0.0853137255 0
    endloop
  endfacet
  facet normal 0 0 1
    outer loop
      vertex 0 0.0838169935 0.003
      vertex 0.00697225487 0.0838169935 0.003
      vertex 0.00697225487 0.0853137255 0.003
    endloop
  endfacet
  facet normal 0 0 1
    outer loop
      vertex 0 0.0838169935 0.003
      vertex 0.00697225487 0.0853137255 0.003
      vertex 0 0.0853137255 0.003
    endloop
  endfacet
  facet normal 0 -1 0
    outer loop
      vertex 0 0.0838169935 0
      vertex 0.00697225487 0.0838169935 0
      vertex 0.00697225487 0.0838169935 0.003
    endloop
  endfacet
  facet normal 0 -1 0
    outer loop
      vertex 0 0.0838169935 0
      vertex 0.00697225487 0.0838169935 0.003
      vertex 0 0.0838169935 0.003
    endloop
  endfacet
  facet normal 1 0 0
    outer loop
      vertex 0.00697225487 0.0838169935 0
      vertex 0.00697225487 0.0853137255 0
      vertex 0.00697225487 0.0853137255 0.003
    endloop
  endfacet
  facet normal 1 0 0
    outer loop
      vertex 0.00697225487 0.0838169935 0
      vertex 0.00697225487 0.0853137255 0.003
      vertex 0.00697225487 0.0838169935 0.003
    endloop
  endfacet
  facet normal 0 1 0
    outer loop
      vertex 0.00697225487 0.0853137255 0
      vertex 0 0.0853137255 0
      vertex 0 0.0853137255 0.003
    endloop
  endfacet
  facet normal 0 1 -0
    outer loop
      vertex 0.00697225487 0.0853137255 0
      vertex 0 0.0853137255 0.003
      vertex 0.00697225487 0.0853137255 0.003
    endloop
  endfacet
  facet normal -1 0 0
    outer loop
      vertex 0 0.0853137255 0
      vertex 0 0.0838169935 0
      vertex 0 0.0838169935 0.003
    endloop
  endfacet
  facet normal -1 0 0
    outer loop
      vertex 0 0.0853137255 0
      vertex 0 0.0838169935 0.003
      vertex 0 0.0853137255 0.003
    endloop
  endfacet
  facet normal 0 0 -1
    outer loop
      vertex 0.0165731997 0.0838169935 0
      vertex 0.124669932 0.0853137255 0
      vertex 0.124669932 0.0838169935 0
    endloop
  endfacet
  facet normal 0 0 -1
    outer loop
      vertex 0.0165731997 0.0838169935 0
      vertex 0.0165731997 0.0853137255 0
      vertex 0.124669932 0.0853137255 0
    endloop
  endfacet
  facet normal 0 0 1
    outer loop
      vertex 0.0165731997 0.0838169935 0.003
      vertex 0.124669932 0.0838169935 0.003
      vertex 0.124669932 0.0853137255 0.003
    endloop
  endfacet
  facet normal 0 0 1
    outer loop
      vertex 0.0165731997 0.0838169935 0.003
      vertex 0.124669932 0.0853137255 0.003
      vertex 0.0165731997 0.0853137255 0.003
    endloop
  endfacet
  facet normal 0 -1 0
    outer loop
      vertex 0.0165731997 0.0838169935 0
      vertex 0.124669932 0.0838169935 0
      vertex 0.124669932 0.0838169935 0.003
    endloop
  endfacet
  facet normal 0 -1 0
    outer loop
      vertex 0.0165731997 0.0838169935 0
      vertex 0.124669932 0.0838169935 0.003
      vertex 0.0165731997 0.0838169935 0.003
    endloop
  endfacet
  facet normal 1 0 0
    outer loop
      vertex 0.124669932 0.0838169935 0
      vertex 0.124669932 0.0853137255 0
      vertex 0.124669932 0.0853137255 0.003
    endloop
  endfacet
  facet normal 1 0 0
    outer loop
      vertex 0.124669932 0.0838169935 0
      vertex 0.124669932 0.0853137255 0.003
      vertex 0.124669932 0.0838169935 0.003
    endloop
  endfacet
  facet normal 0 1 0
    outer loop
      vertex 0.124669932 0.0853137255 0
      vertex 0.0165731997 0.0853137255 0
      vertex 0.0165731997 0.0853137255 0.003
    endloop
  endfacet
  facet normal 0 1 -0
    outer loop
      vertex 0.124669932 0.0853137255 0
      vertex 0.0165731997 0.0853137255 0.003
      vertex 0.124669932 0.0853137255 0.003
    endloop
  endfacet
  facet normal -1 0 0
    outer loop
      vertex 0.0165731997 0.0853137255 0
      vertex 0.0165731997 0.0838169935 0
      vertex 0.0165731997 0.0838169935 0.003
    endloop
  endfacet
  facet normal -1 0 0
    outer loop
      vertex 0.0165731997 0.0853137255 0
      vertex 0.0165731997 0.0838169935 0.003
      vertex 0.0165731997 0.0853137255 0.003
    endloop
  endfacet
  facet normal 0 0 -1
    outer loop
      vertex 0.136684613 0.0838169935 0
      vertex 0.259 0.0853137255 0
      vertex 0.259 0.0838169935 0
    endloop
  endfacet
  facet normal 0 0 -1
    outer loop
      vertex 0.136684613 0.0838169935 0
      vertex 0.136684613 0.0853137255 0
      vertex 0.259 0.0853137255 0
    endloop
  endfacet
  facet normal 0 0 1
    outer loop
      vertex 0.136684613 0.0838169935 0.003
      vertex 0.259 0.0838169935 0.003
      vertex 0.259 0.0853137255 0.003
    endloop
  endfacet
  facet normal 0 0 1
    outer loop
      vertex 0.136684613 0.0838169935 0.003
      vertex 0.259 0.0853137255 0.003
      vertex 0.136684613 0.0853137255 0.003
    endloop
  endfacet
  facet normal 0 -1 0
    outer loop
      vertex 0.136684613 0.0838169935 0
      vertex 0.259 0.0838169935 0
      vertex 0.259 0.0838169935 0.003
    endloop
  endfacet
  facet normal 0 -1 0
    outer loop
      vertex 0.136684613 0.0838169935 0
      vertex 0.259 0.0838169935 0.003
      vertex 0.136684613 0.0838169935 0.003
    endloop
  endfacet
  facet normal 1 0 0
    outer loop
      vertex 0.259 0.0838169935 0
      vertex 0.259 0.0853137255 0
      vertex 0.259 0.0853137255 0.003
    endloop
  endfacet
  facet normal 1 0 0
    outer loop
      vertex 0.259 0.0838169935 0
      vertex 0.259 0.0853137255 0.003
      vertex 0.259 0.0838169935 0.003
    endloop
  endfacet
  facet normal 0 1 0
    outer loop
      vertex 0.259 0.0853137255 0
      vertex 0.136684613 0.0853137255 0
      vertex 0.136684613 0.0853137255 0.003
    endloop
  endfacet
  facet normal 0 1 -0
    outer loop
      vertex 0.259 0.0853137255 0
      vertex 0.136684613 0.0853137255 0.003
      vertex 0.259 0.0853137255 0.003
    endloop
  endfacet
  facet normal -1 0 0
    outer loop
      vertex 0.136684613 0.0853137255 0
      vertex 0.136684613 0.0838169935 0
      vertex 0.136684613 0.0838169935 0.003
    endloop
  endfacet
  facet normal -1 0 0
    outer loop
      vertex 0.136684613 0.0853137255 0
      vertex 0.136684613 0.0838169935 0.003
      vertex 0.136684613 0.0853137255 0.003
    endloop
  endfacet
  facet normal 0 0 -1
    outer loop
      vertex 0 0.0853137255 0
      vertex 0.00560394128 0.0868104575 0
      vertex 0.00560394128 0.0853137255 0
    endloop
  endfacet
  facet normal 0 0 -1
    outer loop
      vertex 0 0.0853137255 0
      vertex 0 0.0868104575 0
      vertex 0.00560394128 0.0868104575 0
    endloop
  endfacet
  facet normal 0 0 1
    outer loop
      vertex 0 0.0853137255 0.003
      vertex 0.00560394128 0.0853137255 0.003
      vertex 0.00560394128 0.0868104575 0.003
    endloop
  endfacet
  facet normal 0 0 1
    outer loop
      vertex 0 0.0853137255 0.003
      vertex 0.00560394128 0.0868104575 0.003
      vertex 0 0.0868104575 0.003
    endloop
  endfacet
  facet normal 0 -1 0
    outer loop
      vertex 0 0.0853137255 0
      vertex 0.00560394128 0.0853137255 0
      vertex 0.00560394128 0.0853137255 0.003
    endloop
  endfacet
  facet normal 0 -1 0
    outer loop
      vertex 0 0.0853137255 0
      vertex 0.00560394128 0.0853137255 0.003
      vertex 0 0.0853137255 0.003
    endloop
  endfacet
  facet normal 1 0 0
    outer loop
      vertex 0.00560394128 0.0853137255 0
      vertex 0.00560394128 0.0868104575 0
      vertex 0.00560394128 0.0868104575 0.003
    endloop
  endfacet
  facet normal 1 0 0
    outer loop
      vertex 0.00560394128 0.0853137255 0
      vertex 0.00560394128 0.0868104575 0.003
      vertex 0.00560394128 0.0853137255 0.003
    endloop
  endfacet
  facet normal 0 1 0
    outer loop
      vertex 0.00560394128 0.0868104575 0
      vertex 0 0.0868104575 0
      vertex 0 0.0868104575 0.003
    endloop
  endfacet
  facet normal 0 1 -0
    outer loop
      vertex 0.00560394128 0.0868104575 0
      vertex 0 0.0868104575 0.003
      vertex 0.00560394128 0.0868104575 0.003
    endloop
  endfacet
  facet normal -1 0 0
    outer loop
      vertex 0 0.0868104575 0
      vertex 0 0.0853137255 0
      vertex 0 0.0853137255 0.003
    endloop
  endfacet
  facet normal -1 0 0
    outer loop
      vertex 0 0.0868104575 0
      vertex 0 0.0853137255 0.003
      vertex 0 0.0868104575 0.003
    endloop
  endfacet
  facet normal 0 0 -1
    outer loop
      vertex 0.0179415133 0.0853137255 0
      vertex 0.12380056 0.0868104575 0
      vertex 0.12380056 0.0853137255 0
    endloop
  endfacet
  facet normal 0 0 -1
    outer loop
      vertex 0.0179415133 0.0853137255 0
      vertex 0.0179415133 0.0868104575 0
      vertex 0.12380056 0.0868104575 0
    endloop
  endfacet
  facet normal 0 0 1
    outer loop
      vertex 0.0179415133 0.0853137255 0.003
      vertex 0.12380056 0.0853137255 0.003
      vertex 0.12380056 0.0868104575 0.003
    endloop
  endfacet
  facet normal 0 0 1
    outer loop
      vertex 0.0179415133 0.0853137255 0.003
      vertex 0.12380056 0.0868104575 0.003
      vertex 0.0179415133 0.0868104575 0.003
    endloop
  endfacet
  facet normal 0 -1 0
    outer loop
      vertex 0.0179415133 0.0853137255 0
      vertex 0.12380056 0.0853137255 0
      vertex 0.12380056 0.0853137255 0.003
    endloop
  endfacet
  facet normal 0 -1 0
    outer loop
      vertex 0.0179415133 0.0853137255 0
      vertex 0.12380056 0.0853137255 0.003
      vertex 0.0179415133 0.0853137255 0.003
    endloop
  endfacet
  facet normal 1 0 0
    outer loop
      vertex 0.12380056 0.0853137255 0
      vertex 0.12380056 0.0868104575 0
      vertex 0.12380056 0.0868104575 0.003
    endloop
  endfacet
  facet normal 1 0 0
    outer loop
      vertex 0.12380056 0.0853137255 0
      vertex 0.12380056 0.0868104575 0.003
      vertex 0.12380056 0.0853137255 0.003
    endloop
  endfacet
  facet normal 0 1 0
    outer loop
      vertex 0.12380056 0.0868104575 0
      vertex 0.0179415133 0.0868104575 0
      vertex 0.0179415133 0.0868104575 0.003
    endloop
  endfacet
  facet normal 0 1 -0
    outer loop
      vertex 0.12380056 0.0868104575 0
      vertex 0.0179415133 0.0868104575 0.003
      vertex 0.12380056 0.0868104575 0.003
    endloop
  endfacet
  facet normal -1 0 0
    outer loop
      vertex 0.0179415133 0.0868104575 0
      vertex 0.0179415133 0.0853137255 0
      vertex 0.0179415133 0.0853137255 0.003
    endloop
  endfacet
  facet normal -1 0 0
    outer loop
      vertex 0.0179415133 0.0868104575 0
      vertex 0.0179415133 0.0853137255 0.003
      vertex 0.0179415133 0.0868104575 0.003
    endloop
  endfacet
  facet normal 0 0 -1
    outer loop
      vertex 0.137553985 0.0853137255 0
      vertex 0.259 0.0868104575 0
      vertex 0.259 0.0853137255 0
    endloop
  endfacet
  facet normal 0 0 -1
    outer loop
      vertex 0.137553985 0.0853137255 0
      vertex 0.137553985 0.0868104575 0
      vertex 0.259 0.0868104575 0
    endloop
  endfacet
  facet normal 0 0 1
    outer loop
      vertex 0.137553985 0.0853137255 0.003
      vertex 0.259 0.0853137255 0.003
      vertex 0.259 0.0868104575 0.003
    endloop
  endfacet
  facet normal 0 0 1
    outer loop
      vertex 0.137553985 0.0853137255 0.003
      vertex 0.259 0.0868104575 0.003
      vertex 0.137553985 0.0868104575 0.003
    endloop
  endfacet
  facet normal 0 -1 0
    outer loop
      vertex 0.137553985 0.0853137255 0
      vertex 0.259 0.0853137255 0
      vertex 0.259 0.0853137255 0.003
    endloop
  endfacet
  facet normal 0 -1 0
    outer loop
      vertex 0.137553985 0.0853137255 0
      vertex 0.259 0.0853137255 0.003
      vertex 0.137553985 0.0853137255 0.003
    endloop
  endfacet
  facet normal 1 0 0
    outer loop
      vertex 0.259 0.0853137255 0
      vertex 0.259 0.0868104575 0
      vertex 0.259 0.0868104575 0.003
    endloop
  endfacet
  facet normal 1 0 0
    outer loop
      vertex 0.259 0.0853137255 0
      vertex 0.259 0.0868104575 0.003
      vertex 0.259 0.0853137255 0.003
    endloop
  endfacet
  facet normal 0 1 0
    outer loop
      vertex 0.259 0.0868104575 0
      vertex 0.137553985 0.0868104575 0
      vertex 0.137553985 0.0868104575 0.003
    endloop
  endfacet
  facet normal 0 1 -0
    outer loop
      vertex 0.259 0.0868104575 0
      vertex 0.137553985 0.0868104575 0.003
      vertex 0.259 0.0868104575 0.003
    endloop
  endfacet
  facet normal -1 0 0
    outer loop
      vertex 0.137553985 0.0868104575 0
      vertex 0.137553985 0.0853137255 0
      vertex 0.137553985 0.0853137255 0.003
    endloop
  endfacet
  facet normal -1 0 0
    outer loop
      vertex 0.137553985 0.0868104575 0
      vertex 0.137553985 0.0853137255 0.003
      vertex 0.137553985 0.0868104575 0.003
    endloop
  endfacet
  facet normal 0 0 -1
    outer loop
      vertex 0 0.0868104575 0
      vertex 0.00480258435 0.0883071895 0
      vertex 0.00480258435 0.0868104575 0
    endloop
  endfacet
  facet normal 0 0 -1
    outer loop
      vertex 0 0.0868104575 0
      vertex 0 0.0883071895 0
      vertex 0.00480258435 0.0883071895 0
    endloop
  endfacet
  facet normal 0 0 1
    outer loop
      vertex 0 0.0868104575 0.003
      vertex 0.00480258435 0.0868104575 0.003
      vertex 0.00480258435 0.0883071895 0.003
    endloop
  endfacet
  facet normal 0 0 1
    outer loop
      vertex 0 0.0868104575 0.003
      vertex 0.00480258435 0.0883071895 0.003
      vertex 0 0.0883071895 0.003
    endloop
  endfacet
  facet normal 0 -1 0
    outer loop
      vertex 0 0.0868104575 0
      vertex 0.00480258435 0.0868104575 0
      vertex 0.00480258435 0.0868104575 0.003
    endloop
  endfacet
  facet normal 0 -1 0
    outer loop
      vertex 0 0.0868104575 0
      vertex 0.00480258435 0.0868104575 0.003
      vertex 0 0.0868104575 0.003
    endloop
  endfacet
  facet normal 1 0 0
    outer loop
      vertex 0.00480258435 0.0868104575 0
      vertex 0.00480258435 0.0883071895 0
      vertex 0.00480258435 0.0883071895 0.003
    endloop
  endfacet
  facet normal 1 0 0
    outer loop
      vertex 0.00480258435 0.0868104575 0
      vertex 0.00480258435 0.0883071895 0.003
      vertex 0.00480258435 0.0868104575 0.003
    endloop
  endfacet
  facet normal 0 1 0
    outer loop
      vertex 0.00480258435 0.0883071895 0
      vertex 0 0.0883071895 0
      vertex 0 0.0883071895 0.003
    endloop
  endfacet
  facet normal 0 1 -0
    outer loop
      vertex 0.00480258435 0.0883071895 0
      vertex 0 0.0883071895 0.003
      vertex 0.00480258435 0.0883071895 0.003
    endloop
  endfacet
  facet normal -1 0 0
    outer loop
      vertex 0 0.0883071895 0
      vertex 0 0.0868104575 0
      vertex 0 0.0868104575 0.003
    endloop
  endfacet
  facet normal -1 0 0
    outer loop
      vertex 0 0.0883071895 0
      vertex 0 0.0868104575 0.003
      vertex 0 0.0883071895 0.003
    endloop
  endfacet
  facet normal 0 0 -1
    outer loop
      vertex 0.0187428702 0.0868104575 0
      vertex 0.123328137 0.0883071895 0
      vertex 0.123328137 0.0868104575 0
    endloop
  endfacet
  facet normal 0 0 -1
    outer loop
      vertex 0.0187428702 0.0868104575 0
      vertex 0.0187428702 0.0883071895 0
      vertex 0.123328137 0.0883071895 0
    endloop
  endfacet
  facet normal 0 0 1
    outer loop
      vertex 0.0187428702 0.0868104575 0.003
      vertex 0.123328137 0.0868104575 0.003
      vertex 0.123328137 0.0883071895 0.003
    endloop
  endfacet
  facet normal 0 0 1
    outer loop
      vertex 0.0187428702 0.0868104575 0.003
      vertex 0.123328137 0.0883071895 0.003
      vertex 0.0187428702 0.0883071895 0.003
    endloop
  endfacet
  facet normal 0 -1 0
    outer loop
      vertex 0.0187428702 0.0868104575 0
      vertex 0.123328137 0.0868104575 0
      vertex 0.123328137 0.0868104575 0.003
    endloop
  endfacet
  facet normal 0 -1 0
    outer loop
      vertex 0.0187428702 0.0868104575 0
      vertex 0.123328137 0.0868104575 0.003
      vertex 0.0187428702 0.0868104575 0.003
    endloop
  endfacet
  facet normal 1 0 0
    outer loop
      vertex 0.123328137 0.0868104575 0
      vertex 0.123328137 0.0883071895 0
      vertex 0.123328137 0.0883071895 0.003
    endloop
  endfacet
  facet normal 1 0 0
    outer loop
      vertex 0.123328137 0.0868104575 0
      vertex 0.123328137 0.0883071895 0.003
      vertex 0.123328137 0.0868104575 0.003
    endloop
  endfacet
  facet normal 0 1 0
    outer loop
      vertex 0.123328137 0.0883071895 0
      vertex 0.0187428702 0.0883071895 0
      vertex 0.0187428702 0.0883071895 0.003
    endloop
  endfacet
  facet normal 0 1 -0
    outer loop
      vertex 0.123328137 0.0883071895 0
      vertex 0.0187428702 0.0883071895 0.003
      vertex 0.123328137 0.0883071895 0.003
    endloop
  endfacet
  facet normal -1 0 0
    outer loop
      vertex 0.0187428702 0.0883071895 0
      vertex 0.0187428702 0.0868104575 0
      vertex 0.0187428702 0.0868104575 0.003
    endloop
  endfacet
  facet normal -1 0 0
    outer loop
      vertex 0.0187428702 0.0883071895 0
      vertex 0.0187428702 0.0868104575 0.003
      vertex 0.0187428702 0.0883071895 0.003
    endloop
  endfacet
  facet normal 0 0 -1
    outer loop
      vertex 0.138026408 0.0868104575 0
      vertex 0.259 0.0883071895 0
      vertex 0.259 0.0868104575 0
    endloop
  endfacet
  facet normal 0 0 -1
    outer loop
      vertex 0.138026408 0.0868104575 0
      vertex 0.138026408 0.0883071895 0
      vertex 0.259 0.0883071895 0
    endloop
  endfacet
  facet normal 0 0 1
    outer loop
      vertex 0.138026408 0.0868104575 0.003
      vertex 0.259 0.0868104575 0.003
      vertex 0.259 0.0883071895 0.003
    endloop
  endfacet
  facet normal 0 0 1
    outer loop
      vertex 0.138026408 0.0868104575 0.003
      vertex 0.259 0.0883071895 0.003
      vertex 0.138026408 0.0883071895 0.003
    endloop
  endfacet
  facet normal 0 -1 0
    outer loop
      vertex 0.138026408 0.0868104575 0
      vertex 0.259 0.0868104575 0
      vertex 0.259 0.0868104575 0.003
    endloop
  endfacet
  facet normal 0 -1 0
    outer loop
      vertex 0.138026408 0.0868104575 0
      vertex 0.259 0.0868104575 0.003
      vertex 0.138026408 0.0868104575 0.003
    endloop
  endfacet
  facet normal 1 0 0
    outer loop
      vertex 0.259 0.0868104575 0
      vertex 0.259 0.0883071895 0
      vertex 0.259 0.0883071895 0.003
    endloop
  endfacet
  facet normal 1 0 0
    outer loop
      vertex 0.259 0.0868104575 0
      vertex 0.259 0.0883071895 0.003
      vertex 0.259 0.0868104575 0.003
    endloop
  endfacet
  facet normal 0 1 0
    outer loop
      vertex 0.259 0.0883071895 0
      vertex 0.138026408 0.0883071895 0
      vertex 0.138026408 0.0883071895 0.003
    endloop
  endfacet
  facet normal 0 1 -0
    outer loop
      vertex 0.259 0.0883071895 0
      vertex 0.138026408 0.0883071895 0.003
      vertex 0.259 0.0883071895 0.003
    endloop
  endfacet
  facet normal -1 0 0
    outer loop
      vertex 0.138026408 0.0883071895 0
      vertex 0.138026408 0.0868104575 0
      vertex 0.138026408 0.0868104575 0.003
    endloop
  endfacet
  facet normal -1 0 0
    outer loop
      vertex 0.138026408 0.0883071895 0
      vertex 0.138026408 0.0868104575 0.003
      vertex 0.138026408 0.0883071895 0.003
    endloop
  endfacet
  facet normal 0 0 -1
    outer loop
      vertex 0 0.0883071895 0
      vertex 0.00438141815 0.0898039216 0
      vertex 0.00438141815 0.0883071895 0
    endloop
  endfacet
  facet normal 0 0 -1
    outer loop
      vertex 0 0.0883071895 0
      vertex 0 0.0898039216 0
      vertex 0.00438141815 0.0898039216 0
    endloop
  endfacet
  facet normal 0 0 1
    outer loop
      vertex 0 0.0883071895 0.003
      vertex 0.00438141815 0.0883071895 0.003
      vertex 0.00438141815 0.0898039216 0.003
    endloop
  endfacet
  facet normal 0 0 1
    outer loop
      vertex 0 0.0883071895 0.003
      vertex 0.00438141815 0.0898039216 0.003
      vertex 0 0.0898039216 0.003
    endloop
  endfacet
  facet normal 0 -1 0
    outer loop
      vertex 0 0.0883071895 0
      vertex 0.00438141815 0.0883071895 0
      vertex 0.00438141815 0.0883071895 0.003
    endloop
  endfacet
  facet normal 0 -1 0
    outer loop
      vertex 0 0.0883071895 0
      vertex 0.00438141815 0.0883071895 0.003
      vertex 0 0.0883071895 0.003
    endloop
  endfacet
  facet normal 1 0 0
    outer loop
      vertex 0.00438141815 0.0883071895 0
      vertex 0.00438141815 0.0898039216 0
      vertex 0.00438141815 0.0898039216 0.003
    endloop
  endfacet
  facet normal 1 0 0
    outer loop
      vertex 0.00438141815 0.0883071895 0
      vertex 0.00438141815 0.0898039216 0.003
      vertex 0.00438141815 0.0883071895 0.003
    endloop
  endfacet
  facet normal 0 1 0
    outer loop
      vertex 0.00438141815 0.0898039216 0
      vertex 0 0.0898039216 0
      vertex 0 0.0898039216 0.003
    endloop
  endfacet
  facet normal 0 1 -0
    outer loop
      vertex 0.00438141815 0.0898039216 0
      vertex 0 0.0898039216 0.003
      vertex 0.00438141815 0.0898039216 0.003
    endloop
  endfacet
  facet normal -1 0 0
    outer loop
      vertex 0 0.0898039216 0
      vertex 0 0.0883071895 0
      vertex 0 0.0883071895 0.003
    endloop
  endfacet
  facet normal -1 0 0
    outer loop
      vertex 0 0.0898039216 0
      vertex 0 0.0883071895 0.003
      vertex 0 0.0898039216 0.003
    endloop
  endfacet
  facet normal 0 0 -1
    outer loop
      vertex 0.0191640364 0.0883071895 0
      vertex 0.123177273 0.0898039216 0
      vertex 0.123177273 0.0883071895 0
    endloop
  endfacet
  facet normal 0 0 -1
    outer loop
      vertex 0.0191640364 0.0883071895 0
      vertex 0.0191640364 0.0898039216 0
      vertex 0.123177273 0.0898039216 0
    endloop
  endfacet
  facet normal 0 0 1
    outer loop
      vertex 0.0191640364 0.0883071895 0.003
      vertex 0.123177273 0.0883071895 0.003
      vertex 0.123177273 0.0898039216 0.003
    endloop
  endfacet
  facet normal 0 0 1
    outer loop
      vertex 0.0191640364 0.0883071895 0.003
      vertex 0.123177273 0.0898039216 0.003
      vertex 0.0191640364 0.0898039216 0.003
    endloop
  endfacet
  facet normal 0 -1 0
    outer loop
      vertex 0.0191640364 0.0883071895 0
      vertex 0.123177273 0.0883071895 0
      vertex 0.123177273 0.0883071895 0.003
    endloop
  endfacet
  facet normal 0 -1 0
    outer loop
      vertex 0.0191640364 0.0883071895 0
      vertex 0.123177273 0.0883071895 0.003
      vertex 0.0191640364 0.0883071895 0.003
    endloop
  endfacet
  facet normal 1 0 0
    outer loop
      vertex 0.123177273 0.0883071895 0
      vertex 0.123177273 0.0898039216 0
      vertex 0.123177273 0.0898039216 0.003
    endloop
  endfacet
  facet normal 1 0 0
    outer loop
      vertex 0.123177273 0.0883071895 0
      vertex 0.123177273 0.0898039216 0.003
      vertex 0.123177273 0.0883071895 0.003
    endloop
  endfacet
  facet normal 0 1 0
    outer loop
      vertex 0.123177273 0.0898039216 0
      vertex 0.0191640364 0.0898039216 0
      vertex 0.0191640364 0.0898039216 0.003
    endloop
  endfacet
  facet normal 0 1 -0
    outer loop
      vertex 0.123177273 0.0898039216 0
      vertex 0.0191640364 0.0898039216 0.003
      vertex 0.123177273 0.0898039216 0.003
    endloop
  endfacet
  facet normal -1 0 0
    outer loop
      vertex 0.0191640364 0.0898039216 0
      vertex 0.0191640364 0.0883071895 0
      vertex 0.0191640364 0.0883071895 0.003
    endloop
  endfacet
  facet normal -1 0 0
    outer loop
      vertex 0.0191640364 0.0898039216 0
      vertex 0.0191640364 0.0883071895 0.003
      vertex 0.0191640364 0.0898039216 0.003
    endloop
  endfacet
  facet normal 0 0 -1
    outer loop
      vertex 0.138177273 0.0883071895 0
      vertex 0.259 0.0898039216 0
      vertex 0.259 0.0883071895 0
    endloop
  endfacet
  facet normal 0 0 -1
    outer loop
      vertex 0.138177273 0.0883071895 0
      vertex 0.138177273 0.0898039216 0
      vertex 0.259 0.0898039216 0
    endloop
  endfacet
  facet normal 0 0 1
    outer loop
      vertex 0.138177273 0.0883071895 0.003
      vertex 0.259 0.0883071895 0.003
      vertex 0.259 0.0898039216 0.003
    endloop
  endfacet
  facet normal 0 0 1
    outer loop
      vertex 0.138177273 0.0883071895 0.003
      vertex 0.259 0.0898039216 0.003
      vertex 0.138177273 0.0898039216 0.003
    endloop
  endfacet
  facet normal 0 -1 0
    outer loop
      vertex 0.138177273 0.0883071895 0
      vertex 0.259 0.0883071895 0
      vertex 0.259 0.0883071895 0.003
    endloop
  endfacet
  facet normal 0 -1 0
    outer loop
      vertex 0.138177273 0.0883071895 0
      vertex 0.259 0.0883071895 0.003
      vertex 0.138177273 0.0883071895 0.003
    endloop
  endfacet
  facet normal 1 0 0
    outer loop
      vertex 0.259 0.0883071895 0
      vertex 0.259 0.0898039216 0
      vertex 0.259 0.0898039216 0.003
    endloop
  endfacet
  facet normal 1 0 0
    outer loop
      vertex 0.259 0.0883071895 0
      vertex 0.259 0.0898039216 0.003
      vertex 0.259 0.0883071895 0.003
    endloop
  endfacet
  facet normal 0 1 0
    outer loop
      vertex 0.259 0.0898039216 0
      vertex 0.138177273 0.0898039216 0
      vertex 0.138177273 0.0898039216 0.003
    endloop
  endfacet
  facet normal 0 1 -0
    outer loop
      vertex 0.259 0.0898039216 0
      vertex 0.138177273 0.0898039216 0.003
      vertex 0.259 0.0898039216 0.003
    endloop
  endfacet
  facet normal -1 0 0
    outer loop
      vertex 0.138177273 0.0898039216 0
      vertex 0.138177273 0.0883071895 0
      vertex 0.138177273 0.0883071895 0.003
    endloop
  endfacet
  facet normal -1 0 0
    outer loop
      vertex 0.138177273 0.0898039216 0
      vertex 0.138177273 0.0883071895 0.003
      vertex 0.138177273 0.0898039216 0.003
    endloop
  endfacet
  facet normal 0 0 -1
    outer loop
      vertex 0 0.0898039216 0
      vertex 0.00427608834 0.0913006536 0
      vertex 0.00427608834 0.0898039216 0
    endloop
  endfacet
  facet normal 0 0 -1
    outer loop
      vertex 0 0.0898039216 0
      vertex 0 0.0913006536 0
      vertex 0.00427608834 0.0913006536 0
    endloop
  endfacet
  facet normal 0 0 1
    outer loop
      vertex 0 0.0898039216 0.003
      vertex 0.00427608834 0.0898039216 0.003
      vertex 0.00427608834 0.0913006536 0.003
    endloop
  endfacet
  facet normal 0 0 1
    outer loop
      vertex 0 0.0898039216 0.003
      vertex 0.00427608834 0.0913006536 0.003
      vertex 0 0.0913006536 0.003
    endloop
  endfacet
  facet normal 0 -1 0
    outer loop
      vertex 0 0.0898039216 0
      vertex 0.00427608834 0.0898039216 0
      vertex 0.00427608834 0.0898039216 0.003
    endloop
  endfacet
  facet normal 0 -1 0
    outer loop
      vertex 0 0.0898039216 0
      vertex 0.00427608834 0.0898039216 0.003
      vertex 0 0.0898039216 0.003
    endloop
  endfacet
  facet normal 1 0 0
    outer loop
      vertex 0.00427608834 0.0898039216 0
      vertex 0.00427608834 0.0913006536 0
      vertex 0.00427608834 0.0913006536 0.003
    endloop
  endfacet
  facet normal 1 0 0
    outer loop
      vertex 0.00427608834 0.0898039216 0
      vertex 0.00427608834 0.0913006536 0.003
      vertex 0.00427608834 0.0898039216 0.003
    endloop
  endfacet
  facet normal 0 1 0
    outer loop
      vertex 0.00427608834 0.0913006536 0
      vertex 0 0.0913006536 0
      vertex 0 0.0913006536 0.003
    endloop
  endfacet
  facet normal 0 1 -0
    outer loop
      vertex 0.00427608834 0.0913006536 0
      vertex 0 0.0913006536 0.003
      vertex 0.00427608834 0.0913006536 0.003
    endloop
  endfacet
  facet normal -1 0 0
    outer loop
      vertex 0 0.0913006536 0
      vertex 0 0.0898039216 0
      vertex 0 0.0898039216 0.003
    endloop
  endfacet
  facet normal -1 0 0
    outer loop
      vertex 0 0.0913006536 0
      vertex 0 0.0898039216 0.003
      vertex 0 0.0913006536 0.003
    endloop
  endfacet
  facet normal 0 0 -1
    outer loop
      vertex 0.0192693662 0.0898039216 0
      vertex 0.123328137 0.0913006536 0
      vertex 0.123328137 0.0898039216 0
    endloop
  endfacet
  facet normal 0 0 -1
    outer loop
      vertex 0.0192693662 0.0898039216 0
      vertex 0.0192693662 0.0913006536 0
      vertex 0.123328137 0.0913006536 0
    endloop
  endfacet
  facet normal 0 0 1
    outer loop
      vertex 0.0192693662 0.0898039216 0.003
      vertex 0.123328137 0.0898039216 0.003
      vertex 0.123328137 0.0913006536 0.003
    endloop
  endfacet
  facet normal 0 0 1
    outer loop
      vertex 0.0192693662 0.0898039216 0.003
      vertex 0.123328137 0.0913006536 0.003
      vertex 0.0192693662 0.0913006536 0.003
    endloop
  endfacet
  facet normal 0 -1 0
    outer loop
      vertex 0.0192693662 0.0898039216 0
      vertex 0.123328137 0.0898039216 0
      vertex 0.123328137 0.0898039216 0.003
    endloop
  endfacet
  facet normal 0 -1 0
    outer loop
      vertex 0.0192693662 0.0898039216 0
      vertex 0.123328137 0.0898039216 0.003
      vertex 0.0192693662 0.0898039216 0.003
    endloop
  endfacet
  facet normal 1 0 0
    outer loop
      vertex 0.123328137 0.0898039216 0
      vertex 0.123328137 0.0913006536 0
      vertex 0.123328137 0.0913006536 0.003
    endloop
  endfacet
  facet normal 1 0 0
    outer loop
      vertex 0.123328137 0.0898039216 0
      vertex 0.123328137 0.0913006536 0.003
      vertex 0.123328137 0.0898039216 0.003
    endloop
  endfacet
  facet normal 0 1 0
    outer loop
      vertex 0.123328137 0.0913006536 0
      vertex 0.0192693662 0.0913006536 0
      vertex 0.0192693662 0.0913006536 0.003
    endloop
  endfacet
  facet normal 0 1 -0
    outer loop
      vertex 0.123328137 0.0913006536 0
      vertex 0.0192693662 0.0913006536 0.003
      vertex 0.123328137 0.0913006536 0.003
    endloop
  endfacet
  facet normal -1 0 0
    outer loop
      vertex 0.0192693662 0.0913006536 0
      vertex 0.0192693662 0.0898039216 0
      vertex 0.0192693662 0.0898039216 0.003
    endloop
  endfacet
  facet normal -1 0 0
    outer loop
      vertex 0.0192693662 0.0913006536 0
      vertex 0.0192693662 0.0898039216 0.003
      vertex 0.0192693662 0.0913006536 0.003
    endloop
  endfacet
  facet normal 0 0 -1
    outer loop
      vertex 0.138026408 0.0898039216 0
      vertex 0.259 0.0913006536 0
      vertex 0.259 0.0898039216 0
    endloop
  endfacet
  facet normal 0 0 -1
    outer loop
      vertex 0.138026408 0.0898039216 0
      vertex 0.138026408 0.0913006536 0
      vertex 0.259 0.0913006536 0
    endloop
  endfacet
  facet normal 0 0 1
    outer loop
      vertex 0.138026408 0.0898039216 0.003
      vertex 0.259 0.0898039216 0.003
      vertex 0.259 0.0913006536 0.003
    endloop
  endfacet
  facet normal 0 0 1
    outer loop
      vertex 0.138026408 0.0898039216 0.003
      vertex 0.259 0.0913006536 0.003
      vertex 0.138026408 0.0913006536 0.003
    endloop
  endfacet
  facet normal 0 -1 0
    outer loop
      vertex 0.138026408 0.0898039216 0
      vertex 0.259 0.0898039216 0
      vertex 0.259 0.0898039216 0.003
    endloop
  endfacet
  facet normal 0 -1 0
    outer loop
      vertex 0.138026408 0.0898039216 0
      vertex 0.259 0.0898039216 0.003
      vertex 0.138026408 0.0898039216 0.003
    endloop
  endfacet
  facet normal 1 0 0
    outer loop
      vertex 0.259 0.0898039216 0
      vertex 0.259 0.0913006536 0
      vertex 0.259 0.0913006536 0.003
    endloop
  endfacet
  facet normal 1 0 0
    outer loop
      vertex 0.259 0.0898039216 0
      vertex 0.259 0.0913006536 0.003
      vertex 0.259 0.0898039216 0.003
    endloop
  endfacet
  facet normal 0 1 0
    outer loop
      vertex 0.259 0.0913006536 0
      vertex 0.138026408 0.0913006536 0
      vertex 0.138026408 0.0913006536 0.003
    endloop
  endfacet
  facet normal 0 1 -0
    outer loop
      vertex 0.259 0.0913006536 0
      vertex 0.138026408 0.0913006536 0.003
      vertex 0.259 0.0913006536 0.003
    endloop
  endfacet
  facet normal -1 0 0
    outer loop
      vertex 0.138026408 0.0913006536 0
      vertex 0.138026408 0.0898039216 0
      vertex 0.138026408 0.0898039216 0.003
    endloop
  endfacet
  facet normal -1 0 0
    outer loop
      vertex 0.138026408 0.0913006536 0
      vertex 0.138026408 0.0898039216 0.003
      vertex 0.138026408 0.0913006536 0.003
    endloop
  endfacet
  facet normal 0 0 -1
    outer loop
      vertex 0 0.0913006536 0
      vertex 0.00447291039 0.0927973856 0
      vertex 0.00447291039 0.0913006536 0
    endloop
  endfacet
  facet normal 0 0 -1
    outer loop
      vertex 0 0.0913006536 0
      vertex 0 0.0927973856 0
      vertex 0.00447291039 0.0927973856 0
    endloop
  endfacet
  facet normal 0 0 1
    outer loop
      vertex 0 0.0913006536 0.003
      vertex 0.00447291039 0.0913006536 0.003
      vertex 0.00447291039 0.0927973856 0.003
    endloop
  endfacet
  facet normal 0 0 1
    outer loop
      vertex 0 0.0913006536 0.003
      vertex 0.00447291039 0.0927973856 0.003
      vertex 0 0.0927973856 0.003
    endloop
  endfacet
  facet normal 0 -1 0
    outer loop
      vertex 0 0.0913006536 0
      vertex 0.00447291039 0.0913006536 0
      vertex 0.00447291039 0.0913006536 0.003
    endloop
  endfacet
  facet normal 0 -1 0
    outer loop
      vertex 0 0.0913006536 0
      vertex 0.00447291039 0.0913006536 0.003
      vertex 0 0.0913006536 0.003
    endloop
  endfacet
  facet normal 1 0 0
    outer loop
      vertex 0.00447291039 0.0913006536 0
      vertex 0.00447291039 0.0927973856 0
      vertex 0.00447291039 0.0927973856 0.003
    endloop
  endfacet
  facet normal 1 0 0
    outer loop
      vertex 0.00447291039 0.0913006536 0
      vertex 0.00447291039 0.0927973856 0.003
      vertex 0.00447291039 0.0913006536 0.003
    endloop
  endfacet
  facet normal 0 1 0
    outer loop
      vertex 0.00447291039 0.0927973856 0
      vertex 0 0.0927973856 0
      vertex 0 0.0927973856 0.003
    endloop
  endfacet
  facet normal 0 1 -0
    outer loop
      vertex 0.00447291039 0.0927973856 0
      vertex 0 0.0927973856 0.003
      vertex 0.00447291039 0.0927973856 0.003
    endloop
  endfacet
  facet normal -1 0 0
    outer loop
      vertex 0 0.0927973856 0
      vertex 0 0.0913006536 0
      vertex 0 0.0913006536 0.003
    endloop
  endfacet
  facet normal -1 0 0
    outer loop
      vertex 0 0.0927973856 0
      vertex 0 0.0913006536 0.003
      vertex 0 0.0927973856 0.003
    endloop
  endfacet
  facet normal 0 0 -1
    outer loop
      vertex 0.0190725442 0.0913006536 0
      vertex 0.12380056 0.0927973856 0
      vertex 0.12380056 0.0913006536 0
    endloop
  endfacet
  facet normal 0 0 -1
    outer loop
      vertex 0.0190725442 0.0913006536 0
      vertex 0.0190725442 0.0927973856 0
      vertex 0.12380056 0.0927973856 0
    endloop
  endfacet
  facet normal 0 0 1
    outer loop
      vertex 0.0190725442 0.0913006536 0.003
      vertex 0.12380056 0.0913006536 0.003
      vertex 0.12380056 0.0927973856 0.003
    endloop
  endfacet
  facet normal 0 0 1
    outer loop
      vertex 0.0190725442 0.0913006536 0.003
      vertex 0.12380056 0.0927973856 0.003
      vertex 0.0190725442 0.0927973856 0.003
    endloop
  endfacet
  facet normal 0 -1 0
    outer loop
      vertex 0.0190725442 0.0913006536 0
      vertex 0.12380056 0.0913006536 0
      vertex 0.12380056 0.0913006536 0.003
    endloop
  endfacet
  facet normal 0 -1 0
    outer loop
      vertex 0.0190725442 0.0913006536 0
      vertex 0.12380056 0.0913006536 0.003
      vertex 0.0190725442 0.0913006536 0.003
    endloop
  endfacet
  facet normal 1 0 0
    outer loop
      vertex 0.12380056 0.0913006536 0
      vertex 0.12380056 0.0927973856 0
      vertex 0.12380056 0.0927973856 0.003
    endloop
  endfacet
  facet normal 1 0 0
    outer loop
      vertex 0.12380056 0.0913006536 0
      vertex 0.12380056 0.0927973856 0.003
      vertex 0.12380056 0.0913006536 0.003
    endloop
  endfacet
  facet normal 0 1 0
    outer loop
      vertex 0.12380056 0.0927973856 0
      vertex 0.0190725442 0.0927973856 0
      vertex 0.0190725442 0.0927973856 0.003
    endloop
  endfacet
  facet normal 0 1 -0
    outer loop
      vertex 0.12380056 0.0927973856 0
      vertex 0.0190725442 0.0927973856 0.003
      vertex 0.12380056 0.0927973856 0.003
    endloop
  endfacet
  facet normal -1 0 0
    outer loop
      vertex 0.0190725442 0.0927973856 0
      vertex 0.0190725442 0.0913006536 0
      vertex 0.0190725442 0.0913006536 0.003
    endloop
  endfacet
  facet normal -1 0 0
    outer loop
      vertex 0.0190725442 0.0927973856 0
      vertex 0.0190725442 0.0913006536 0.003
      vertex 0.0190725442 0.0927973856 0.003
    endloop
  endfacet
  facet normal 0 0 -1
    outer loop
      vertex 0.137553985 0.0913006536 0
      vertex 0.259 0.0927973856 0
      vertex 0.259 0.0913006536 0
    endloop
  endfacet
  facet normal 0 0 -1
    outer loop
      vertex 0.137553985 0.0913006536 0
      vertex 0.137553985 0.0927973856 0
      vertex 0.259 0.0927973856 0
    endloop
  endfacet
  facet normal 0 0 1
    outer loop
      vertex 0.137553985 0.0913006536 0.003
      vertex 0.259 0.0913006536 0.003
      vertex 0.259 0.0927973856 0.003
    endloop
  endfacet
  facet normal 0 0 1
    outer loop
      vertex 0.137553985 0.0913006536 0.003
      vertex 0.259 0.0927973856 0.003
      vertex 0.137553985 0.0927973856 0.003
    endloop
  endfacet
  facet normal 0 -1 0
    outer loop
      vertex 0.137553985 0.0913006536 0
      vertex 0.259 0.0913006536 0
      vertex 0.259 0.0913006536 0.003
    endloop
  endfacet
  facet normal 0 -1 0
    outer loop
      vertex 0.137553985 0.0913006536 0
      vertex 0.259 0.0913006536 0.003
      vertex 0.137553985 0.0913006536 0.003
    endloop
  endfacet
  facet normal 1 0 0
    outer loop
      vertex 0.259 0.0913006536 0
      vertex 0.259 0.0927973856 0
      vertex 0.259 0.0927973856 0.003
    endloop
  endfacet
  facet normal 1 0 0
    outer loop
      vertex 0.259 0.0913006536 0
      vertex 0.259 0.0927973856 0.003
      vertex 0.259 0.0913006536 0.003
    endloop
  endfacet
  facet normal 0 1 0
    outer loop
      vertex 0.259 0.0927973856 0
      vertex 0.137553985 0.0927973856 0
      vertex 0.137553985 0.0927973856 0.003
    endloop
  endfacet
  facet normal 0 1 -0
    outer loop
      vertex 0.259 0.0927973856 0
      vertex 0.137553985 0.0927973856 0.003
      vertex 0.259 0.0927973856 0.003
    endloop
  endfacet
  facet normal -1 0 0
    outer loop
      vertex 0.137553985 0.0927973856 0
      vertex 0.137553985 0.0913006536 0
      vertex 0.137553985 0.0913006536 0.003
    endloop
  endfacet
  facet normal -1 0 0
    outer loop
      vertex 0.137553985 0.0927973856 0
      vertex 0.137553985 0.0913006536 0.003
      vertex 0.137553985 0.0927973856 0.003
    endloop
  endfacet
  facet normal 0 0 -1
    outer loop
      vertex 0 0.0927973856 0
      vertex 0.00499816867 0.0942941176 0
      vertex 0.00499816867 0.0927973856 0
    endloop
  endfacet
  facet normal 0 0 -1
    outer loop
      vertex 0 0.0927973856 0
      vertex 0 0.0942941176 0
      vertex 0.00499816867 0.0942941176 0
    endloop
  endfacet
  facet normal 0 0 1
    outer loop
      vertex 0 0.0927973856 0.003
      vertex 0.00499816867 0.0927973856 0.003
      vertex 0.00499816867 0.0942941176 0.003
    endloop
  endfacet
  facet normal 0 0 1
    outer loop
      vertex 0 0.0927973856 0.003
      vertex 0.00499816867 0.0942941176 0.003
      vertex 0 0.0942941176 0.003
    endloop
  endfacet
  facet normal 0 -1 0
    outer loop
      vertex 0 0.0927973856 0
      vertex 0.00499816867 0.0927973856 0
      vertex 0.00499816867 0.0927973856 0.003
    endloop
  endfacet
  facet normal 0 -1 0
    outer loop
      vertex 0 0.0927973856 0
      vertex 0.00499816867 0.0927973856 0.003
      vertex 0 0.0927973856 0.003
    endloop
  endfacet
  facet normal 1 0 0
    outer loop
      vertex 0.00499816867 0.0927973856 0
      vertex 0.00499816867 0.0942941176 0
      vertex 0.00499816867 0.0942941176 0.003
    endloop
  endfacet
  facet normal 1 0 0
    outer loop
      vertex 0.00499816867 0.0927973856 0
      vertex 0.00499816867 0.0942941176 0.003
      vertex 0.00499816867 0.0927973856 0.003
    endloop
  endfacet
  facet normal 0 1 0
    outer loop
      vertex 0.00499816867 0.0942941176 0
      vertex 0 0.0942941176 0
      vertex 0 0.0942941176 0.003
    endloop
  endfacet
  facet normal 0 1 -0
    outer loop
      vertex 0.00499816867 0.0942941176 0
      vertex 0 0.0942941176 0.003
      vertex 0.00499816867 0.0942941176 0.003
    endloop
  endfacet
  facet normal -1 0 0
    outer loop
      vertex 0 0.0942941176 0
      vertex 0 0.0927973856 0
      vertex 0 0.0927973856 0.003
    endloop
  endfacet
  facet normal -1 0 0
    outer loop
      vertex 0 0.0942941176 0
      vertex 0 0.0927973856 0.003
      vertex 0 0.0942941176 0.003
    endloop
  endfacet
  facet normal 0 0 -1
    outer loop
      vertex 0.0185472859 0.0927973856 0
      vertex 0.124669932 0.0942941176 0
      vertex 0.124669932 0.0927973856 0
    endloop
  endfacet
  facet normal 0 0 -1
    outer loop
      vertex 0.0185472859 0.0927973856 0
      vertex 0.0185472859 0.0942941176 0
      vertex 0.124669932 0.0942941176 0
    endloop
  endfacet
  facet normal 0 0 1
    outer loop
      vertex 0.0185472859 0.0927973856 0.003
      vertex 0.124669932 0.0927973856 0.003
      vertex 0.124669932 0.0942941176 0.003
    endloop
  endfacet
  facet normal 0 0 1
    outer loop
      vertex 0.0185472859 0.0927973856 0.003
      vertex 0.124669932 0.0942941176 0.003
      vertex 0.0185472859 0.0942941176 0.003
    endloop
  endfacet
  facet normal 0 -1 0
    outer loop
      vertex 0.0185472859 0.0927973856 0
      vertex 0.124669932 0.0927973856 0
      vertex 0.124669932 0.0927973856 0.003
    endloop
  endfacet
  facet normal 0 -1 0
    outer loop
      vertex 0.0185472859 0.0927973856 0
      vertex 0.124669932 0.0927973856 0.003
      vertex 0.0185472859 0.0927973856 0.003
    endloop
  endfacet
  facet normal 1 0 0
    outer loop
      vertex 0.124669932 0.0927973856 0
      vertex 0.124669932 0.0942941176 0
      vertex 0.124669932 0.0942941176 0.003
    endloop
  endfacet
  facet normal 1 0 0
    outer loop
      vertex 0.124669932 0.0927973856 0
      vertex 0.124669932 0.0942941176 0.003
      vertex 0.124669932 0.0927973856 0.003
    endloop
  endfacet
  facet normal 0 1 0
    outer loop
      vertex 0.124669932 0.0942941176 0
      vertex 0.0185472859 0.0942941176 0
      vertex 0.0185472859 0.0942941176 0.003
    endloop
  endfacet
  facet normal 0 1 -0
    outer loop
      vertex 0.124669932 0.0942941176 0
      vertex 0.0185472859 0.0942941176 0.003
      vertex 0.124669932 0.0942941176 0.003
    endloop
  endfacet
  facet normal -1 0 0
    outer loop
      vertex 0.0185472859 0.0942941176 0
      vertex 0.0185472859 0.0927973856 0
      vertex 0.0185472859 0.0927973856 0.003
    endloop
  endfacet
  facet normal -1 0 0
    outer loop
      vertex 0.0185472859 0.0942941176 0
      vertex 0.0185472859 0.0927973856 0.003
      vertex 0.0185472859 0.0942941176 0.003
    endloop
  endfacet
  facet normal 0 0 -1
    outer loop
      vertex 0.136684613 0.0927973856 0
      vertex 0.259 0.0942941176 0
      vertex 0.259 0.0927973856 0
    endloop
  endfacet
  facet normal 0 0 -1
    outer loop
      vertex 0.136684613 0.0927973856 0
      vertex 0.136684613 0.0942941176 0
      vertex 0.259 0.0942941176 0
    endloop
  endfacet
  facet normal 0 0 1
    outer loop
      vertex 0.136684613 0.0927973856 0.003
      vertex 0.259 0.0927973856 0.003
      vertex 0.259 0.0942941176 0.003
    endloop
  endfacet
  facet normal 0 0 1
    outer loop
      vertex 0.136684613 0.0927973856 0.003
      vertex 0.259 0.0942941176 0.003
      vertex 0.136684613 0.0942941176 0.003
    endloop
  endfacet
  facet normal 0 -1 0
    outer loop
      vertex 0.136684613 0.0927973856 0
      vertex 0.259 0.0927973856 0
      vertex 0.259 0.0927973856 0.003
    endloop
  endfacet
  facet normal 0 -1 0
    outer loop
      vertex 0.136684613 0.0927973856 0
      vertex 0.259 0.0927973856 0.003
      vertex 0.136684613 0.0927973856 0.003
    endloop
  endfacet
  facet normal 1 0 0
    outer loop
      vertex 0.259 0.0927973856 0
      vertex 0.259 0.0942941176 0
      vertex 0.259 0.0942941176 0.003
    endloop
  endfacet
  facet normal 1 0 0
    outer loop
      vertex 0.259 0.0927973856 0
      vertex 0.259 0.0942941176 0.003
      vertex 0.259 0.0927973856 0.003
    endloop
  endfacet
  facet normal 0 1 0
    outer loop
      vertex 0.259 0.0942941176 0
      vertex 0.136684613 0.0942941176 0
      vertex 0.136684613 0.0942941176 0.003
    endloop
  endfacet
  facet normal 0 1 -0
    outer loop
      vertex 0.259 0.0942941176 0
      vertex 0.136684613 0.0942941176 0.003
      vertex 0.259 0.0942941176 0.003
    endloop
  endfacet
  facet normal -1 0 0
    outer loop
      vertex 0.136684613 0.0942941176 0
      vertex 0.136684613 0.0927973856 0
      vertex 0.136684613 0.0927973856 0.003
    endloop
  endfacet
  facet normal -1 0 0
    outer loop
      vertex 0.136684613 0.0942941176 0
      vertex 0.136684613 0.0927973856 0.003
      vertex 0.136684613 0.0942941176 0.003
    endloop
  endfacet
  facet normal 0 0 -1
    outer loop
      vertex 0 0.0942941176 0
      vertex 0.00593992791 0.0957908497 0
      vertex 0.00593992791 0.0942941176 0
    endloop
  endfacet
  facet normal 0 0 -1
    outer loop
      vertex 0 0.0942941176 0
      vertex 0 0.0957908497 0
      vertex 0.00593992791 0.0957908497 0
    endloop
  endfacet
  facet normal 0 0 1
    outer loop
      vertex 0 0.0942941176 0.003
      vertex 0.00593992791 0.0942941176 0.003
      vertex 0.00593992791 0.0957908497 0.003
    endloop
  endfacet
  facet normal 0 0 1
    outer loop
      vertex 0 0.0942941176 0.003
      vertex 0.00593992791 0.0957908497 0.003
      vertex 0 0.0957908497 0.003
    endloop
  endfacet
  facet normal 0 -1 0
    outer loop
      vertex 0 0.0942941176 0
      vertex 0.00593992791 0.0942941176 0
      vertex 0.00593992791 0.0942941176 0.003
    endloop
  endfacet
  facet normal 0 -1 0
    outer loop
      vertex 0 0.0942941176 0
      vertex 0.00593992791 0.0942941176 0.003
      vertex 0 0.0942941176 0.003
    endloop
  endfacet
  facet normal 1 0 0
    outer loop
      vertex 0.00593992791 0.0942941176 0
      vertex 0.00593992791 0.0957908497 0
      vertex 0.00593992791 0.0957908497 0.003
    endloop
  endfacet
  facet normal 1 0 0
    outer loop
      vertex 0.00593992791 0.0942941176 0
      vertex 0.00593992791 0.0957908497 0.003
      vertex 0.00593992791 0.0942941176 0.003
    endloop
  endfacet
  facet normal 0 1 0
    outer loop
      vertex 0.00593992791 0.0957908497 0
      vertex 0 0.0957908497 0
      vertex 0 0.0957908497 0.003
    endloop
  endfacet
  facet normal 0 1 -0
    outer loop
      vertex 0.00593992791 0.0957908497 0
      vertex 0 0.0957908497 0.003
      vertex 0.00593992791 0.0957908497 0.003
    endloop
  endfacet
  facet normal -1 0 0
    outer loop
      vertex 0 0.0957908497 0
      vertex 0 0.0942941176 0
      vertex 0 0.0942941176 0.003
    endloop
  endfacet
  facet normal -1 0 0
    outer loop
      vertex 0 0.0957908497 0
      vertex 0 0.0942941176 0.003
      vertex 0 0.0957908497 0.003
    endloop
  endfacet
  facet normal 0 0 -1
    outer loop
      vertex 0.0176055266 0.0942941176 0
      vertex 0.126159896 0.0957908497 0
      vertex 0.126159896 0.0942941176 0
    endloop
  endfacet
  facet normal 0 0 -1
    outer loop
      vertex 0.0176055266 0.0942941176 0
      vertex 0.0176055266 0.0957908497 0
      vertex 0.126159896 0.0957908497 0
    endloop
  endfacet
  facet normal 0 0 1
    outer loop
      vertex 0.0176055266 0.0942941176 0.003
      vertex 0.126159896 0.0942941176 0.003
      vertex 0.126159896 0.0957908497 0.003
    endloop
  endfacet
  facet normal 0 0 1
    outer loop
      vertex 0.0176055266 0.0942941176 0.003
      vertex 0.126159896 0.0957908497 0.003
      vertex 0.0176055266 0.0957908497 0.003
    endloop
  endfacet
  facet normal 0 -1 0
    outer loop
      vertex 0.0176055266 0.0942941176 0
      vertex 0.126159896 0.0942941176 0
      vertex 0.126159896 0.0942941176 0.003
    endloop
  endfacet
  facet normal 0 -1 0
    outer loop
      vertex 0.0176055266 0.0942941176 0
      vertex 0.126159896 0.0942941176 0.003
      vertex 0.0176055266 0.0942941176 0.003
    endloop
  endfacet
  facet normal 1 0 0
    outer loop
      vertex 0.126159896 0.0942941176 0
      vertex 0.126159896 0.0957908497 0
      vertex 0.126159896 0.0957908497 0.003
    endloop
  endfacet
  facet normal 1 0 0
    outer loop
      vertex 0.126159896 0.0942941176 0
      vertex 0.126159896 0.0957908497 0.003
      vertex 0.126159896 0.0942941176 0.003
    endloop
  endfacet
  facet normal 0 1 0
    outer loop
      vertex 0.126159896 0.0957908497 0
      vertex 0.0176055266 0.0957908497 0
      vertex 0.0176055266 0.0957908497 0.003
    endloop
  endfacet
  facet normal 0 1 -0
    outer loop
      vertex 0.126159896 0.0957908497 0
      vertex 0.0176055266 0.0957908497 0.003
      vertex 0.126159896 0.0957908497 0.003
    endloop
  endfacet
  facet normal -1 0 0
    outer loop
      vertex 0.0176055266 0.0957908497 0
      vertex 0.0176055266 0.0942941176 0
      vertex 0.0176055266 0.0942941176 0.003
    endloop
  endfacet
  facet normal -1 0 0
    outer loop
      vertex 0.0176055266 0.0957908497 0
      vertex 0.0176055266 0.0942941176 0.003
      vertex 0.0176055266 0.0957908497 0.003
    endloop
  endfacet
  facet normal 0 0 -1
    outer loop
      vertex 0.135194649 0.0942941176 0
      vertex 0.259 0.0957908497 0
      vertex 0.259 0.0942941176 0
    endloop
  endfacet
  facet normal 0 0 -1
    outer loop
      vertex 0.135194649 0.0942941176 0
      vertex 0.135194649 0.0957908497 0
      vertex 0.259 0.0957908497 0
    endloop
  endfacet
  facet normal 0 0 1
    outer loop
      vertex 0.135194649 0.0942941176 0.003
      vertex 0.259 0.0942941176 0.003
      vertex 0.259 0.0957908497 0.003
    endloop
  endfacet
  facet normal 0 0 1
    outer loop
      vertex 0.135194649 0.0942941176 0.003
      vertex 0.259 0.0957908497 0.003
      vertex 0.135194649 0.0957908497 0.003
    endloop
  endfacet
  facet normal 0 -1 0
    outer loop
      vertex 0.135194649 0.0942941176 0
      vertex 0.259 0.0942941176 0
      vertex 0.259 0.0942941176 0.003
    endloop
  endfacet
  facet normal 0 -1 0
    outer loop
      vertex 0.135194649 0.0942941176 0
      vertex 0.259 0.0942941176 0.003
      vertex 0.135194649 0.0942941176 0.003
    endloop
  endfacet
  facet normal 1 0 0
    outer loop
      vertex 0.259 0.0942941176 0
      vertex 0.259 0.0957908497 0
      vertex 0.259 0.0957908497 0.003
    endloop
  endfacet
  facet normal 1 0 0
    outer loop
      vertex 0.259 0.0942941176 0
      vertex 0.259 0.0957908497 0.003
      vertex 0.259 0.0942941176 0.003
    endloop
  endfacet
  facet normal 0 1 0
    outer loop
      vertex 0.259 0.0957908497 0
      vertex 0.135194649 0.0957908497 0
      vertex 0.135194649 0.0957908497 0.003
    endloop
  endfacet
  facet normal 0 1 -0
    outer loop
      vertex 0.259 0.0957908497 0
      vertex 0.135194649 0.0957908497 0.003
      vertex 0.259 0.0957908497 0.003
    endloop
  endfacet
  facet normal -1 0 0
    outer loop
      vertex 0.135194649 0.0957908497 0
      vertex 0.135194649 0.0942941176 0
      vertex 0.135194649 0.0942941176 0.003
    endloop
  endfacet
  facet normal -1 0 0
    outer loop
      vertex 0.135194649 0.0957908497 0
      vertex 0.135194649 0.0942941176 0.003
      vertex 0.135194649 0.0957908497 0.003
    endloop
  endfacet
  facet normal 0 0 -1
    outer loop
      vertex 0 0.0957908497 0
      vertex 0.00756939061 0.0972875817 0
      vertex 0.00756939061 0.0957908497 0
    endloop
  endfacet
  facet normal 0 0 -1
    outer loop
      vertex 0 0.0957908497 0
      vertex 0 0.0972875817 0
      vertex 0.00756939061 0.0972875817 0
    endloop
  endfacet
  facet normal 0 0 1
    outer loop
      vertex 0 0.0957908497 0.003
      vertex 0.00756939061 0.0957908497 0.003
      vertex 0.00756939061 0.0972875817 0.003
    endloop
  endfacet
  facet normal 0 0 1
    outer loop
      vertex 0 0.0957908497 0.003
      vertex 0.00756939061 0.0972875817 0.003
      vertex 0 0.0972875817 0.003
    endloop
  endfacet
  facet normal 0 -1 0
    outer loop
      vertex 0 0.0957908497 0
      vertex 0.00756939061 0.0957908497 0
      vertex 0.00756939061 0.0957908497 0.003
    endloop
  endfacet
  facet normal 0 -1 0
    outer loop
      vertex 0 0.0957908497 0
      vertex 0.00756939061 0.0957908497 0.003
      vertex 0 0.0957908497 0.003
    endloop
  endfacet
  facet normal 1 0 0
    outer loop
      vertex 0.00756939061 0.0957908497 0
      vertex 0.00756939061 0.0972875817 0
      vertex 0.00756939061 0.0972875817 0.003
    endloop
  endfacet
  facet normal 1 0 0
    outer loop
      vertex 0.00756939061 0.0957908497 0
      vertex 0.00756939061 0.0972875817 0.003
      vertex 0.00756939061 0.0957908497 0.003
    endloop
  endfacet
  facet normal 0 1 0
    outer loop
      vertex 0.00756939061 0.0972875817 0
      vertex 0 0.0972875817 0
      vertex 0 0.0972875817 0.003
    endloop
  endfacet
  facet normal 0 1 -0
    outer loop
      vertex 0.00756939061 0.0972875817 0
      vertex 0 0.0972875817 0.003
      vertex 0.00756939061 0.0972875817 0.003
    endloop
  endfacet
  facet normal -1 0 0
    outer loop
      vertex 0 0.0972875817 0
      vertex 0 0.0957908497 0
      vertex 0 0.0957908497 0.003
    endloop
  endfacet
  facet normal -1 0 0
    outer loop
      vertex 0 0.0972875817 0
      vertex 0 0.0957908497 0.003
      vertex 0 0.0972875817 0.003
    endloop
  endfacet
  facet normal 0 0 -1
    outer loop
      vertex 0.0159760639 0.0957908497 0
      vertex 0.130182469 0.0972875817 0
      vertex 0.130182469 0.0957908497 0
    endloop
  endfacet
  facet normal 0 0 -1
    outer loop
      vertex 0.0159760639 0.0957908497 0
      vertex 0.0159760639 0.0972875817 0
      vertex 0.130182469 0.0972875817 0
    endloop
  endfacet
  facet normal 0 0 1
    outer loop
      vertex 0.0159760639 0.0957908497 0.003
      vertex 0.130182469 0.0957908497 0.003
      vertex 0.130182469 0.0972875817 0.003
    endloop
  endfacet
  facet normal 0 0 1
    outer loop
      vertex 0.0159760639 0.0957908497 0.003
      vertex 0.130182469 0.0972875817 0.003
      vertex 0.0159760639 0.0972875817 0.003
    endloop
  endfacet
  facet normal 0 -1 0
    outer loop
      vertex 0.0159760639 0.0957908497 0
      vertex 0.130182469 0.0957908497 0
      vertex 0.130182469 0.0957908497 0.003
    endloop
  endfacet
  facet normal 0 -1 0
    outer loop
      vertex 0.0159760639 0.0957908497 0
      vertex 0.130182469 0.0957908497 0.003
      vertex 0.0159760639 0.0957908497 0.003
    endloop
  endfacet
  facet normal 1 0 0
    outer loop
      vertex 0.130182469 0.0957908497 0
      vertex 0.130182469 0.0972875817 0
      vertex 0.130182469 0.0972875817 0.003
    endloop
  endfacet
  facet normal 1 0 0
    outer loop
      vertex 0.130182469 0.0957908497 0
      vertex 0.130182469 0.0972875817 0.003
      vertex 0.130182469 0.0957908497 0.003
    endloop
  endfacet
  facet normal 0 1 0
    outer loop
      vertex 0.130182469 0.0972875817 0
      vertex 0.0159760639 0.0972875817 0
      vertex 0.0159760639 0.0972875817 0.003
    endloop
  endfacet
  facet normal 0 1 -0
    outer loop
      vertex 0.130182469 0.0972875817 0
      vertex 0.0159760639 0.0972875817 0.003
      vertex 0.130182469 0.0972875817 0.003
    endloop
  endfacet
  facet normal -1 0 0
    outer loop
      vertex 0.0159760639 0.0972875817 0
      vertex 0.0159760639 0.0957908497 0
      vertex 0.0159760639 0.0957908497 0.003
    endloop
  endfacet
  facet normal -1 0 0
    outer loop
      vertex 0.0159760639 0.0972875817 0
      vertex 0.0159760639 0.0957908497 0.003
      vertex 0.0159760639 0.0972875817 0.003
    endloop
  endfacet
  facet normal 0 0 -1
    outer loop
      vertex 0.131172077 0.0957908497 0
      vertex 0.259 0.0972875817 0
      vertex 0.259 0.0957908497 0
    endloop
  endfacet
  facet normal 0 0 -1
    outer loop
      vertex 0.131172077 0.0957908497 0
      vertex 0.131172077 0.0972875817 0
      vertex 0.259 0.0972875817 0
    endloop
  endfacet
  facet normal 0 0 1
    outer loop
      vertex 0.131172077 0.0957908497 0.003
      vertex 0.259 0.0957908497 0.003
      vertex 0.259 0.0972875817 0.003
    endloop
  endfacet
  facet normal 0 0 1
    outer loop
      vertex 0.131172077 0.0957908497 0.003
      vertex 0.259 0.0972875817 0.003
      vertex 0.131172077 0.0972875817 0.003
    endloop
  endfacet
  facet normal 0 -1 0
    outer loop
      vertex 0.131172077 0.0957908497 0
      vertex 0.259 0.0957908497 0
      vertex 0.259 0.0957908497 0.003
    endloop
  endfacet
  facet normal 0 -1 0
    outer loop
      vertex 0.131172077 0.0957908497 0
      vertex 0.259 0.0957908497 0.003
      vertex 0.131172077 0.0957908497 0.003
    endloop
  endfacet
  facet normal 1 0 0
    outer loop
      vertex 0.259 0.0957908497 0
      vertex 0.259 0.0972875817 0
      vertex 0.259 0.0972875817 0.003
    endloop
  endfacet
  facet normal 1 0 0
    outer loop
      vertex 0.259 0.0957908497 0
      vertex 0.259 0.0972875817 0.003
      vertex 0.259 0.0957908497 0.003
    endloop
  endfacet
  facet normal 0 1 0
    outer loop
      vertex 0.259 0.0972875817 0
      vertex 0.131172077 0.0972875817 0
      vertex 0.131172077 0.0972875817 0.003
    endloop
  endfacet
  facet normal 0 1 -0
    outer loop
      vertex 0.259 0.0972875817 0
      vertex 0.131172077 0.0972875817 0.003
      vertex 0.259 0.0972875817 0.003
    endloop
  endfacet
  facet normal -1 0 0
    outer loop
      vertex 0.131172077 0.0972875817 0
      vertex 0.131172077 0.0957908497 0
      vertex 0.131172077 0.0957908497 0.003
    endloop
  endfacet
  facet normal -1 0 0
    outer loop
      vertex 0.131172077 0.0972875817 0
      vertex 0.131172077 0.0957908497 0.003
      vertex 0.131172077 0.0972875817 0.003
    endloop
  endfacet
  facet normal 0 0 -1
    outer loop
      vertex 0 0.0972875817 0
      vertex 0.259 0.0987843137 0
      vertex 0.259 0.0972875817 0
    endloop
  endfacet
  facet normal 0 0 -1
    outer loop
      vertex 0 0.0972875817 0
      vertex 0 0.0987843137 0
      vertex 0.259 0.0987843137 0
    endloop
  endfacet
  facet normal 0 0 1
    outer loop
      vertex 0 0.0972875817 0.003
      vertex 0.259 0.0972875817 0.003
      vertex 0.259 0.0987843137 0.003
    endloop
  endfacet
  facet normal 0 0 1
    outer loop
      vertex 0 0.0972875817 0.003
      vertex 0.259 0.0987843137 0.003
      vertex 0 0.0987843137 0.003
    endloop
  endfacet
  facet normal 0 -1 0
    outer loop
      vertex 0 0.0972875817 0
      vertex 0.259 0.0972875817 0
      vertex 0.259 0.0972875817 0.003
    endloop
  endfacet
  facet normal 0 -1 0
    outer loop
      vertex 0 0.0972875817 0
      vertex 0.259 0.0972875817 0.003
      vertex 0 0.0972875817 0.003
    endloop
  endfacet
  facet normal 1 0 0
    outer loop
      vertex 0.259 0.0972875817 0
      vertex 0.259 0.0987843137 0
      vertex 0.259 0.0987843137 0.003
    endloop
  endfacet
  facet normal 1 0 0
    outer loop
      vertex 0.259 0.0972875817 0
      vertex 0.259 0.0987843137 0.003
      vertex 0.259 0.0972875817 0.003
    endloop
  endfacet
  facet normal 0 1 0
    outer loop
      vertex 0.259 0.0987843137 0
      vertex 0 0.0987843137 0
      vertex 0 0.0987843137 0.003
    endloop
  endfacet
  facet normal 0 1 -0
    outer loop
      vertex 0.259 0.0987843137 0
      vertex 0 0.0987843137 0.003
      vertex 0.259 0.0987843137 0.003
    endloop
  endfacet
  facet normal -1 0 0
    outer loop
      vertex 0 0.0987843137 0
      vertex 0 0.0972875817 0
      vertex 0 0.0972875817 0.003
    endloop
  endfacet
  facet normal -1 0 0
    outer loop
      vertex 0 0.0987843137 0
      vertex 0 0.0972875817 0.003
      vertex 0 0.0987843137 0.003
    endloop
  endfacet
  facet normal 0 0 -1
    outer loop
      vertex 0 0.0987843137 0
      vertex 0.259 0.100281046 0
      vertex 0.259 0.0987843137 0
    endloop
  endfacet
  facet normal 0 0 -1
    outer loop
      vertex 0 0.0987843137 0
      vertex 0 0.100281046 0
      vertex 0.259 0.100281046 0
    endloop
  endfacet
  facet normal 0 0 1
    outer loop
      vertex 0 0.0987843137 0.003
      vertex 0.259 0.0987843137 0.003
      vertex 0.259 0.100281046 0.003
    endloop
  endfacet
  facet normal 0 0 1
    outer loop
      vertex 0 0.0987843137 0.003
      vertex 0.259 0.100281046 0.003
      vertex 0 0.100281046 0.003
    endloop
  endfacet
  facet normal 0 -1 0
    outer loop
      vertex 0 0.0987843137 0
      vertex 0.259 0.0987843137 0
      vertex 0.259 0.0987843137 0.003
    endloop
  endfacet
  facet normal 0 -1 0
    outer loop
      vertex 0 0.0987843137 0
      vertex 0.259 0.0987843137 0.003
      vertex 0 0.0987843137 0.003
    endloop
  endfacet
  facet normal 1 0 0
    outer loop
      vertex 0.259 0.0987843137 0
      vertex 0.259 0.100281046 0
      vertex 0.259 0.100281046 0.003
    endloop
  endfacet
  facet normal 1 0 0
    outer loop
      vertex 0.259 0.0987843137 0
      vertex 0.259 0.100281046 0.003
      vertex 0.259 0.0987843137 0.003
    endloop
  endfacet
  facet normal 0 1 0
    outer loop
      vertex 0.259 0.100281046 0
      vertex 0 0.100281046 0
      vertex 0 0.100281046 0.003
    endloop
  endfacet
  facet normal 0 1 -0
    outer loop
      vertex 0.259 0.100281046 0
      vertex 0 0.100281046 0.003
      vertex 0.259 0.100281046 0.003
    endloop
  endfacet
  facet normal -1 0 0
    outer loop
      vertex 0 0.100281046 0
      vertex 0 0.0987843137 0
      vertex 0 0.0987843137 0.003
    endloop
  endfacet
  facet normal -1 0 0
    outer loop
      vertex 0 0.100281046 0
      vertex 0 0.0987843137 0.003
      vertex 0 0.100281046 0.003
    endloop
  endfacet
  facet normal 0 0 -1
    outer loop
      vertex 0 0.100281046 0
      vertex 0.259 0.101777778 0
      vertex 0.259 0.100281046 0
    endloop
  endfacet
  facet normal 0 0 -1
    outer loop
      vertex 0 0.100281046 0
      vertex 0 0.101777778 0
      vertex 0.259 0.101777778 0
    endloop
  endfacet
  facet normal 0 0 1
    outer loop
      vertex 0 0.100281046 0.003
      vertex 0.259 0.100281046 0.003
      vertex 0.259 0.101777778 0.003
    endloop
  endfacet
  facet normal 0 0 1
    outer loop
      vertex 0 0.100281046 0.003
      vertex 0.259 0.101777778 0.003
      vertex 0 0.101777778 0.003
    endloop
  endfacet
  facet normal 0 -1 0
    outer loop
      vertex 0 0.100281046 0
      vertex 0.259 0.100281046 0
      vertex 0.259 0.100281046 0.003
    endloop
  endfacet
  facet normal 0 -1 0
    outer loop
      vertex 0 0.100281046 0
      vertex 0.259 0.100281046 0.003
      vertex 0 0.100281046 0.003
    endloop
  endfacet
  facet normal 1 0 0
    outer loop
      vertex 0.259 0.100281046 0
      vertex 0.259 0.101777778 0
      vertex 0.259 0.101777778 0.003
    endloop
  endfacet
  facet normal 1 0 0
    outer loop
      vertex 0.259 0.100281046 0
      vertex 0.259 0.101777778 0.003
      vertex 0.259 0.100281046 0.003
    endloop
  endfacet
  facet normal 0 1 0
    outer loop
      vertex 0.259 0.101777778 0
      vertex 0 0.101777778 0
      vertex 0 0.101777778 0.003
    endloop
  endfacet
  facet normal 0 1 -0
    outer loop
      vertex 0.259 0.101777778 0
      vertex 0 0.101777778 0.003
      vertex 0.259 0.101777778 0.003
    endloop
  endfacet
  facet normal -1 0 0
    outer loop
      vertex 0 0.101777778 0
      vertex 0 0.100281046 0
      vertex 0 0.100281046 0.003
    endloop
  endfacet
  facet normal -1 0 0
    outer loop
      vertex 0 0.101777778 0
      vertex 0 0.100281046 0.003
      vertex 0 0.101777778 0.003
    endloop
  endfacet
  facet normal 0 0 -1
    outer loop
      vertex 0 0.101777778 0
      vertex 0.259 0.10327451 0
      vertex 0.259 0.101777778 0
    endloop
  endfacet
  facet normal 0 0 -1
    outer loop
      vertex 0 0.101777778 0
      vertex 0 0.10327451 0
      vertex 0.259 0.10327451 0
    endloop
  endfacet
  facet normal 0 0 1
    outer loop
      vertex 0 0.101777778 0.003
      vertex 0.259 0.101777778 0.003
      vertex 0.259 0.10327451 0.003
    endloop
  endfacet
  facet normal 0 0 1
    outer loop
      vertex 0 0.101777778 0.003
      vertex 0.259 0.10327451 0.003
      vertex 0 0.10327451 0.003
    endloop
  endfacet
  facet normal 0 -1 0
    outer loop
      vertex 0 0.101777778 0
      vertex 0.259 0.101777778 0
      vertex 0.259 0.101777778 0.003
    endloop
  endfacet
  facet normal 0 -1 0
    outer loop
      vertex 0 0.101777778 0
      vertex 0.259 0.101777778 0.003
      vertex 0 0.101777778 0.003
    endloop
  endfacet
  facet normal 1 0 0
    outer loop
      vertex 0.259 0.101777778 0
      vertex 0.259 0.10327451 0
      vertex 0.259 0.10327451 0.003
    endloop
  endfacet
  facet normal 1 0 0
    outer loop
      vertex 0.259 0.101777778 0
      vertex 0.259 0.10327451 0.003
      vertex 0.259 0.101777778 0.003
    endloop
  endfacet
  facet normal 0 1 0
    outer loop
      vertex 0.259 0.10327451 0
      vertex 0 0.10327451 0
      vertex 0 0.10327451 0.003
    endloop
  endfacet
  facet normal 0 1 -0
    outer loop
      vertex 0.259 0.10327451 0
      vertex 0 0.10327451 0.003
      vertex 0.259 0.10327451 0.003
    endloop
  endfacet
  facet normal -1 0 0
    outer loop
      vertex 0 0.10327451 0
      vertex 0 0.101777778 0
      vertex 0 0.101777778 0.003
    endloop
  endfacet
  facet normal -1 0 0
    outer loop
      vertex 0 0.10327451 0
      vertex 0 0.101777778 0.003
      vertex 0 0.10327451 0.003
    endloop
  endfacet
  facet normal 0 0 -1
    outer loop
      vertex 0 0.10327451 0
      vertex 0.259 0.104771242 0
      vertex 0.259 0.10327451 0
    endloop
  endfacet
  facet normal 0 0 -1
    outer loop
      vertex 0 0.10327451 0
      vertex 0 0.104771242 0
      vertex 0.259 0.104771242 0
    endloop
  endfacet
  facet normal 0 0 1
    outer loop
      vertex 0 0.10327451 0.003
      vertex 0.259 0.10327451 0.003
      vertex 0.259 0.104771242 0.003
    endloop
  endfacet
  facet normal 0 0 1
    outer loop
      vertex 0 0.10327451 0.003
      vertex 0.259 0.104771242 0.003
      vertex 0 0.104771242 0.003
    endloop
  endfacet
  facet normal 0 -1 0
    outer loop
      vertex 0 0.10327451 0
      vertex 0.259 0.10327451 0
      vertex 0.259 0.10327451 0.003
    endloop
  endfacet
  facet normal 0 -1 0
    outer loop
      vertex 0 0.10327451 0
      vertex 0.259 0.10327451 0.003
      vertex 0 0.10327451 0.003
    endloop
  endfacet
  facet normal 1 0 0
    outer loop
      vertex 0.259 0.10327451 0
      vertex 0.259 0.104771242 0
      vertex 0.259 0.104771242 0.003
    endloop
  endfacet
  facet normal 1 0 0
    outer loop
      vertex 0.259 0.10327451 0
      vertex 0.259 0.104771242 0.003
      vertex 0.259 0.10327451 0.003
    endloop
  endfacet
  facet normal 0 1 0
    outer loop
      vertex 0.259 0.104771242 0
      vertex 0 0.104771242 0
      vertex 0 0.104771242 0.003
    endloop
  endfacet
  facet normal 0 1 -0
    outer loop
      vertex 0.259 0.104771242 0
      vertex 0 0.104771242 0.003
      vertex 0.259 0.104771242 0.003
    endloop
  endfacet
  facet normal -1 0 0
    outer loop
      vertex 0 0.104771242 0
      vertex 0 0.10327451 0
      vertex 0 0.10327451 0.003
    endloop
  endfacet
  facet normal -1 0 0
    outer loop
      vertex 0 0.104771242 0
      vertex 0 0.10327451 0.003
      vertex 0 0.104771242 0.003
    endloop
  endfacet
  facet normal 0 0 -1
    outer loop
      vertex 0 0.104771242 0
      vertex 0.259 0.106267974 0
      vertex 0.259 0.104771242 0
    endloop
  endfacet
  facet normal 0 0 -1
    outer loop
      vertex 0 0.104771242 0
      vertex 0 0.106267974 0
      vertex 0.259 0.106267974 0
    endloop
  endfacet
  facet normal 0 0 1
    outer loop
      vertex 0 0.104771242 0.003
      vertex 0.259 0.104771242 0.003
      vertex 0.259 0.106267974 0.003
    endloop
  endfacet
  facet normal 0 0 1
    outer loop
      vertex 0 0.104771242 0.003
      vertex 0.259 0.106267974 0.003
      vertex 0 0.106267974 0.003
    endloop
  endfacet
  facet normal 0 -1 0
    outer loop
      vertex 0 0.104771242 0
      vertex 0.259 0.104771242 0
      vertex 0.259 0.104771242 0.003
    endloop
  endfacet
  facet normal 0 -1 0
    outer loop
      vertex 0 0.104771242 0
      vertex 0.259 0.104771242 0.003
      vertex 0 0.104771242 0.003
    endloop
  endfacet
  facet normal 1 0 0
    outer loop
      vertex 0.259 0.104771242 0
      vertex 0.259 0.106267974 0
      vertex 0.259 0.106267974 0.003
    endloop
  endfacet
  facet normal 1 0 0
    outer loop
      vertex 0.259 0.104771242 0
      vertex 0.259 0.106267974 0.003
      vertex 0.259 0.104771242 0.003
    endloop
  endfacet
  facet normal 0 1 0
    outer loop
      vertex 0.259 0.106267974 0
      vertex 0 0.106267974 0
      vertex 0 0.106267974 0.003
    endloop
  endfacet
  facet normal 0 1 -0
    outer loop
      vertex 0.259 0.106267974 0
      vertex 0 0.106267974 0.003
      vertex 0.259 0.106267974 0.003
    endloop
  endfacet
  facet normal -1 0 0
    outer loop
      vertex 0 0.106267974 0
      vertex 0 0.104771242 0
      vertex 0 0.104771242 0.003
    endloop
  endfacet
  facet normal -1 0 0
    outer loop
      vertex 0 0.106267974 0
      vertex 0 0.104771242 0.003
      vertex 0 0.106267974 0.003
    endloop
  endfacet
  facet normal 0 0 -1
    outer loop
      vertex 0 0.106267974 0
      vertex 0.259 0.107764706 0
      vertex 0.259 0.106267974 0
    endloop
  endfacet
  facet normal 0 0 -1
    outer loop
      vertex 0 0.106267974 0
      vertex 0 0.107764706 0
      vertex 0.259 0.107764706 0
    endloop
  endfacet
  facet normal 0 0 1
    outer loop
      vertex 0 0.106267974 0.003
      vertex 0.259 0.106267974 0.003
      vertex 0.259 0.107764706 0.003
    endloop
  endfacet
  facet normal 0 0 1
    outer loop
      vertex 0 0.106267974 0.003
      vertex 0.259 0.107764706 0.003
      vertex 0 0.107764706 0.003
    endloop
  endfacet
  facet normal 0 -1 0
    outer loop
      vertex 0 0.106267974 0
      vertex 0.259 0.106267974 0
      vertex 0.259 0.106267974 0.003
    endloop
  endfacet
  facet normal 0 -1 0
    outer loop
      vertex 0 0.106267974 0
      vertex 0.259 0.106267974 0.003
      vertex 0 0.106267974 0.003
    endloop
  endfacet
  facet normal 1 0 0
    outer loop
      vertex 0.259 0.106267974 0
      vertex 0.259 0.107764706 0
      vertex 0.259 0.107764706 0.003
    endloop
  endfacet
  facet normal 1 0 0
    outer loop
      vertex 0.259 0.106267974 0
      vertex 0.259 0.107764706 0.003
      vertex 0.259 0.106267974 0.003
    endloop
  endfacet
  facet normal 0 1 0
    outer loop
      vertex 0.259 0.107764706 0
      vertex 0 0.107764706 0
      vertex 0 0.107764706 0.003
    endloop
  endfacet
  facet normal 0 1 -0
    outer loop
      vertex 0.259 0.107764706 0
      vertex 0 0.107764706 0.003
      vertex 0.259 0.107764706 0.003
    endloop
  endfacet
  facet normal -1 0 0
    outer loop
      vertex 0 0.107764706 0
      vertex 0 0.106267974 0
      vertex 0 0.106267974 0.003
    endloop
  endfacet
  facet normal -1 0 0
    outer loop
      vertex 0 0.107764706 0
      vertex 0 0.106267974 0.003
      vertex 0 0.107764706 0.003
    endloop
  endfacet
  facet normal 0 0 -1
    outer loop
      vertex 0 0.107764706 0
      vertex 0.259 0.109261438 0
      vertex 0.259 0.107764706 0
    endloop
  endfacet
  facet normal 0 0 -1
    outer loop
      vertex 0 0.107764706 0
      vertex 0 0.109261438 0
      vertex 0.259 0.109261438 0
    endloop
  endfacet
  facet normal 0 0 1
    outer loop
      vertex 0 0.107764706 0.003
      vertex 0.259 0.107764706 0.003
      vertex 0.259 0.109261438 0.003
    endloop
  endfacet
  facet normal 0 0 1
    outer loop
      vertex 0 0.107764706 0.003
      vertex 0.259 0.109261438 0.003
      vertex 0 0.109261438 0.003
    endloop
  endfacet
  facet normal 0 -1 0
    outer loop
      vertex 0 0.107764706 0
      vertex 0.259 0.107764706 0
      vertex 0.259 0.107764706 0.003
    endloop
  endfacet
  facet normal 0 -1 0
    outer loop
      vertex 0 0.107764706 0
      vertex 0.259 0.107764706 0.003
      vertex 0 0.107764706 0.003
    endloop
  endfacet
  facet normal 1 0 0
    outer loop
      vertex 0.259 0.107764706 0
      vertex 0.259 0.109261438 0
      vertex 0.259 0.109261438 0.003
    endloop
  endfacet
  facet normal 1 0 0
    outer loop
      vertex 0.259 0.107764706 0
      vertex 0.259 0.109261438 0.003
      vertex 0.259 0.107764706 0.003
    endloop
  endfacet
  facet normal 0 1 0
    outer loop
      vertex 0.259 0.109261438 0
      vertex 0 0.109261438 0
      vertex 0 0.109261438 0.003
    endloop
  endfacet
  facet normal 0 1 -0
    outer loop
      vertex 0.259 0.109261438 0
      vertex 0 0.109261438 0.003
      vertex 0.259 0.109261438 0.003
    endloop
  endfacet
  facet normal -1 0 0
    outer loop
      vertex 0 0.109261438 0
      vertex 0 0.107764706 0
      vertex 0 0.107764706 0.003
    endloop
  endfacet
  facet normal -1 0 0
    outer loop
      vertex 0 0.109261438 0
      vertex 0 0.107764706 0.003
      vertex 0 0.109261438 0.003
    endloop
  endfacet
  facet normal 0 0 -1
    outer loop
      vertex 0 0.109261438 0
      vertex 0.259 0.11075817 0
      vertex 0.259 0.109261438 0
    endloop
  endfacet
  facet normal 0 0 -1
    outer loop
      vertex 0 0.109261438 0
      vertex 0 0.11075817 0
      vertex 0.259 0.11075817 0
    endloop
  endfacet
  facet normal 0 0 1
    outer loop
      vertex 0 0.109261438 0.003
      vertex 0.259 0.109261438 0.003
      vertex 0.259 0.11075817 0.003
    endloop
  endfacet
  facet normal 0 0 1
    outer loop
      vertex 0 0.109261438 0.003
      vertex 0.259 0.11075817 0.003
      vertex 0 0.11075817 0.003
    endloop
  endfacet
  facet normal 0 -1 0
    outer loop
      vertex 0 0.109261438 0
      vertex 0.259 0.109261438 0
      vertex 0.259 0.109261438 0.003
    endloop
  endfacet
  facet normal 0 -1 0
    outer loop
      vertex 0 0.109261438 0
      vertex 0.259 0.109261438 0.003
      vertex 0 0.109261438 0.003
    endloop
  endfacet
  facet normal 1 0 0
    outer loop
      vertex 0.259 0.109261438 0
      vertex 0.259 0.11075817 0
      vertex 0.259 0.11075817 0.003
    endloop
  endfacet
  facet normal 1 0 0
    outer loop
      vertex 0.259 0.109261438 0
      vertex 0.259 0.11075817 0.003
      vertex 0.259 0.109261438 0.003
    endloop
  endfacet
  facet normal 0 1 0
    outer loop
      vertex 0.259 0.11075817 0
      vertex 0 0.11075817 0
      vertex 0 0.11075817 0.003
    endloop
  endfacet
  facet normal 0 1 -0
    outer loop
      vertex 0.259 0.11075817 0
      vertex 0 0.11075817 0.003
      vertex 0.259 0.11075817 0.003
    endloop
  endfacet
  facet normal -1 0 0
    outer loop
      vertex 0 0.11075817 0
      vertex 0 0.109261438 0
      vertex 0 0.109261438 0.003
    endloop
  endfacet
  facet normal -1 0 0
    outer loop
      vertex 0 0.11075817 0
      vertex 0 0.109261438 0.003
      vertex 0 0.11075817 0.003
    endloop
  endfacet
  facet normal 0 0 -1
    outer loop
      vertex 0 0.11075817 0
      vertex 0.259 0.112254902 0
      vertex 0.259 0.11075817 0
    endloop
  endfacet
  facet normal 0 0 -1
    outer loop
      vertex 0 0.11075817 0
      vertex 0 0.112254902 0
      vertex 0.259 0.112254902 0
    endloop
  endfacet
  facet normal 0 0 1
    outer loop
      vertex 0 0.11075817 0.003
      vertex 0.259 0.11075817 0.003
      vertex 0.259 0.112254902 0.003
    endloop
  endfacet
  facet normal 0 0 1
    outer loop
      vertex 0 0.11075817 0.003
      vertex 0.259 0.112254902 0.003
      vertex 0 0.112254902 0.003
    endloop
  endfacet
  facet normal 0 -1 0
    outer loop
      vertex 0 0.11075817 0
      vertex 0.259 0.11075817 0
      vertex 0.259 0.11075817 0.003
    endloop
  endfacet
  facet normal 0 -1 0
    outer loop
      vertex 0 0.11075817 0
      vertex 0.259 0.11075817 0.003
      vertex 0 0.11075817 0.003
    endloop
  endfacet
  facet normal 1 0 0
    outer loop
      vertex 0.259 0.11075817 0
      vertex 0.259 0.112254902 0
      vertex 0.259 0.112254902 0.003
    endloop
  endfacet
  facet normal 1 0 0
    outer loop
      vertex 0.259 0.11075817 0
      vertex 0.259 0.112254902 0.003
      vertex 0.259 0.11075817 0.003
    endloop
  endfacet
  facet normal 0 1 0
    outer loop
      vertex 0.259 0.112254902 0
      vertex 0 0.112254902 0
      vertex 0 0.112254902 0.003
    endloop
  endfacet
  facet normal 0 1 -0
    outer loop
      vertex 0.259 0.112254902 0
      vertex 0 0.112254902 0.003
      vertex 0.259 0.112254902 0.003
    endloop
  endfacet
  facet normal -1 0 0
    outer loop
      vertex 0 0.112254902 0
      vertex 0 0.11075817 0
      vertex 0 0.11075817 0.003
    endloop
  endfacet
  facet normal -1 0 0
    outer loop
      vertex 0 0.112254902 0
      vertex 0 0.11075817 0.003
      vertex 0 0.112254902 0.003
    endloop
  endfacet
  facet normal 0 0 -1
    outer loop
      vertex 0 0.112254902 0
      vertex 0.259 0.113751634 0
      vertex 0.259 0.112254902 0
    endloop
  endfacet
  facet normal 0 0 -1
    outer loop
      vertex 0 0.112254902 0
      vertex 0 0.113751634 0
      vertex 0.259 0.113751634 0
    endloop
  endfacet
  facet normal 0 0 1
    outer loop
      vertex 0 0.112254902 0.003
      vertex 0.259 0.112254902 0.003
      vertex 0.259 0.113751634 0.003
    endloop
  endfacet
  facet normal 0 0 1
    outer loop
      vertex 0 0.112254902 0.003
      vertex 0.259 0.113751634 0.003
      vertex 0 0.113751634 0.003
    endloop
  endfacet
  facet normal 0 -1 0
    outer loop
      vertex 0 0.112254902 0
      vertex 0.259 0.112254902 0
      vertex 0.259 0.112254902 0.003
    endloop
  endfacet
  facet normal 0 -1 0
    outer loop
      vertex 0 0.112254902 0
      vertex 0.259 0.112254902 0.003
      vertex 0 0.112254902 0.003
    endloop
  endfacet
  facet normal 1 0 0
    outer loop
      vertex 0.259 0.112254902 0
      vertex 0.259 0.113751634 0
      vertex 0.259 0.113751634 0.003
    endloop
  endfacet
  facet normal 1 0 0
    outer loop
      vertex 0.259 0.112254902 0
      vertex 0.259 0.113751634 0.003
      vertex 0.259 0.112254902 0.003
    endloop
  endfacet
  facet normal 0 1 0
    outer loop
      vertex 0.259 0.113751634 0
      vertex 0 0.113751634 0
      vertex 0 0.113751634 0.003
    endloop
  endfacet
  facet normal 0 1 -0
    outer loop
      vertex 0.259 0.113751634 0
      vertex 0 0.113751634 0.003
      vertex 0.259 0.113751634 0.003
    endloop
  endfacet
  facet normal -1 0 0
    outer loop
      vertex 0 0.113751634 0
      vertex 0 0.112254902 0
      vertex 0 0.112254902 0.003
    endloop
  endfacet
  facet normal -1 0 0
    outer loop
      vertex 0 0.113751634 0
      vertex 0 0.112254902 0.003
      vertex 0 0.113751634 0.003
    endloop
  endfacet
  facet normal 0 0 -1
    outer loop
      vertex 0 0.113751634 0
      vertex 0.200770639 0.115248366 0
      vertex 0.200770639 0.113751634 0
    endloop
  endfacet
  facet normal 0 0 -1
    outer loop
      vertex 0 0.113751634 0
      vertex 0 0.115248366 0
      vertex 0.200770639 0.115248366 0
    endloop
  endfacet
  facet normal 0 0 1
    outer loop
      vertex 0 0.113751634 0.003
      vertex 0.200770639 0.113751634 0.003
      vertex 0.200770639 0.115248366 0.003
    endloop
  endfacet
  facet normal 0 0 1
    outer loop
      vertex 0 0.113751634 0.003
      vertex 0.200770639 0.115248366 0.003
      vertex 0 0.115248366 0.003
    endloop
  endfacet
  facet normal 0 -1 0
    outer loop
      vertex 0 0.113751634 0
      vertex 0.200770639 0.113751634 0
      vertex 0.200770639 0.113751634 0.003
    endloop
  endfacet
  facet normal 0 -1 0
    outer loop
      vertex 0 0.113751634 0
      vertex 0.200770639 0.113751634 0.003
      vertex 0 0.113751634 0.003
    endloop
  endfacet
  facet normal 1 0 0
    outer loop
      vertex 0.200770639 0.113751634 0
      vertex 0.200770639 0.115248366 0
      vertex 0.200770639 0.115248366 0.003
    endloop
  endfacet
  facet normal 1 0 0
    outer loop
      vertex 0.200770639 0.113751634 0
      vertex 0.200770639 0.115248366 0.003
      vertex 0.200770639 0.113751634 0.003
    endloop
  endfacet
  facet normal 0 1 0
    outer loop
      vertex 0.200770639 0.115248366 0
      vertex 0 0.115248366 0
      vertex 0 0.115248366 0.003
    endloop
  endfacet
  facet normal 0 1 -0
    outer loop
      vertex 0.200770639 0.115248366 0
      vertex 0 0.115248366 0.003
      vertex 0.200770639 0.115248366 0.003
    endloop
  endfacet
  facet normal -1 0 0
    outer loop
      vertex 0 0.115248366 0
      vertex 0 0.113751634 0
      vertex 0 0.113751634 0.003
    endloop
  endfacet
  facet normal -1 0 0
    outer loop
      vertex 0 0.115248366 0
      vertex 0 0.113751634 0.003
      vertex 0 0.115248366 0.003
    endloop
  endfacet
  facet normal 0 0 -1
    outer loop
      vertex 0.202592997 0.113751634 0
      vertex 0.259 0.115248366 0
      vertex 0.259 0.113751634 0
    endloop
  endfacet
  facet normal 0 0 -1
    outer loop
      vertex 0.202592997 0.113751634 0
      vertex 0.202592997 0.115248366 0
      vertex 0.259 0.115248366 0
    endloop
  endfacet
  facet normal 0 0 1
    outer loop
      vertex 0.202592997 0.113751634 0.003
      vertex 0.259 0.113751634 0.003
      vertex 0.259 0.115248366 0.003
    endloop
  endfacet
  facet normal 0 0 1
    outer loop
      vertex 0.202592997 0.113751634 0.003
      vertex 0.259 0.115248366 0.003
      vertex 0.202592997 0.115248366 0.003
    endloop
  endfacet
  facet normal 0 -1 0
    outer loop
      vertex 0.202592997 0.113751634 0
      vertex 0.259 0.113751634 0
      vertex 0.259 0.113751634 0.003
    endloop
  endfacet
  facet normal 0 -1 0
    outer loop
      vertex 0.202592997 0.113751634 0
      vertex 0.259 0.113751634 0.003
      vertex 0.202592997 0.113751634 0.003
    endloop
  endfacet
  facet normal 1 0 0
    outer loop
      vertex 0.259 0.113751634 0
      vertex 0.259 0.115248366 0
      vertex 0.259 0.115248366 0.003
    endloop
  endfacet
  facet normal 1 0 0
    outer loop
      vertex 0.259 0.113751634 0
      vertex 0.259 0.115248366 0.003
      vertex 0.259 0.113751634 0.003
    endloop
  endfacet
  facet normal 0 1 0
    outer loop
      vertex 0.259 0.115248366 0
      vertex 0.202592997 0.115248366 0
      vertex 0.202592997 0.115248366 0.003
    endloop
  endfacet
  facet normal 0 1 -0
    outer loop
      vertex 0.259 0.115248366 0
      vertex 0.202592997 0.115248366 0.003
      vertex 0.259 0.115248366 0.003
    endloop
  endfacet
  facet normal -1 0 0
    outer loop
      vertex 0.202592997 0.115248366 0
      vertex 0.202592997 0.113751634 0
      vertex 0.202592997 0.113751634 0.003
    endloop
  endfacet
  facet normal -1 0 0
    outer loop
      vertex 0.202592997 0.115248366 0
      vertex 0.202592997 0.113751634 0.003
      vertex 0.202592997 0.115248366 0.003
    endloop
  endfacet
  facet normal 0 0 -1
    outer loop
      vertex 0 0.115248366 0
      vertex 0.197112932 0.116745098 0
      vertex 0.197112932 0.115248366 0
    endloop
  endfacet
  facet normal 0 0 -1
    outer loop
      vertex 0 0.115248366 0
      vertex 0 0.116745098 0
      vertex 0.197112932 0.116745098 0
    endloop
  endfacet
  facet normal 0 0 1
    outer loop
      vertex 0 0.115248366 0.003
      vertex 0.197112932 0.115248366 0.003
      vertex 0.197112932 0.116745098 0.003
    endloop
  endfacet
  facet normal 0 0 1
    outer loop
      vertex 0 0.115248366 0.003
      vertex 0.197112932 0.116745098 0.003
      vertex 0 0.116745098 0.003
    endloop
  endfacet
  facet normal 0 -1 0
    outer loop
      vertex 0 0.115248366 0
      vertex 0.197112932 0.115248366 0
      vertex 0.197112932 0.115248366 0.003
    endloop
  endfacet
  facet normal 0 -1 0
    outer loop
      vertex 0 0.115248366 0
      vertex 0.197112932 0.115248366 0.003
      vertex 0 0.115248366 0.003
    endloop
  endfacet
  facet normal 1 0 0
    outer loop
      vertex 0.197112932 0.115248366 0
      vertex 0.197112932 0.116745098 0
      vertex 0.197112932 0.116745098 0.003
    endloop
  endfacet
  facet normal 1 0 0
    outer loop
      vertex 0.197112932 0.115248366 0
      vertex 0.197112932 0.116745098 0.003
      vertex 0.197112932 0.115248366 0.003
    endloop
  endfacet
  facet normal 0 1 0
    outer loop
      vertex 0.197112932 0.116745098 0
      vertex 0 0.116745098 0
      vertex 0 0.116745098 0.003
    endloop
  endfacet
  facet normal 0 1 -0
    outer loop
      vertex 0.197112932 0.116745098 0
      vertex 0 0.116745098 0.003
      vertex 0.197112932 0.116745098 0.003
    endloop
  endfacet
  facet normal -1 0 0
    outer loop
      vertex 0 0.116745098 0
      vertex 0 0.115248366 0
      vertex 0 0.115248366 0.003
    endloop
  endfacet
  facet normal -1 0 0
    outer loop
      vertex 0 0.116745098 0
      vertex 0 0.115248366 0.003
      vertex 0 0.116745098 0.003
    endloop
  endfacet
  facet normal 0 0 -1
    outer loop
      vertex 0.206250704 0.115248366 0
      vertex 0.259 0.116745098 0
      vertex 0.259 0.115248366 0
    endloop
  endfacet
  facet normal 0 0 -1
    outer loop
      vertex 0.206250704 0.115248366 0
      vertex 0.206250704 0.116745098 0
      vertex 0.259 0.116745098 0
    endloop
  endfacet
  facet normal 0 0 1
    outer loop
      vertex 0.206250704 0.115248366 0.003
      vertex 0.259 0.115248366 0.003
      vertex 0.259 0.116745098 0.003
    endloop
  endfacet
  facet normal 0 0 1
    outer loop
      vertex 0.206250704 0.115248366 0.003
      vertex 0.259 0.116745098 0.003
      vertex 0.206250704 0.116745098 0.003
    endloop
  endfacet
  facet normal 0 -1 0
    outer loop
      vertex 0.206250704 0.115248366 0
      vertex 0.259 0.115248366 0
      vertex 0.259 0.115248366 0.003
    endloop
  endfacet
  facet normal 0 -1 0
    outer loop
      vertex 0.206250704 0.115248366 0
      vertex 0.259 0.115248366 0.003
      vertex 0.206250704 0.115248366 0.003
    endloop
  endfacet
  facet normal 1 0 0
    outer loop
      vertex 0.259 0.115248366 0
      vertex 0.259 0.116745098 0
      vertex 0.259 0.116745098 0.003
    endloop
  endfacet
  facet normal 1 0 0
    outer loop
      vertex 0.259 0.115248366 0
      vertex 0.259 0.116745098 0.003
      vertex 0.259 0.115248366 0.003
    endloop
  endfacet
  facet normal 0 1 0
    outer loop
      vertex 0.259 0.116745098 0
      vertex 0.206250704 0.116745098 0
      vertex 0.206250704 0.116745098 0.003
    endloop
  endfacet
  facet normal 0 1 -0
    outer loop
      vertex 0.259 0.116745098 0
      vertex 0.206250704 0.116745098 0.003
      vertex 0.259 0.116745098 0.003
    endloop
  endfacet
  facet normal -1 0 0
    outer loop
      vertex 0.206250704 0.116745098 0
      vertex 0.206250704 0.115248366 0
      vertex 0.206250704 0.115248366 0.003
    endloop
  endfacet
  facet normal -1 0 0
    outer loop
      vertex 0.206250704 0.116745098 0
      vertex 0.206250704 0.115248366 0.003
      vertex 0.206250704 0.116745098 0.003
    endloop
  endfacet
  facet normal 0 0 -1
    outer loop
      vertex 0 0.116745098 0
      vertex 0.195645364 0.11824183 0
      vertex 0.195645364 0.116745098 0
    endloop
  endfacet
  facet normal 0 0 -1
    outer loop
      vertex 0 0.116745098 0
      vertex 0 0.11824183 0
      vertex 0.195645364 0.11824183 0
    endloop
  endfacet
  facet normal 0 0 1
    outer loop
      vertex 0 0.116745098 0.003
      vertex 0.195645364 0.116745098 0.003
      vertex 0.195645364 0.11824183 0.003
    endloop
  endfacet
  facet normal 0 0 1
    outer loop
      vertex 0 0.116745098 0.003
      vertex 0.195645364 0.11824183 0.003
      vertex 0 0.11824183 0.003
    endloop
  endfacet
  facet normal 0 -1 0
    outer loop
      vertex 0 0.116745098 0
      vertex 0.195645364 0.116745098 0
      vertex 0.195645364 0.116745098 0.003
    endloop
  endfacet
  facet normal 0 -1 0
    outer loop
      vertex 0 0.116745098 0
      vertex 0.195645364 0.116745098 0.003
      vertex 0 0.116745098 0.003
    endloop
  endfacet
  facet normal 1 0 0
    outer loop
      vertex 0.195645364 0.116745098 0
      vertex 0.195645364 0.11824183 0
      vertex 0.195645364 0.11824183 0.003
    endloop
  endfacet
  facet normal 1 0 0
    outer loop
      vertex 0.195645364 0.116745098 0
      vertex 0.195645364 0.11824183 0.003
      vertex 0.195645364 0.116745098 0.003
    endloop
  endfacet
  facet normal 0 1 0
    outer loop
      vertex 0.195645364 0.11824183 0
      vertex 0 0.11824183 0
      vertex 0 0.11824183 0.003
    endloop
  endfacet
  facet normal 0 1 -0
    outer loop
      vertex 0.195645364 0.11824183 0
      vertex 0 0.11824183 0.003
      vertex 0.195645364 0.11824183 0.003
    endloop
  endfacet
  facet normal -1 0 0
    outer loop
      vertex 0 0.11824183 0
      vertex 0 0.116745098 0
      vertex 0 0.116745098 0.003
    endloop
  endfacet
  facet normal -1 0 0
    outer loop
      vertex 0 0.11824183 0
      vertex 0 0.116745098 0.003
      vertex 0 0.11824183 0.003
    endloop
  endfacet
  facet normal 0 0 -1
    outer loop
      vertex 0.207718272 0.116745098 0
      vertex 0.259 0.11824183 0
      vertex 0.259 0.116745098 0
    endloop
  endfacet
  facet normal 0 0 -1
    outer loop
      vertex 0.207718272 0.116745098 0
      vertex 0.207718272 0.11824183 0
      vertex 0.259 0.11824183 0
    endloop
  endfacet
  facet normal 0 0 1
    outer loop
      vertex 0.207718272 0.116745098 0.003
      vertex 0.259 0.116745098 0.003
      vertex 0.259 0.11824183 0.003
    endloop
  endfacet
  facet normal 0 0 1
    outer loop
      vertex 0.207718272 0.116745098 0.003
      vertex 0.259 0.11824183 0.003
      vertex 0.207718272 0.11824183 0.003
    endloop
  endfacet
  facet normal 0 -1 0
    outer loop
      vertex 0.207718272 0.116745098 0
      vertex 0.259 0.116745098 0
      vertex 0.259 0.116745098 0.003
    endloop
  endfacet
  facet normal 0 -1 0
    outer loop
      vertex 0.207718272 0.116745098 0
      vertex 0.259 0.116745098 0.003
      vertex 0.207718272 0.116745098 0.003
    endloop
  endfacet
  facet normal 1 0 0
    outer loop
      vertex 0.259 0.116745098 0
      vertex 0.259 0.11824183 0
      vertex 0.259 0.11824183 0.003
    endloop
  endfacet
  facet normal 1 0 0
    outer loop
      vertex 0.259 0.116745098 0
      vertex 0.259 0.11824183 0.003
      vertex 0.259 0.116745098 0.003
    endloop
  endfacet
  facet normal 0 1 0
    outer loop
      vertex 0.259 0.11824183 0
      vertex 0.207718272 0.11824183 0
      vertex 0.207718272 0.11824183 0.003
    endloop
  endfacet
  facet normal 0 1 -0
    outer loop
      vertex 0.259 0.11824183 0
      vertex 0.207718272 0.11824183 0.003
      vertex 0.259 0.11824183 0.003
    endloop
  endfacet
  facet normal -1 0 0
    outer loop
      vertex 0.207718272 0.11824183 0
      vertex 0.207718272 0.116745098 0
      vertex 0.207718272 0.116745098 0.003
    endloop
  endfacet
  facet normal -1 0 0
    outer loop
      vertex 0.207718272 0.11824183 0
      vertex 0.207718272 0.116745098 0.003
      vertex 0.207718272 0.11824183 0.003
    endloop
  endfacet
  facet normal 0 0 -1
    outer loop
      vertex 0 0.11824183 0
      vertex 0.194788168 0.119738562 0
      vertex 0.194788168 0.11824183 0
    endloop
  endfacet
  facet normal 0 0 -1
    outer loop
      vertex 0 0.11824183 0
      vertex 0 0.119738562 0
      vertex 0.194788168 0.119738562 0
    endloop
  endfacet
  facet normal 0 0 1
    outer loop
      vertex 0 0.11824183 0.003
      vertex 0.194788168 0.11824183 0.003
      vertex 0.194788168 0.119738562 0.003
    endloop
  endfacet
  facet normal 0 0 1
    outer loop
      vertex 0 0.11824183 0.003
      vertex 0.194788168 0.119738562 0.003
      vertex 0 0.119738562 0.003
    endloop
  endfacet
  facet normal 0 -1 0
    outer loop
      vertex 0 0.11824183 0
      vertex 0.194788168 0.11824183 0
      vertex 0.194788168 0.11824183 0.003
    endloop
  endfacet
  facet normal 0 -1 0
    outer loop
      vertex 0 0.11824183 0
      vertex 0.194788168 0.11824183 0.003
      vertex 0 0.11824183 0.003
    endloop
  endfacet
  facet normal 1 0 0
    outer loop
      vertex 0.194788168 0.11824183 0
      vertex 0.194788168 0.119738562 0
      vertex 0.194788168 0.119738562 0.003
    endloop
  endfacet
  facet normal 1 0 0
    outer loop
      vertex 0.194788168 0.11824183 0
      vertex 0.194788168 0.119738562 0.003
      vertex 0.194788168 0.11824183 0.003
    endloop
  endfacet
  facet normal 0 1 0
    outer loop
      vertex 0.194788168 0.119738562 0
      vertex 0 0.119738562 0
      vertex 0 0.119738562 0.003
    endloop
  endfacet
  facet normal 0 1 -0
    outer loop
      vertex 0.194788168 0.119738562 0
      vertex 0 0.119738562 0.003
      vertex 0.194788168 0.119738562 0.003
    endloop
  endfacet
  facet normal -1 0 0
    outer loop
      vertex 0 0.119738562 0
      vertex 0 0.11824183 0
      vertex 0 0.11824183 0.003
    endloop
  endfacet
  facet normal -1 0 0
    outer loop
      vertex 0 0.119738562 0
      vertex 0 0.11824183 0.003
      vertex 0 0.119738562 0.003
    endloop
  endfacet
  facet normal 0 0 -1
    outer loop
      vertex 0.208575469 0.11824183 0
      vertex 0.259 0.119738562 0
      vertex 0.259 0.11824183 0
    endloop
  endfacet
  facet normal 0 0 -1
    outer loop
      vertex 0.208575469 0.11824183 0
      vertex 0.208575469 0.119738562 0
      vertex 0.259 0.119738562 0
    endloop
  endfacet
  facet normal 0 0 1
    outer loop
      vertex 0.208575469 0.11824183 0.003
      vertex 0.259 0.11824183 0.003
      vertex 0.259 0.119738562 0.003
    endloop
  endfacet
  facet normal 0 0 1
    outer loop
      vertex 0.208575469 0.11824183 0.003
      vertex 0.259 0.119738562 0.003
      vertex 0.208575469 0.119738562 0.003
    endloop
  endfacet
  facet normal 0 -1 0
    outer loop
      vertex 0.208575469 0.11824183 0
      vertex 0.259 0.11824183 0
      vertex 0.259 0.11824183 0.003
    endloop
  endfacet
  facet normal 0 -1 0
    outer loop
      vertex 0.208575469 0.11824183 0
      vertex 0.259 0.11824183 0.003
      vertex 0.208575469 0.11824183 0.003
    endloop
  endfacet
  facet normal 1 0 0
    outer loop
      vertex 0.259 0.11824183 0
      vertex 0.259 0.119738562 0
      vertex 0.259 0.119738562 0.003
    endloop
  endfacet
  facet normal 1 0 0
    outer loop
      vertex 0.259 0.11824183 0
      vertex 0.259 0.119738562 0.003
      vertex 0.259 0.11824183 0.003
    endloop
  endfacet
  facet normal 0 1 0
    outer loop
      vertex 0.259 0.119738562 0
      vertex 0.208575469 0.119738562 0
      vertex 0.208575469 0.119738562 0.003
    endloop
  endfacet
  facet normal 0 1 -0
    outer loop
      vertex 0.259 0.119738562 0
      vertex 0.208575469 0.119738562 0.003
      vertex 0.259 0.119738562 0.003
    endloop
  endfacet
  facet normal -1 0 0
    outer loop
      vertex 0.208575469 0.119738562 0
      vertex 0.208575469 0.11824183 0
      vertex 0.208575469 0.11824183 0.003
    endloop
  endfacet
  facet normal -1 0 0
    outer loop
      vertex 0.208575469 0.119738562 0
      vertex 0.208575469 0.11824183 0.003
      vertex 0.208575469 0.119738562 0.003
    endloop
  endfacet
  facet normal 0 0 -1
    outer loop
      vertex 0 0.119738562 0
      vertex 0.194324805 0.121235294 0
      vertex 0.194324805 0.119738562 0
    endloop
  endfacet
  facet normal 0 0 -1
    outer loop
      vertex 0 0.119738562 0
      vertex 0 0.121235294 0
      vertex 0.194324805 0.121235294 0
    endloop
  endfacet
  facet normal 0 0 1
    outer loop
      vertex 0 0.119738562 0.003
      vertex 0.194324805 0.119738562 0.003
      vertex 0.194324805 0.121235294 0.003
    endloop
  endfacet
  facet normal 0 0 1
    outer loop
      vertex 0 0.119738562 0.003
      vertex 0.194324805 0.121235294 0.003
      vertex 0 0.121235294 0.003
    endloop
  endfacet
  facet normal 0 -1 0
    outer loop
      vertex 0 0.119738562 0
      vertex 0.194324805 0.119738562 0
      vertex 0.194324805 0.119738562 0.003
    endloop
  endfacet
  facet normal 0 -1 0
    outer loop
      vertex 0 0.119738562 0
      vertex 0.194324805 0.119738562 0.003
      vertex 0 0.119738562 0.003
    endloop
  endfacet
  facet normal 1 0 0
    outer loop
      vertex 0.194324805 0.119738562 0
      vertex 0.194324805 0.121235294 0
      vertex 0.194324805 0.121235294 0.003
    endloop
  endfacet
  facet normal 1 0 0
    outer loop
      vertex 0.194324805 0.119738562 0
      vertex 0.194324805 0.121235294 0.003
      vertex 0.194324805 0.119738562 0.003
    endloop
  endfacet
  facet normal 0 1 0
    outer loop
      vertex 0.194324805 0.121235294 0
      vertex 0 0.121235294 0
      vertex 0 0.121235294 0.003
    endloop
  endfacet
  facet normal 0 1 -0
    outer loop
      vertex 0.194324805 0.121235294 0
      vertex 0 0.121235294 0.003
      vertex 0.194324805 0.121235294 0.003
    endloop
  endfacet
  facet normal -1 0 0
    outer loop
      vertex 0 0.121235294 0
      vertex 0 0.119738562 0
      vertex 0 0.119738562 0.003
    endloop
  endfacet
  facet normal -1 0 0
    outer loop
      vertex 0 0.121235294 0
      vertex 0 0.119738562 0.003
      vertex 0 0.121235294 0.003
    endloop
  endfacet
  facet normal 0 0 -1
    outer loop
      vertex 0.209038832 0.119738562 0
      vertex 0.259 0.121235294 0
      vertex 0.259 0.119738562 0
    endloop
  endfacet
  facet normal 0 0 -1
    outer loop
      vertex 0.209038832 0.119738562 0
      vertex 0.209038832 0.121235294 0
      vertex 0.259 0.121235294 0
    endloop
  endfacet
  facet normal 0 0 1
    outer loop
      vertex 0.209038832 0.119738562 0.003
      vertex 0.259 0.119738562 0.003
      vertex 0.259 0.121235294 0.003
    endloop
  endfacet
  facet normal 0 0 1
    outer loop
      vertex 0.209038832 0.119738562 0.003
      vertex 0.259 0.121235294 0.003
      vertex 0.209038832 0.121235294 0.003
    endloop
  endfacet
  facet normal 0 -1 0
    outer loop
      vertex 0.209038832 0.119738562 0
      vertex 0.259 0.119738562 0
      vertex 0.259 0.119738562 0.003
    endloop
  endfacet
  facet normal 0 -1 0
    outer loop
      vertex 0.209038832 0.119738562 0
      vertex 0.259 0.119738562 0.003
      vertex 0.209038832 0.119738562 0.003
    endloop
  endfacet
  facet normal 1 0 0
    outer loop
      vertex 0.259 0.119738562 0
      vertex 0.259 0.121235294 0
      vertex 0.259 0.121235294 0.003
    endloop
  endfacet
  facet normal 1 0 0
    outer loop
      vertex 0.259 0.119738562 0
      vertex 0.259 0.121235294 0.003
      vertex 0.259 0.119738562 0.003
    endloop
  endfacet
  facet normal 0 1 0
    outer loop
      vertex 0.259 0.121235294 0
      vertex 0.209038832 0.121235294 0
      vertex 0.209038832 0.121235294 0.003
    endloop
  endfacet
  facet normal 0 1 -0
    outer loop
      vertex 0.259 0.121235294 0
      vertex 0.209038832 0.121235294 0.003
      vertex 0.259 0.121235294 0.003
    endloop
  endfacet
  facet normal -1 0 0
    outer loop
      vertex 0.209038832 0.121235294 0
      vertex 0.209038832 0.119738562 0
      vertex 0.209038832 0.119738562 0.003
    endloop
  endfacet
  facet normal -1 0 0
    outer loop
      vertex 0.209038832 0.121235294 0
      vertex 0.209038832 0.119738562 0.003
      vertex 0.209038832 0.121235294 0.003
    endloop
  endfacet
  facet normal 0 0 -1
    outer loop
      vertex 0 0.121235294 0
      vertex 0.194181921 0.122732026 0
      vertex 0.194181921 0.121235294 0
    endloop
  endfacet
  facet normal 0 0 -1
    outer loop
      vertex 0 0.121235294 0
      vertex 0 0.122732026 0
      vertex 0.194181921 0.122732026 0
    endloop
  endfacet
  facet normal 0 0 1
    outer loop
      vertex 0 0.121235294 0.003
      vertex 0.194181921 0.121235294 0.003
      vertex 0.194181921 0.122732026 0.003
    endloop
  endfacet
  facet normal 0 0 1
    outer loop
      vertex 0 0.121235294 0.003
      vertex 0.194181921 0.122732026 0.003
      vertex 0 0.122732026 0.003
    endloop
  endfacet
  facet normal 0 -1 0
    outer loop
      vertex 0 0.121235294 0
      vertex 0.194181921 0.121235294 0
      vertex 0.194181921 0.121235294 0.003
    endloop
  endfacet
  facet normal 0 -1 0
    outer loop
      vertex 0 0.121235294 0
      vertex 0.194181921 0.121235294 0.003
      vertex 0 0.121235294 0.003
    endloop
  endfacet
  facet normal 1 0 0
    outer loop
      vertex 0.194181921 0.121235294 0
      vertex 0.194181921 0.122732026 0
      vertex 0.194181921 0.122732026 0.003
    endloop
  endfacet
  facet normal 1 0 0
    outer loop
      vertex 0.194181921 0.121235294 0
      vertex 0.194181921 0.122732026 0.003
      vertex 0.194181921 0.121235294 0.003
    endloop
  endfacet
  facet normal 0 1 0
    outer loop
      vertex 0.194181921 0.122732026 0
      vertex 0 0.122732026 0
      vertex 0 0.122732026 0.003
    endloop
  endfacet
  facet normal 0 1 -0
    outer loop
      vertex 0.194181921 0.122732026 0
      vertex 0 0.122732026 0.003
      vertex 0.194181921 0.122732026 0.003
    endloop
  endfacet
  facet normal -1 0 0
    outer loop
      vertex 0 0.122732026 0
      vertex 0 0.121235294 0
      vertex 0 0.121235294 0.003
    endloop
  endfacet
  facet normal -1 0 0
    outer loop
      vertex 0 0.122732026 0
      vertex 0 0.121235294 0.003
      vertex 0 0.122732026 0.003
    endloop
  endfacet
  facet normal 0 0 -1
    outer loop
      vertex 0.209181716 0.121235294 0
      vertex 0.259 0.122732026 0
      vertex 0.259 0.121235294 0
    endloop
  endfacet
  facet normal 0 0 -1
    outer loop
      vertex 0.209181716 0.121235294 0
      vertex 0.209181716 0.122732026 0
      vertex 0.259 0.122732026 0
    endloop
  endfacet
  facet normal 0 0 1
    outer loop
      vertex 0.209181716 0.121235294 0.003
      vertex 0.259 0.121235294 0.003
      vertex 0.259 0.122732026 0.003
    endloop
  endfacet
  facet normal 0 0 1
    outer loop
      vertex 0.209181716 0.121235294 0.003
      vertex 0.259 0.122732026 0.003
      vertex 0.209181716 0.122732026 0.003
    endloop
  endfacet
  facet normal 0 -1 0
    outer loop
      vertex 0.209181716 0.121235294 0
      vertex 0.259 0.121235294 0
      vertex 0.259 0.121235294 0.003
    endloop
  endfacet
  facet normal 0 -1 0
    outer loop
      vertex 0.209181716 0.121235294 0
      vertex 0.259 0.121235294 0.003
      vertex 0.209181716 0.121235294 0.003
    endloop
  endfacet
  facet normal 1 0 0
    outer loop
      vertex 0.259 0.121235294 0
      vertex 0.259 0.122732026 0
      vertex 0.259 0.122732026 0.003
    endloop
  endfacet
  facet normal 1 0 0
    outer loop
      vertex 0.259 0.121235294 0
      vertex 0.259 0.122732026 0.003
      vertex 0.259 0.121235294 0.003
    endloop
  endfacet
  facet normal 0 1 0
    outer loop
      vertex 0.259 0.122732026 0
      vertex 0.209181716 0.122732026 0
      vertex 0.209181716 0.122732026 0.003
    endloop
  endfacet
  facet normal 0 1 -0
    outer loop
      vertex 0.259 0.122732026 0
      vertex 0.209181716 0.122732026 0.003
      vertex 0.259 0.122732026 0.003
    endloop
  endfacet
  facet normal -1 0 0
    outer loop
      vertex 0.209181716 0.122732026 0
      vertex 0.209181716 0.121235294 0
      vertex 0.209181716 0.121235294 0.003
    endloop
  endfacet
  facet normal -1 0 0
    outer loop
      vertex 0.209181716 0.122732026 0
      vertex 0.209181716 0.121235294 0.003
      vertex 0.209181716 0.122732026 0.003
    endloop
  endfacet
  facet normal 0 0 -1
    outer loop
      vertex 0 0.122732026 0
      vertex 0.194340778 0.124228758 0
      vertex 0.194340778 0.122732026 0
    endloop
  endfacet
  facet normal 0 0 -1
    outer loop
      vertex 0 0.122732026 0
      vertex 0 0.124228758 0
      vertex 0.194340778 0.124228758 0
    endloop
  endfacet
  facet normal 0 0 1
    outer loop
      vertex 0 0.122732026 0.003
      vertex 0.194340778 0.122732026 0.003
      vertex 0.194340778 0.124228758 0.003
    endloop
  endfacet
  facet normal 0 0 1
    outer loop
      vertex 0 0.122732026 0.003
      vertex 0.194340778 0.124228758 0.003
      vertex 0 0.124228758 0.003
    endloop
  endfacet
  facet normal 0 -1 0
    outer loop
      vertex 0 0.122732026 0
      vertex 0.194340778 0.122732026 0
      vertex 0.194340778 0.122732026 0.003
    endloop
  endfacet
  facet normal 0 -1 0
    outer loop
      vertex 0 0.122732026 0
      vertex 0.194340778 0.122732026 0.003
      vertex 0 0.122732026 0.003
    endloop
  endfacet
  facet normal 1 0 0
    outer loop
      vertex 0.194340778 0.122732026 0
      vertex 0.194340778 0.124228758 0
      vertex 0.194340778 0.124228758 0.003
    endloop
  endfacet
  facet normal 1 0 0
    outer loop
      vertex 0.194340778 0.122732026 0
      vertex 0.194340778 0.124228758 0.003
      vertex 0.194340778 0.122732026 0.003
    endloop
  endfacet
  facet normal 0 1 0
    outer loop
      vertex 0.194340778 0.124228758 0
      vertex 0 0.124228758 0
      vertex 0 0.124228758 0.003
    endloop
  endfacet
  facet normal 0 1 -0
    outer loop
      vertex 0.194340778 0.124228758 0
      vertex 0 0.124228758 0.003
      vertex 0.194340778 0.124228758 0.003
    endloop
  endfacet
  facet normal -1 0 0
    outer loop
      vertex 0 0.124228758 0
      vertex 0 0.122732026 0
      vertex 0 0.122732026 0.003
    endloop
  endfacet
  facet normal -1 0 0
    outer loop
      vertex 0 0.124228758 0
      vertex 0 0.122732026 0.003
      vertex 0 0.124228758 0.003
    endloop
  endfacet
  facet normal 0 0 -1
    outer loop
      vertex 0.209022858 0.122732026 0
      vertex 0.259 0.124228758 0
      vertex 0.259 0.122732026 0
    endloop
  endfacet
  facet normal 0 0 -1
    outer loop
      vertex 0.209022858 0.122732026 0
      vertex 0.209022858 0.124228758 0
      vertex 0.259 0.124228758 0
    endloop
  endfacet
  facet normal 0 0 1
    outer loop
      vertex 0.209022858 0.122732026 0.003
      vertex 0.259 0.122732026 0.003
      vertex 0.259 0.124228758 0.003
    endloop
  endfacet
  facet normal 0 0 1
    outer loop
      vertex 0.209022858 0.122732026 0.003
      vertex 0.259 0.124228758 0.003
      vertex 0.209022858 0.124228758 0.003
    endloop
  endfacet
  facet normal 0 -1 0
    outer loop
      vertex 0.209022858 0.122732026 0
      vertex 0.259 0.122732026 0
      vertex 0.259 0.122732026 0.003
    endloop
  endfacet
  facet normal 0 -1 0
    outer loop
      vertex 0.209022858 0.122732026 0
      vertex 0.259 0.122732026 0.003
      vertex 0.209022858 0.122732026 0.003
    endloop
  endfacet
  facet normal 1 0 0
    outer loop
      vertex 0.259 0.122732026 0
      vertex 0.259 0.124228758 0
      vertex 0.259 0.124228758 0.003
    endloop
  endfacet
  facet normal 1 0 0
    outer loop
      vertex 0.259 0.122732026 0
      vertex 0.259 0.124228758 0.003
      vertex 0.259 0.122732026 0.003
    endloop
  endfacet
  facet normal 0 1 0
    outer loop
      vertex 0.259 0.124228758 0
      vertex 0.209022858 0.124228758 0
      vertex 0.209022858 0.124228758 0.003
    endloop
  endfacet
  facet normal 0 1 -0
    outer loop
      vertex 0.259 0.124228758 0
      vertex 0.209022858 0.124228758 0.003
      vertex 0.259 0.124228758 0.003
    endloop
  endfacet
  facet normal -1 0 0
    outer loop
      vertex 0.209022858 0.124228758 0
      vertex 0.209022858 0.122732026 0
      vertex 0.209022858 0.122732026 0.003
    endloop
  endfacet
  facet normal -1 0 0
    outer loop
      vertex 0.209022858 0.124228758 0
      vertex 0.209022858 0.122732026 0.003
      vertex 0.209022858 0.124228758 0.003
    endloop
  endfacet
  facet normal 0 0 -1
    outer loop
      vertex 0 0.124228758 0
      vertex 0.19482231 0.12572549 0
      vertex 0.19482231 0.124228758 0
    endloop
  endfacet
  facet normal 0 0 -1
    outer loop
      vertex 0 0.124228758 0
      vertex 0 0.12572549 0
      vertex 0.19482231 0.12572549 0
    endloop
  endfacet
  facet normal 0 0 1
    outer loop
      vertex 0 0.124228758 0.003
      vertex 0.19482231 0.124228758 0.003
      vertex 0.19482231 0.12572549 0.003
    endloop
  endfacet
  facet normal 0 0 1
    outer loop
      vertex 0 0.124228758 0.003
      vertex 0.19482231 0.12572549 0.003
      vertex 0 0.12572549 0.003
    endloop
  endfacet
  facet normal 0 -1 0
    outer loop
      vertex 0 0.124228758 0
      vertex 0.19482231 0.124228758 0
      vertex 0.19482231 0.124228758 0.003
    endloop
  endfacet
  facet normal 0 -1 0
    outer loop
      vertex 0 0.124228758 0
      vertex 0.19482231 0.124228758 0.003
      vertex 0 0.124228758 0.003
    endloop
  endfacet
  facet normal 1 0 0
    outer loop
      vertex 0.19482231 0.124228758 0
      vertex 0.19482231 0.12572549 0
      vertex 0.19482231 0.12572549 0.003
    endloop
  endfacet
  facet normal 1 0 0
    outer loop
      vertex 0.19482231 0.124228758 0
      vertex 0.19482231 0.12572549 0.003
      vertex 0.19482231 0.124228758 0.003
    endloop
  endfacet
  facet normal 0 1 0
    outer loop
      vertex 0.19482231 0.12572549 0
      vertex 0 0.12572549 0
      vertex 0 0.12572549 0.003
    endloop
  endfacet
  facet normal 0 1 -0
    outer loop
      vertex 0.19482231 0.12572549 0
      vertex 0 0.12572549 0.003
      vertex 0.19482231 0.12572549 0.003
    endloop
  endfacet
  facet normal -1 0 0
    outer loop
      vertex 0 0.12572549 0
      vertex 0 0.124228758 0
      vertex 0 0.124228758 0.003
    endloop
  endfacet
  facet normal -1 0 0
    outer loop
      vertex 0 0.12572549 0
      vertex 0 0.124228758 0.003
      vertex 0 0.12572549 0.003
    endloop
  endfacet
  facet normal 0 0 -1
    outer loop
      vertex 0.208541326 0.124228758 0
      vertex 0.259 0.12572549 0
      vertex 0.259 0.124228758 0
    endloop
  endfacet
  facet normal 0 0 -1
    outer loop
      vertex 0.208541326 0.124228758 0
      vertex 0.208541326 0.12572549 0
      vertex 0.259 0.12572549 0
    endloop
  endfacet
  facet normal 0 0 1
    outer loop
      vertex 0.208541326 0.124228758 0.003
      vertex 0.259 0.124228758 0.003
      vertex 0.259 0.12572549 0.003
    endloop
  endfacet
  facet normal 0 0 1
    outer loop
      vertex 0.208541326 0.124228758 0.003
      vertex 0.259 0.12572549 0.003
      vertex 0.208541326 0.12572549 0.003
    endloop
  endfacet
  facet normal 0 -1 0
    outer loop
      vertex 0.208541326 0.124228758 0
      vertex 0.259 0.124228758 0
      vertex 0.259 0.124228758 0.003
    endloop
  endfacet
  facet normal 0 -1 0
    outer loop
      vertex 0.208541326 0.124228758 0
      vertex 0.259 0.124228758 0.003
      vertex 0.208541326 0.124228758 0.003
    endloop
  endfacet
  facet normal 1 0 0
    outer loop
      vertex 0.259 0.124228758 0
      vertex 0.259 0.12572549 0
      vertex 0.259 0.12572549 0.003
    endloop
  endfacet
  facet normal 1 0 0
    outer loop
      vertex 0.259 0.124228758 0
      vertex 0.259 0.12572549 0.003
      vertex 0.259 0.124228758 0.003
    endloop
  endfacet
  facet normal 0 1 0
    outer loop
      vertex 0.259 0.12572549 0
      vertex 0.208541326 0.12572549 0
      vertex 0.208541326 0.12572549 0.003
    endloop
  endfacet
  facet normal 0 1 -0
    outer loop
      vertex 0.259 0.12572549 0
      vertex 0.208541326 0.12572549 0.003
      vertex 0.259 0.12572549 0.003
    endloop
  endfacet
  facet normal -1 0 0
    outer loop
      vertex 0.208541326 0.12572549 0
      vertex 0.208541326 0.124228758 0
      vertex 0.208541326 0.124228758 0.003
    endloop
  endfacet
  facet normal -1 0 0
    outer loop
      vertex 0.208541326 0.12572549 0
      vertex 0.208541326 0.124228758 0.003
      vertex 0.208541326 0.12572549 0.003
    endloop
  endfacet
  facet normal 0 0 -1
    outer loop
      vertex 0 0.12572549 0
      vertex 0.19570399 0.127222222 0
      vertex 0.19570399 0.12572549 0
    endloop
  endfacet
  facet normal 0 0 -1
    outer loop
      vertex 0 0.12572549 0
      vertex 0 0.127222222 0
      vertex 0.19570399 0.127222222 0
    endloop
  endfacet
  facet normal 0 0 1
    outer loop
      vertex 0 0.12572549 0.003
      vertex 0.19570399 0.12572549 0.003
      vertex 0.19570399 0.127222222 0.003
    endloop
  endfacet
  facet normal 0 0 1
    outer loop
      vertex 0 0.12572549 0.003
      vertex 0.19570399 0.127222222 0.003
      vertex 0 0.127222222 0.003
    endloop
  endfacet
  facet normal 0 -1 0
    outer loop
      vertex 0 0.12572549 0
      vertex 0.19570399 0.12572549 0
      vertex 0.19570399 0.12572549 0.003
    endloop
  endfacet
  facet normal 0 -1 0
    outer loop
      vertex 0 0.12572549 0
      vertex 0.19570399 0.12572549 0.003
      vertex 0 0.12572549 0.003
    endloop
  endfacet
  facet normal 1 0 0
    outer loop
      vertex 0.19570399 0.12572549 0
      vertex 0.19570399 0.127222222 0
      vertex 0.19570399 0.127222222 0.003
    endloop
  endfacet
  facet normal 1 0 0
    outer loop
      vertex 0.19570399 0.12572549 0
      vertex 0.19570399 0.127222222 0.003
      vertex 0.19570399 0.12572549 0.003
    endloop
  endfacet
  facet normal 0 1 0
    outer loop
      vertex 0.19570399 0.127222222 0
      vertex 0 0.127222222 0
      vertex 0 0.127222222 0.003
    endloop
  endfacet
  facet normal 0 1 -0
    outer loop
      vertex 0.19570399 0.127222222 0
      vertex 0 0.127222222 0.003
      vertex 0.19570399 0.127222222 0.003
    endloop
  endfacet
  facet normal -1 0 0
    outer loop
      vertex 0 0.127222222 0
      vertex 0 0.12572549 0
      vertex 0 0.12572549 0.003
    endloop
  endfacet
  facet normal -1 0 0
    outer loop
      vertex 0 0.127222222 0
      vertex 0 0.12572549 0.003
      vertex 0 0.127222222 0.003
    endloop
  endfacet
  facet normal 0 0 -1
    outer loop
      vertex 0.207659646 0.12572549 0
      vertex 0.259 0.127222222 0
      vertex 0.259 0.12572549 0
    endloop
  endfacet
  facet normal 0 0 -1
    outer loop
      vertex 0.207659646 0.12572549 0
      vertex 0.207659646 0.127222222 0
      vertex 0.259 0.127222222 0
    endloop
  endfacet
  facet normal 0 0 1
    outer loop
      vertex 0.207659646 0.12572549 0.003
      vertex 0.259 0.12572549 0.003
      vertex 0.259 0.127222222 0.003
    endloop
  endfacet
  facet normal 0 0 1
    outer loop
      vertex 0.207659646 0.12572549 0.003
      vertex 0.259 0.127222222 0.003
      vertex 0.207659646 0.127222222 0.003
    endloop
  endfacet
  facet normal 0 -1 0
    outer loop
      vertex 0.207659646 0.12572549 0
      vertex 0.259 0.12572549 0
      vertex 0.259 0.12572549 0.003
    endloop
  endfacet
  facet normal 0 -1 0
    outer loop
      vertex 0.207659646 0.12572549 0
      vertex 0.259 0.12572549 0.003
      vertex 0.207659646 0.12572549 0.003
    endloop
  endfacet
  facet normal 1 0 0
    outer loop
      vertex 0.259 0.12572549 0
      vertex 0.259 0.127222222 0
      vertex 0.259 0.127222222 0.003
    endloop
  endfacet
  facet normal 1 0 0
    outer loop
      vertex 0.259 0.12572549 0
      vertex 0.259 0.127222222 0.003
      vertex 0.259 0.12572549 0.003
    endloop
  endfacet
  facet normal 0 1 0
    outer loop
      vertex 0.259 0.127222222 0
      vertex 0.207659646 0.127222222 0
      vertex 0.207659646 0.127222222 0.003
    endloop
  endfacet
  facet normal 0 1 -0
    outer loop
      vertex 0.259 0.127222222 0
      vertex 0.207659646 0.127222222 0.003
      vertex 0.259 0.127222222 0.003
    endloop
  endfacet
  facet normal -1 0 0
    outer loop
      vertex 0.207659646 0.127222222 0
      vertex 0.207659646 0.12572549 0
      vertex 0.207659646 0.12572549 0.003
    endloop
  endfacet
  facet normal -1 0 0
    outer loop
      vertex 0.207659646 0.127222222 0
      vertex 0.207659646 0.12572549 0.003
      vertex 0.207659646 0.127222222 0.003
    endloop
  endfacet
  facet normal 0 0 -1
    outer loop
      vertex 0 0.127222222 0
      vertex 0.197216889 0.128718954 0
      vertex 0.197216889 0.127222222 0
    endloop
  endfacet
  facet normal 0 0 -1
    outer loop
      vertex 0 0.127222222 0
      vertex 0 0.128718954 0
      vertex 0.197216889 0.128718954 0
    endloop
  endfacet
  facet normal 0 0 1
    outer loop
      vertex 0 0.127222222 0.003
      vertex 0.197216889 0.127222222 0.003
      vertex 0.197216889 0.128718954 0.003
    endloop
  endfacet
  facet normal 0 0 1
    outer loop
      vertex 0 0.127222222 0.003
      vertex 0.197216889 0.128718954 0.003
      vertex 0 0.128718954 0.003
    endloop
  endfacet
  facet normal 0 -1 0
    outer loop
      vertex 0 0.127222222 0
      vertex 0.197216889 0.127222222 0
      vertex 0.197216889 0.127222222 0.003
    endloop
  endfacet
  facet normal 0 -1 0
    outer loop
      vertex 0 0.127222222 0
      vertex 0.197216889 0.127222222 0.003
      vertex 0 0.127222222 0.003
    endloop
  endfacet
  facet normal 1 0 0
    outer loop
      vertex 0.197216889 0.127222222 0
      vertex 0.197216889 0.128718954 0
      vertex 0.197216889 0.128718954 0.003
    endloop
  endfacet
  facet normal 1 0 0
    outer loop
      vertex 0.197216889 0.127222222 0
      vertex 0.197216889 0.128718954 0.003
      vertex 0.197216889 0.127222222 0.003
    endloop
  endfacet
  facet normal 0 1 0
    outer loop
      vertex 0.197216889 0.128718954 0
      vertex 0 0.128718954 0
      vertex 0 0.128718954 0.003
    endloop
  endfacet
  facet normal 0 1 -0
    outer loop
      vertex 0.197216889 0.128718954 0
      vertex 0 0.128718954 0.003
      vertex 0.197216889 0.128718954 0.003
    endloop
  endfacet
  facet normal -1 0 0
    outer loop
      vertex 0 0.128718954 0
      vertex 0 0.127222222 0
      vertex 0 0.127222222 0.003
    endloop
  endfacet
  facet normal -1 0 0
    outer loop
      vertex 0 0.128718954 0
      vertex 0 0.127222222 0.003
      vertex 0 0.128718954 0.003
    endloop
  endfacet
  facet normal 0 0 -1
    outer loop
      vertex 0.206146747 0.127222222 0
      vertex 0.259 0.128718954 0
      vertex 0.259 0.127222222 0
    endloop
  endfacet
  facet normal 0 0 -1
    outer loop
      vertex 0.206146747 0.127222222 0
      vertex 0.206146747 0.128718954 0
      vertex 0.259 0.128718954 0
    endloop
  endfacet
  facet normal 0 0 1
    outer loop
      vertex 0.206146747 0.127222222 0.003
      vertex 0.259 0.127222222 0.003
      vertex 0.259 0.128718954 0.003
    endloop
  endfacet
  facet normal 0 0 1
    outer loop
      vertex 0.206146747 0.127222222 0.003
      vertex 0.259 0.128718954 0.003
      vertex 0.206146747 0.128718954 0.003
    endloop
  endfacet
  facet normal 0 -1 0
    outer loop
      vertex 0.206146747 0.127222222 0
      vertex 0.259 0.127222222 0
      vertex 0.259 0.127222222 0.003
    endloop
  endfacet
  facet normal 0 -1 0
    outer loop
      vertex 0.206146747 0.127222222 0
      vertex 0.259 0.127222222 0.003
      vertex 0.206146747 0.127222222 0.003
    endloop
  endfacet
  facet normal 1 0 0
    outer loop
      vertex 0.259 0.127222222 0
      vertex 0.259 0.128718954 0
      vertex 0.259 0.128718954 0.003
    endloop
  endfacet
  facet normal 1 0 0
    outer loop
      vertex 0.259 0.127222222 0
      vertex 0.259 0.128718954 0.003
      vertex 0.259 0.127222222 0.003
    endloop
  endfacet
  facet normal 0 1 0
    outer loop
      vertex 0.259 0.128718954 0
      vertex 0.206146747 0.128718954 0
      vertex 0.206146747 0.128718954 0.003
    endloop
  endfacet
  facet normal 0 1 -0
    outer loop
      vertex 0.259 0.128718954 0
      vertex 0.206146747 0.128718954 0.003
      vertex 0.259 0.128718954 0.003
    endloop
  endfacet
  facet normal -1 0 0
    outer loop
      vertex 0.206146747 0.128718954 0
      vertex 0.206146747 0.127222222 0
      vertex 0.206146747 0.127222222 0.003
    endloop
  endfacet
  facet normal -1 0 0
    outer loop
      vertex 0.206146747 0.128718954 0
      vertex 0.206146747 0.127222222 0.003
      vertex 0.206146747 0.128718954 0.003
    endloop
  endfacet
  facet normal 0 0 -1
    outer loop
      vertex 0 0.128718954 0
      vertex 0.259 0.130215686 0
      vertex 0.259 0.128718954 0
    endloop
  endfacet
  facet normal 0 0 -1
    outer loop
      vertex 0 0.128718954 0
      vertex 0 0.130215686 0
      vertex 0.259 0.130215686 0
    endloop
  endfacet
  facet normal 0 0 1
    outer loop
      vertex 0 0.128718954 0.003
      vertex 0.259 0.128718954 0.003
      vertex 0.259 0.130215686 0.003
    endloop
  endfacet
  facet normal 0 0 1
    outer loop
      vertex 0 0.128718954 0.003
      vertex 0.259 0.130215686 0.003
      vertex 0 0.130215686 0.003
    endloop
  endfacet
  facet normal 0 -1 0
    outer loop
      vertex 0 0.128718954 0
      vertex 0.259 0.128718954 0
      vertex 0.259 0.128718954 0.003
    endloop
  endfacet
  facet normal 0 -1 0
    outer loop
      vertex 0 0.128718954 0
      vertex 0.259 0.128718954 0.003
      vertex 0 0.128718954 0.003
    endloop
  endfacet
  facet normal 1 0 0
    outer loop
      vertex 0.259 0.128718954 0
      vertex 0.259 0.130215686 0
      vertex 0.259 0.130215686 0.003
    endloop
  endfacet
  facet normal 1 0 0
    outer loop
      vertex 0.259 0.128718954 0
      vertex 0.259 0.130215686 0.003
      vertex 0.259 0.128718954 0.003
    endloop
  endfacet
  facet normal 0 1 0
    outer loop
      vertex 0.259 0.130215686 0
      vertex 0 0.130215686 0
      vertex 0 0.130215686 0.003
    endloop
  endfacet
  facet normal 0 1 -0
    outer loop
      vertex 0.259 0.130215686 0
      vertex 0 0.130215686 0.003
      vertex 0.259 0.130215686 0.003
    endloop
  endfacet
  facet normal -1 0 0
    outer loop
      vertex 0 0.130215686 0
      vertex 0 0.128718954 0
      vertex 0 0.128718954 0.003
    endloop
  endfacet
  facet normal -1 0 0
    outer loop
      vertex 0 0.130215686 0
      vertex 0 0.128718954 0.003
      vertex 0 0.130215686 0.003
    endloop
  endfacet
  facet normal 0 0 -1
    outer loop
      vertex 0 0.130215686 0
      vertex 0.259 0.131712418 0
      vertex 0.259 0.130215686 0
    endloop
  endfacet
  facet normal 0 0 -1
    outer loop
      vertex 0 0.130215686 0
      vertex 0 0.131712418 0
      vertex 0.259 0.131712418 0
    endloop
  endfacet
  facet normal 0 0 1
    outer loop
      vertex 0 0.130215686 0.003
      vertex 0.259 0.130215686 0.003
      vertex 0.259 0.131712418 0.003
    endloop
  endfacet
  facet normal 0 0 1
    outer loop
      vertex 0 0.130215686 0.003
      vertex 0.259 0.131712418 0.003
      vertex 0 0.131712418 0.003
    endloop
  endfacet
  facet normal 0 -1 0
    outer loop
      vertex 0 0.130215686 0
      vertex 0.259 0.130215686 0
      vertex 0.259 0.130215686 0.003
    endloop
  endfacet
  facet normal 0 -1 0
    outer loop
      vertex 0 0.130215686 0
      vertex 0.259 0.130215686 0.003
      vertex 0 0.130215686 0.003
    endloop
  endfacet
  facet normal 1 0 0
    outer loop
      vertex 0.259 0.130215686 0
      vertex 0.259 0.131712418 0
      vertex 0.259 0.131712418 0.003
    endloop
  endfacet
  facet normal 1 0 0
    outer loop
      vertex 0.259 0.130215686 0
      vertex 0.259 0.131712418 0.003
      vertex 0.259 0.130215686 0.003
    endloop
  endfacet
  facet normal 0 1 0
    outer loop
      vertex 0.259 0.131712418 0
      vertex 0 0.131712418 0
      vertex 0 0.131712418 0.003
    endloop
  endfacet
  facet normal 0 1 -0
    outer loop
      vertex 0.259 0.131712418 0
      vertex 0 0.131712418 0.003
      vertex 0.259 0.131712418 0.003
    endloop
  endfacet
  facet normal -1 0 0
    outer loop
      vertex 0 0.131712418 0
      vertex 0 0.130215686 0
      vertex 0 0.130215686 0.003
    endloop
  endfacet
  facet normal -1 0 0
    outer loop
      vertex 0 0.131712418 0
      vertex 0 0.130215686 0.003
      vertex 0 0.131712418 0.003
    endloop
  endfacet
  facet normal 0 0 -1
    outer loop
      vertex 0 0.131712418 0
      vertex 0.259 0.13320915 0
      vertex 0.259 0.131712418 0
    endloop
  endfacet
  facet normal 0 0 -1
    outer loop
      vertex 0 0.131712418 0
      vertex 0 0.13320915 0
      vertex 0.259 0.13320915 0
    endloop
  endfacet
  facet normal 0 0 1
    outer loop
      vertex 0 0.131712418 0.003
      vertex 0.259 0.131712418 0.003
      vertex 0.259 0.13320915 0.003
    endloop
  endfacet
  facet normal 0 0 1
    outer loop
      vertex 0 0.131712418 0.003
      vertex 0.259 0.13320915 0.003
      vertex 0 0.13320915 0.003
    endloop
  endfacet
  facet normal 0 -1 0
    outer loop
      vertex 0 0.131712418 0
      vertex 0.259 0.131712418 0
      vertex 0.259 0.131712418 0.003
    endloop
  endfacet
  facet normal 0 -1 0
    outer loop
      vertex 0 0.131712418 0
      vertex 0.259 0.131712418 0.003
      vertex 0 0.131712418 0.003
    endloop
  endfacet
  facet normal 1 0 0
    outer loop
      vertex 0.259 0.131712418 0
      vertex 0.259 0.13320915 0
      vertex 0.259 0.13320915 0.003
    endloop
  endfacet
  facet normal 1 0 0
    outer loop
      vertex 0.259 0.131712418 0
      vertex 0.259 0.13320915 0.003
      vertex 0.259 0.131712418 0.003
    endloop
  endfacet
  facet normal 0 1 0
    outer loop
      vertex 0.259 0.13320915 0
      vertex 0 0.13320915 0
      vertex 0 0.13320915 0.003
    endloop
  endfacet
  facet normal 0 1 -0
    outer loop
      vertex 0.259 0.13320915 0
      vertex 0 0.13320915 0.003
      vertex 0.259 0.13320915 0.003
    endloop
  endfacet
  facet normal -1 0 0
    outer loop
      vertex 0 0.13320915 0
      vertex 0 0.131712418 0
      vertex 0 0.131712418 0.003
    endloop
  endfacet
  facet normal -1 0 0
    outer loop
      vertex 0 0.13320915 0
      vertex 0 0.131712418 0.003
      vertex 0 0.13320915 0.003
    endloop
  endfacet
  facet normal 0 0 -1
    outer loop
      vertex 0 0.13320915 0
      vertex 0.259 0.134705882 0
      vertex 0.259 0.13320915 0
    endloop
  endfacet
  facet normal 0 0 -1
    outer loop
      vertex 0 0.13320915 0
      vertex 0 0.134705882 0
      vertex 0.259 0.134705882 0
    endloop
  endfacet
  facet normal 0 0 1
    outer loop
      vertex 0 0.13320915 0.003
      vertex 0.259 0.13320915 0.003
      vertex 0.259 0.134705882 0.003
    endloop
  endfacet
  facet normal 0 0 1
    outer loop
      vertex 0 0.13320915 0.003
      vertex 0.259 0.134705882 0.003
      vertex 0 0.134705882 0.003
    endloop
  endfacet
  facet normal 0 -1 0
    outer loop
      vertex 0 0.13320915 0
      vertex 0.259 0.13320915 0
      vertex 0.259 0.13320915 0.003
    endloop
  endfacet
  facet normal 0 -1 0
    outer loop
      vertex 0 0.13320915 0
      vertex 0.259 0.13320915 0.003
      vertex 0 0.13320915 0.003
    endloop
  endfacet
  facet normal 1 0 0
    outer loop
      vertex 0.259 0.13320915 0
      vertex 0.259 0.134705882 0
      vertex 0.259 0.134705882 0.003
    endloop
  endfacet
  facet normal 1 0 0
    outer loop
      vertex 0.259 0.13320915 0
      vertex 0.259 0.134705882 0.003
      vertex 0.259 0.13320915 0.003
    endloop
  endfacet
  facet normal 0 1 0
    outer loop
      vertex 0.259 0.134705882 0
      vertex 0 0.134705882 0
      vertex 0 0.134705882 0.003
    endloop
  endfacet
  facet normal 0 1 -0
    outer loop
      vertex 0.259 0.134705882 0
      vertex 0 0.134705882 0.003
      vertex 0.259 0.134705882 0.003
    endloop
  endfacet
  facet normal -1 0 0
    outer loop
      vertex 0 0.134705882 0
      vertex 0 0.13320915 0
      vertex 0 0.13320915 0.003
    endloop
  endfacet
  facet normal -1 0 0
    outer loop
      vertex 0 0.134705882 0
      vertex 0 0.13320915 0.003
      vertex 0 0.134705882 0.003
    endloop
  endfacet
  facet normal 0 0 -1
    outer loop
      vertex 0 0.134705882 0
      vertex 0.259 0.136202614 0
      vertex 0.259 0.134705882 0
    endloop
  endfacet
  facet normal 0 0 -1
    outer loop
      vertex 0 0.134705882 0
      vertex 0 0.136202614 0
      vertex 0.259 0.136202614 0
    endloop
  endfacet
  facet normal 0 0 1
    outer loop
      vertex 0 0.134705882 0.003
      vertex 0.259 0.134705882 0.003
      vertex 0.259 0.136202614 0.003
    endloop
  endfacet
  facet normal 0 0 1
    outer loop
      vertex 0 0.134705882 0.003
      vertex 0.259 0.136202614 0.003
      vertex 0 0.136202614 0.003
    endloop
  endfacet
  facet normal 0 -1 0
    outer loop
      vertex 0 0.134705882 0
      vertex 0.259 0.134705882 0
      vertex 0.259 0.134705882 0.003
    endloop
  endfacet
  facet normal 0 -1 0
    outer loop
      vertex 0 0.134705882 0
      vertex 0.259 0.134705882 0.003
      vertex 0 0.134705882 0.003
    endloop
  endfacet
  facet normal 1 0 0
    outer loop
      vertex 0.259 0.134705882 0
      vertex 0.259 0.136202614 0
      vertex 0.259 0.136202614 0.003
    endloop
  endfacet
  facet normal 1 0 0
    outer loop
      vertex 0.259 0.134705882 0
      vertex 0.259 0.136202614 0.003
      vertex 0.259 0.134705882 0.003
    endloop
  endfacet
  facet normal 0 1 0
    outer loop
      vertex 0.259 0.136202614 0
      vertex 0 0.136202614 0
      vertex 0 0.136202614 0.003
    endloop
  endfacet
  facet normal 0 1 -0
    outer loop
      vertex 0.259 0.136202614 0
      vertex 0 0.136202614 0.003
      vertex 0.259 0.136202614 0.003
    endloop
  endfacet
  facet normal -1 0 0
    outer loop
      vertex 0 0.136202614 0
      vertex 0 0.134705882 0
      vertex 0 0.134705882 0.003
    endloop
  endfacet
  facet normal -1 0 0
    outer loop
      vertex 0 0.136202614 0
      vertex 0 0.134705882 0.003
      vertex 0 0.136202614 0.003
    endloop
  endfacet
  facet normal 0 0 -1
    outer loop
      vertex 0 0.136202614 0
      vertex 0.259 0.137699346 0
      vertex 0.259 0.136202614 0
    endloop
  endfacet
  facet normal 0 0 -1
    outer loop
      vertex 0 0.136202614 0
      vertex 0 0.137699346 0
      vertex 0.259 0.137699346 0
    endloop
  endfacet
  facet normal 0 0 1
    outer loop
      vertex 0 0.136202614 0.003
      vertex 0.259 0.136202614 0.003
      vertex 0.259 0.137699346 0.003
    endloop
  endfacet
  facet normal 0 0 1
    outer loop
      vertex 0 0.136202614 0.003
      vertex 0.259 0.137699346 0.003
      vertex 0 0.137699346 0.003
    endloop
  endfacet
  facet normal 0 -1 0
    outer loop
      vertex 0 0.136202614 0
      vertex 0.259 0.136202614 0
      vertex 0.259 0.136202614 0.003
    endloop
  endfacet
  facet normal 0 -1 0
    outer loop
      vertex 0 0.136202614 0
      vertex 0.259 0.136202614 0.003
      vertex 0 0.136202614 0.003
    endloop
  endfacet
  facet normal 1 0 0
    outer loop
      vertex 0.259 0.136202614 0
      vertex 0.259 0.137699346 0
      vertex 0.259 0.137699346 0.003
    endloop
  endfacet
  facet normal 1 0 0
    outer loop
      vertex 0.259 0.136202614 0
      vertex 0.259 0.137699346 0.003
      vertex 0.259 0.136202614 0.003
    endloop
  endfacet
  facet normal 0 1 0
    outer loop
      vertex 0.259 0.137699346 0
      vertex 0 0.137699346 0
      vertex 0 0.137699346 0.003
    endloop
  endfacet
  facet normal 0 1 -0
    outer loop
      vertex 0.259 0.137699346 0
      vertex 0 0.137699346 0.003
      vertex 0.259 0.137699346 0.003
    endloop
  endfacet
  facet normal -1 0 0
    outer loop
      vertex 0 0.137699346 0
      vertex 0 0.136202614 0
      vertex 0 0.136202614 0.003
    endloop
  endfacet
  facet normal -1 0 0
    outer loop
      vertex 0 0.137699346 0
      vertex 0 0.136202614 0.003
      vertex 0 0.137699346 0.003
    endloop
  endfacet
  facet normal 0 0 -1
    outer loop
      vertex 0 0.137699346 0
      vertex 0.259 0.139196078 0
      vertex 0.259 0.137699346 0
    endloop
  endfacet
  facet normal 0 0 -1
    outer loop
      vertex 0 0.137699346 0
      vertex 0 0.139196078 0
      vertex 0.259 0.139196078 0
    endloop
  endfacet
  facet normal 0 0 1
    outer loop
      vertex 0 0.137699346 0.003
      vertex 0.259 0.137699346 0.003
      vertex 0.259 0.139196078 0.003
    endloop
  endfacet
  facet normal 0 0 1
    outer loop
      vertex 0 0.137699346 0.003
      vertex 0.259 0.139196078 0.003
      vertex 0 0.139196078 0.003
    endloop
  endfacet
  facet normal 0 -1 0
    outer loop
      vertex 0 0.137699346 0
      vertex 0.259 0.137699346 0
      vertex 0.259 0.137699346 0.003
    endloop
  endfacet
  facet normal 0 -1 0
    outer loop
      vertex 0 0.137699346 0
      vertex 0.259 0.137699346 0.003
      vertex 0 0.137699346 0.003
    endloop
  endfacet
  facet normal 1 0 0
    outer loop
      vertex 0.259 0.137699346 0
      vertex 0.259 0.139196078 0
      vertex 0.259 0.139196078 0.003
    endloop
  endfacet
  facet normal 1 0 0
    outer loop
      vertex 0.259 0.137699346 0
      vertex 0.259 0.139196078 0.003
      vertex 0.259 0.137699346 0.003
    endloop
  endfacet
  facet normal 0 1 0
    outer loop
      vertex 0.259 0.139196078 0
      vertex 0 0.139196078 0
      vertex 0 0.139196078 0.003
    endloop
  endfacet
  facet normal 0 1 -0
    outer loop
      vertex 0.259 0.139196078 0
      vertex 0 0.139196078 0.003
      vertex 0.259 0.139196078 0.003
    endloop
  endfacet
  facet normal -1 0 0
    outer loop
      vertex 0 0.139196078 0
      vertex 0 0.137699346 0
      vertex 0 0.137699346 0.003
    endloop
  endfacet
  facet normal -1 0 0
    outer loop
      vertex 0 0.139196078 0
      vertex 0 0.137699346 0.003
      vertex 0 0.139196078 0.003
    endloop
  endfacet
  facet normal 0 0 -1
    outer loop
      vertex 0 0.139196078 0
      vertex 0.259 0.14069281 0
      vertex 0.259 0.139196078 0
    endloop
  endfacet
  facet normal 0 0 -1
    outer loop
      vertex 0 0.139196078 0
      vertex 0 0.14069281 0
      vertex 0.259 0.14069281 0
    endloop
  endfacet
  facet normal 0 0 1
    outer loop
      vertex 0 0.139196078 0.003
      vertex 0.259 0.139196078 0.003
      vertex 0.259 0.14069281 0.003
    endloop
  endfacet
  facet normal 0 0 1
    outer loop
      vertex 0 0.139196078 0.003
      vertex 0.259 0.14069281 0.003
      vertex 0 0.14069281 0.003
    endloop
  endfacet
  facet normal 0 -1 0
    outer loop
      vertex 0 0.139196078 0
      vertex 0.259 0.139196078 0
      vertex 0.259 0.139196078 0.003
    endloop
  endfacet
  facet normal 0 -1 0
    outer loop
      vertex 0 0.139196078 0
      vertex 0.259 0.139196078 0.003
      vertex 0 0.139196078 0.003
    endloop
  endfacet
  facet normal 1 0 0
    outer loop
      vertex 0.259 0.139196078 0
      vertex 0.259 0.14069281 0
      vertex 0.259 0.14069281 0.003
    endloop
  endfacet
  facet normal 1 0 0
    outer loop
      vertex 0.259 0.139196078 0
      vertex 0.259 0.14069281 0.003
      vertex 0.259 0.139196078 0.003
    endloop
  endfacet
  facet normal 0 1 0
    outer loop
      vertex 0.259 0.14069281 0
      vertex 0 0.14069281 0
      vertex 0 0.14069281 0.003
    endloop
  endfacet
  facet normal 0 1 -0
    outer loop
      vertex 0.259 0.14069281 0
      vertex 0 0.14069281 0.003
      vertex 0.259 0.14069281 0.003
    endloop
  endfacet
  facet normal -1 0 0
    outer loop
      vertex 0 0.14069281 0
      vertex 0 0.139196078 0
      vertex 0 0.139196078 0.003
    endloop
  endfacet
  facet normal -1 0 0
    outer loop
      vertex 0 0.14069281 0
      vertex 0 0.139196078 0.003
      vertex 0 0.14069281 0.003
    endloop
  endfacet
  facet normal 0 0 -1
    outer loop
      vertex 0 0.14069281 0
      vertex 0.259 0.142189542 0
      vertex 0.259 0.14069281 0
    endloop
  endfacet
  facet normal 0 0 -1
    outer loop
      vertex 0 0.14069281 0
      vertex 0 0.142189542 0
      vertex 0.259 0.142189542 0
    endloop
  endfacet
  facet normal 0 0 1
    outer loop
      vertex 0 0.14069281 0.003
      vertex 0.259 0.14069281 0.003
      vertex 0.259 0.142189542 0.003
    endloop
  endfacet
  facet normal 0 0 1
    outer loop
      vertex 0 0.14069281 0.003
      vertex 0.259 0.142189542 0.003
      vertex 0 0.142189542 0.003
    endloop
  endfacet
  facet normal 0 -1 0
    outer loop
      vertex 0 0.14069281 0
      vertex 0.259 0.14069281 0
      vertex 0.259 0.14069281 0.003
    endloop
  endfacet
  facet normal 0 -1 0
    outer loop
      vertex 0 0.14069281 0
      vertex 0.259 0.14069281 0.003
      vertex 0 0.14069281 0.003
    endloop
  endfacet
  facet normal 1 0 0
    outer loop
      vertex 0.259 0.14069281 0
      vertex 0.259 0.142189542 0
      vertex 0.259 0.142189542 0.003
    endloop
  endfacet
  facet normal 1 0 0
    outer loop
      vertex 0.259 0.14069281 0
      vertex 0.259 0.142189542 0.003
      vertex 0.259 0.14069281 0.003
    endloop
  endfacet
  facet normal 0 1 0
    outer loop
      vertex 0.259 0.142189542 0
      vertex 0 0.142189542 0
      vertex 0 0.142189542 0.003
    endloop
  endfacet
  facet normal 0 1 -0
    outer loop
      vertex 0.259 0.142189542 0
      vertex 0 0.142189542 0.003
      vertex 0.259 0.142189542 0.003
    endloop
  endfacet
  facet normal -1 0 0
    outer loop
      vertex 0 0.142189542 0
      vertex 0 0.14069281 0
      vertex 0 0.14069281 0.003
    endloop
  endfacet
  facet normal -1 0 0
    outer loop
      vertex 0 0.142189542 0
      vertex 0 0.14069281 0.003
      vertex 0 0.142189542 0.003
    endloop
  endfacet
  facet normal 0 0 -1
    outer loop
      vertex 0 0.142189542 0
      vertex 0.259 0.143686275 0
      vertex 0.259 0.142189542 0
    endloop
  endfacet
  facet normal 0 0 -1
    outer loop
      vertex 0 0.142189542 0
      vertex 0 0.143686275 0
      vertex 0.259 0.143686275 0
    endloop
  endfacet
  facet normal 0 0 1
    outer loop
      vertex 0 0.142189542 0.003
      vertex 0.259 0.142189542 0.003
      vertex 0.259 0.143686275 0.003
    endloop
  endfacet
  facet normal 0 0 1
    outer loop
      vertex 0 0.142189542 0.003
      vertex 0.259 0.143686275 0.003
      vertex 0 0.143686275 0.003
    endloop
  endfacet
  facet normal 0 -1 0
    outer loop
      vertex 0 0.142189542 0
      vertex 0.259 0.142189542 0
      vertex 0.259 0.142189542 0.003
    endloop
  endfacet
  facet normal 0 -1 0
    outer loop
      vertex 0 0.142189542 0
      vertex 0.259 0.142189542 0.003
      vertex 0 0.142189542 0.003
    endloop
  endfacet
  facet normal 1 0 0
    outer loop
      vertex 0.259 0.142189542 0
      vertex 0.259 0.143686275 0
      vertex 0.259 0.143686275 0.003
    endloop
  endfacet
  facet normal 1 0 0
    outer loop
      vertex 0.259 0.142189542 0
      vertex 0.259 0.143686275 0.003
      vertex 0.259 0.142189542 0.003
    endloop
  endfacet
  facet normal 0 1 0
    outer loop
      vertex 0.259 0.143686275 0
      vertex 0 0.143686275 0
      vertex 0 0.143686275 0.003
    endloop
  endfacet
  facet normal 0 1 -0
    outer loop
      vertex 0.259 0.143686275 0
      vertex 0 0.143686275 0.003
      vertex 0.259 0.143686275 0.003
    endloop
  endfacet
  facet normal -1 0 0
    outer loop
      vertex 0 0.143686275 0
      vertex 0 0.142189542 0
      vertex 0 0.142189542 0.003
    endloop
  endfacet
  facet normal -1 0 0
    outer loop
      vertex 0 0.143686275 0
      vertex 0 0.142189542 0.003
      vertex 0 0.143686275 0.003
    endloop
  endfacet
  facet normal 0 0 -1
    outer loop
      vertex 0 0.143686275 0
      vertex 0.259 0.145183007 0
      vertex 0.259 0.143686275 0
    endloop
  endfacet
  facet normal 0 0 -1
    outer loop
      vertex 0 0.143686275 0
      vertex 0 0.145183007 0
      vertex 0.259 0.145183007 0
    endloop
  endfacet
  facet normal 0 0 1
    outer loop
      vertex 0 0.143686275 0.003
      vertex 0.259 0.143686275 0.003
      vertex 0.259 0.145183007 0.003
    endloop
  endfacet
  facet normal 0 0 1
    outer loop
      vertex 0 0.143686275 0.003
      vertex 0.259 0.145183007 0.003
      vertex 0 0.145183007 0.003
    endloop
  endfacet
  facet normal 0 -1 0
    outer loop
      vertex 0 0.143686275 0
      vertex 0.259 0.143686275 0
      vertex 0.259 0.143686275 0.003
    endloop
  endfacet
  facet normal 0 -1 0
    outer loop
      vertex 0 0.143686275 0
      vertex 0.259 0.143686275 0.003
      vertex 0 0.143686275 0.003
    endloop
  endfacet
  facet normal 1 0 0
    outer loop
      vertex 0.259 0.143686275 0
      vertex 0.259 0.145183007 0
      vertex 0.259 0.145183007 0.003
    endloop
  endfacet
  facet normal 1 0 0
    outer loop
      vertex 0.259 0.143686275 0
      vertex 0.259 0.145183007 0.003
      vertex 0.259 0.143686275 0.003
    endloop
  endfacet
  facet normal 0 1 0
    outer loop
      vertex 0.259 0.145183007 0
      vertex 0 0.145183007 0
      vertex 0 0.145183007 0.003
    endloop
  endfacet
  facet normal 0 1 -0
    outer loop
      vertex 0.259 0.145183007 0
      vertex 0 0.145183007 0.003
      vertex 0.259 0.145183007 0.003
    endloop
  endfacet
  facet normal -1 0 0
    outer loop
      vertex 0 0.145183007 0
      vertex 0 0.143686275 0
      vertex 0 0.143686275 0.003
    endloop
  endfacet
  facet normal -1 0 0
    outer loop
      vertex 0 0.145183007 0
      vertex 0 0.143686275 0.003
      vertex 0 0.145183007 0.003
    endloop
  endfacet
  facet normal 0 0 -1
    outer loop
      vertex 0 0.145183007 0
      vertex 0.259 0.146679739 0
      vertex 0.259 0.145183007 0
    endloop
  endfacet
  facet normal 0 0 -1
    outer loop
      vertex 0 0.145183007 0
      vertex 0 0.146679739 0
      vertex 0.259 0.146679739 0
    endloop
  endfacet
  facet normal 0 0 1
    outer loop
      vertex 0 0.145183007 0.003
      vertex 0.259 0.145183007 0.003
      vertex 0.259 0.146679739 0.003
    endloop
  endfacet
  facet normal 0 0 1
    outer loop
      vertex 0 0.145183007 0.003
      vertex 0.259 0.146679739 0.003
      vertex 0 0.146679739 0.003
    endloop
  endfacet
  facet normal 0 -1 0
    outer loop
      vertex 0 0.145183007 0
      vertex 0.259 0.145183007 0
      vertex 0.259 0.145183007 0.003
    endloop
  endfacet
  facet normal 0 -1 0
    outer loop
      vertex 0 0.145183007 0
      vertex 0.259 0.145183007 0.003
      vertex 0 0.145183007 0.003
    endloop
  endfacet
  facet normal 1 0 0
    outer loop
      vertex 0.259 0.145183007 0
      vertex 0.259 0.146679739 0
      vertex 0.259 0.146679739 0.003
    endloop
  endfacet
  facet normal 1 0 0
    outer loop
      vertex 0.259 0.145183007 0
      vertex 0.259 0.146679739 0.003
      vertex 0.259 0.145183007 0.003
    endloop
  endfacet
  facet normal 0 1 0
    outer loop
      vertex 0.259 0.146679739 0
      vertex 0 0.146679739 0
      vertex 0 0.146679739 0.003
    endloop
  endfacet
  facet normal 0 1 -0
    outer loop
      vertex 0.259 0.146679739 0
      vertex 0 0.146679739 0.003
      vertex 0.259 0.146679739 0.003
    endloop
  endfacet
  facet normal -1 0 0
    outer loop
      vertex 0 0.146679739 0
      vertex 0 0.145183007 0
      vertex 0 0.145183007 0.003
    endloop
  endfacet
  facet normal -1 0 0
    outer loop
      vertex 0 0.146679739 0
      vertex 0 0.145183007 0.003
      vertex 0 0.146679739 0.003
    endloop
  endfacet
  facet normal 0 0 -1
    outer loop
      vertex 0 0.146679739 0
      vertex 0.259 0.148176471 0
      vertex 0.259 0.146679739 0
    endloop
  endfacet
  facet normal 0 0 -1
    outer loop
      vertex 0 0.146679739 0
      vertex 0 0.148176471 0
      vertex 0.259 0.148176471 0
    endloop
  endfacet
  facet normal 0 0 1
    outer loop
      vertex 0 0.146679739 0.003
      vertex 0.259 0.146679739 0.003
      vertex 0.259 0.148176471 0.003
    endloop
  endfacet
  facet normal 0 0 1
    outer loop
      vertex 0 0.146679739 0.003
      vertex 0.259 0.148176471 0.003
      vertex 0 0.148176471 0.003
    endloop
  endfacet
  facet normal 0 -1 0
    outer loop
      vertex 0 0.146679739 0
      vertex 0.259 0.146679739 0
      vertex 0.259 0.146679739 0.003
    endloop
  endfacet
  facet normal 0 -1 0
    outer loop
      vertex 0 0.146679739 0
      vertex 0.259 0.146679739 0.003
      vertex 0 0.146679739 0.003
    endloop
  endfacet
  facet normal 1 0 0
    outer loop
      vertex 0.259 0.146679739 0
      vertex 0.259 0.148176471 0
      vertex 0.259 0.148176471 0.003
    endloop
  endfacet
  facet normal 1 0 0
    outer loop
      vertex 0.259 0.146679739 0
      vertex 0.259 0.148176471 0.003
      vertex 0.259 0.146679739 0.003
    endloop
  endfacet
  facet normal 0 1 0
    outer loop
      vertex 0.259 0.148176471 0
      vertex 0 0.148176471 0
      vertex 0 0.148176471 0.003
    endloop
  endfacet
  facet normal 0 1 -0
    outer loop
      vertex 0.259 0.148176471 0
      vertex 0 0.148176471 0.003
      vertex 0.259 0.148176471 0.003
    endloop
  endfacet
  facet normal -1 0 0
    outer loop
      vertex 0 0.148176471 0
      vertex 0 0.146679739 0
      vertex 0 0.146679739 0.003
    endloop
  endfacet
  facet normal -1 0 0
    outer loop
      vertex 0 0.148176471 0
      vertex 0 0.146679739 0.003
      vertex 0 0.148176471 0.003
    endloop
  endfacet
  facet normal 0 0 -1
    outer loop
      vertex 0 0.148176471 0
      vertex 0.259 0.149673203 0
      vertex 0.259 0.148176471 0
    endloop
  endfacet
  facet normal 0 0 -1
    outer loop
      vertex 0 0.148176471 0
      vertex 0 0.149673203 0
      vertex 0.259 0.149673203 0
    endloop
  endfacet
  facet normal 0 0 1
    outer loop
      vertex 0 0.148176471 0.003
      vertex 0.259 0.148176471 0.003
      vertex 0.259 0.149673203 0.003
    endloop
  endfacet
  facet normal 0 0 1
    outer loop
      vertex 0 0.148176471 0.003
      vertex 0.259 0.149673203 0.003
      vertex 0 0.149673203 0.003
    endloop
  endfacet
  facet normal 0 -1 0
    outer loop
      vertex 0 0.148176471 0
      vertex 0.259 0.148176471 0
      vertex 0.259 0.148176471 0.003
    endloop
  endfacet
  facet normal 0 -1 0
    outer loop
      vertex 0 0.148176471 0
      vertex 0.259 0.148176471 0.003
      vertex 0 0.148176471 0.003
    endloop
  endfacet
  facet normal 1 0 0
    outer loop
      vertex 0.259 0.148176471 0
      vertex 0.259 0.149673203 0
      vertex 0.259 0.149673203 0.003
    endloop
  endfacet
  facet normal 1 0 0
    outer loop
      vertex 0.259 0.148176471 0
      vertex 0.259 0.149673203 0.003
      vertex 0.259 0.148176471 0.003
    endloop
  endfacet
  facet normal 0 1 0
    outer loop
      vertex 0.259 0.149673203 0
      vertex 0 0.149673203 0
      vertex 0 0.149673203 0.003
    endloop
  endfacet
  facet normal 0 1 -0
    outer loop
      vertex 0.259 0.149673203 0
      vertex 0 0.149673203 0.003
      vertex 0.259 0.149673203 0.003
    endloop
  endfacet
  facet normal -1 0 0
    outer loop
      vertex 0 0.149673203 0
      vertex 0 0.148176471 0
      vertex 0 0.148176471 0.003
    endloop
  endfacet
  facet normal -1 0 0
    outer loop
      vertex 0 0.149673203 0
      vertex 0 0.148176471 0.003
      vertex 0 0.149673203 0.003
    endloop
  endfacet
  facet normal 0 0 -1
    outer loop
      vertex 0 0.149673203 0
      vertex 0.259 0.151169935 0
      vertex 0.259 0.149673203 0
    endloop
  endfacet
  facet normal 0 0 -1
    outer loop
      vertex 0 0.149673203 0
      vertex 0 0.151169935 0
      vertex 0.259 0.151169935 0
    endloop
  endfacet
  facet normal 0 0 1
    outer loop
      vertex 0 0.149673203 0.003
      vertex 0.259 0.149673203 0.003
      vertex 0.259 0.151169935 0.003
    endloop
  endfacet
  facet normal 0 0 1
    outer loop
      vertex 0 0.149673203 0.003
      vertex 0.259 0.151169935 0.003
      vertex 0 0.151169935 0.003
    endloop
  endfacet
  facet normal 0 -1 0
    outer loop
      vertex 0 0.149673203 0
      vertex 0.259 0.149673203 0
      vertex 0.259 0.149673203 0.003
    endloop
  endfacet
  facet normal 0 -1 0
    outer loop
      vertex 0 0.149673203 0
      vertex 0.259 0.149673203 0.003
      vertex 0 0.149673203 0.003
    endloop
  endfacet
  facet normal 1 0 0
    outer loop
      vertex 0.259 0.149673203 0
      vertex 0.259 0.151169935 0
      vertex 0.259 0.151169935 0.003
    endloop
  endfacet
  facet normal 1 0 0
    outer loop
      vertex 0.259 0.149673203 0
      vertex 0.259 0.151169935 0.003
      vertex 0.259 0.149673203 0.003
    endloop
  endfacet
  facet normal 0 1 0
    outer loop
      vertex 0.259 0.151169935 0
      vertex 0 0.151169935 0
      vertex 0 0.151169935 0.003
    endloop
  endfacet
  facet normal 0 1 -0
    outer loop
      vertex 0.259 0.151169935 0
      vertex 0 0.151169935 0.003
      vertex 0.259 0.151169935 0.003
    endloop
  endfacet
  facet normal -1 0 0
    outer loop
      vertex 0 0.151169935 0
      vertex 0 0.149673203 0
      vertex 0 0.149673203 0.003
    endloop
  endfacet
  facet normal -1 0 0
    outer loop
      vertex 0 0.151169935 0
      vertex 0 0.149673203 0.003
      vertex 0 0.151169935 0.003
    endloop
  endfacet
  facet normal 0 0 -1
    outer loop
      vertex 0 0.151169935 0
      vertex 0.259 0.152666667 0
      vertex 0.259 0.151169935 0
    endloop
  endfacet
  facet normal 0 0 -1
    outer loop
      vertex 0 0.151169935 0
      vertex 0 0.152666667 0
      vertex 0.259 0.152666667 0
    endloop
  endfacet
  facet normal 0 0 1
    outer loop
      vertex 0 0.151169935 0.003
      vertex 0.259 0.151169935 0.003
      vertex 0.259 0.152666667 0.003
    endloop
  endfacet
  facet normal 0 0 1
    outer loop
      vertex 0 0.151169935 0.003
      vertex 0.259 0.152666667 0.003
      vertex 0 0.152666667 0.003
    endloop
  endfacet
  facet normal 0 -1 0
    outer loop
      vertex 0 0.151169935 0
      vertex 0.259 0.151169935 0
      vertex 0.259 0.151169935 0.003
    endloop
  endfacet
  facet normal 0 -1 0
    outer loop
      vertex 0 0.151169935 0
      vertex 0.259 0.151169935 0.003
      vertex 0 0.151169935 0.003
    endloop
  endfacet
  facet normal 1 0 0
    outer loop
      vertex 0.259 0.151169935 0
      vertex 0.259 0.152666667 0
      vertex 0.259 0.152666667 0.003
    endloop
  endfacet
  facet normal 1 0 0
    outer loop
      vertex 0.259 0.151169935 0
      vertex 0.259 0.152666667 0.003
      vertex 0.259 0.151169935 0.003
    endloop
  endfacet
  facet normal 0 1 0
    outer loop
      vertex 0.259 0.152666667 0
      vertex 0 0.152666667 0
      vertex 0 0.152666667 0.003
    endloop
  endfacet
  facet normal 0 1 -0
    outer loop
      vertex 0.259 0.152666667 0
      vertex 0 0.152666667 0.003
      vertex 0.259 0.152666667 0.003
    endloop
  endfacet
  facet normal -1 0 0
    outer loop
      vertex 0 0.152666667 0
      vertex 0 0.151169935 0
      vertex 0 0.151169935 0.003
    endloop
  endfacet
  facet normal -1 0 0
    outer loop
      vertex 0 0.152666667 0
      vertex 0 0.151169935 0.003
      vertex 0 0.152666667 0.003
    endloop
  endfacet
  facet normal 0 0 -1
    outer loop
      vertex 0 0.152666667 0
      vertex 0.259 0.154163399 0
      vertex 0.259 0.152666667 0
    endloop
  endfacet
  facet normal 0 0 -1
    outer loop
      vertex 0 0.152666667 0
      vertex 0 0.154163399 0
      vertex 0.259 0.154163399 0
    endloop
  endfacet
  facet normal 0 0 1
    outer loop
      vertex 0 0.152666667 0.003
      vertex 0.259 0.152666667 0.003
      vertex 0.259 0.154163399 0.003
    endloop
  endfacet
  facet normal 0 0 1
    outer loop
      vertex 0 0.152666667 0.003
      vertex 0.259 0.154163399 0.003
      vertex 0 0.154163399 0.003
    endloop
  endfacet
  facet normal 0 -1 0
    outer loop
      vertex 0 0.152666667 0
      vertex 0.259 0.152666667 0
      vertex 0.259 0.152666667 0.003
    endloop
  endfacet
  facet normal 0 -1 0
    outer loop
      vertex 0 0.152666667 0
      vertex 0.259 0.152666667 0.003
      vertex 0 0.152666667 0.003
    endloop
  endfacet
  facet normal 1 0 0
    outer loop
      vertex 0.259 0.152666667 0
      vertex 0.259 0.154163399 0
      vertex 0.259 0.154163399 0.003
    endloop
  endfacet
  facet normal 1 0 0
    outer loop
      vertex 0.259 0.152666667 0
      vertex 0.259 0.154163399 0.003
      vertex 0.259 0.152666667 0.003
    endloop
  endfacet
  facet normal 0 1 0
    outer loop
      vertex 0.259 0.154163399 0
      vertex 0 0.154163399 0
      vertex 0 0.154163399 0.003
    endloop
  endfacet
  facet normal 0 1 -0
    outer loop
      vertex 0.259 0.154163399 0
      vertex 0 0.154163399 0.003
      vertex 0.259 0.154163399 0.003
    endloop
  endfacet
  facet normal -1 0 0
    outer loop
      vertex 0 0.154163399 0
      vertex 0 0.152666667 0
      vertex 0 0.152666667 0.003
    endloop
  endfacet
  facet normal -1 0 0
    outer loop
      vertex 0 0.154163399 0
      vertex 0 0.152666667 0.003
      vertex 0 0.154163399 0.003
    endloop
  endfacet
  facet normal 0 0 -1
    outer loop
      vertex 0 0.154163399 0
      vertex 0.259 0.155660131 0
      vertex 0.259 0.154163399 0
    endloop
  endfacet
  facet normal 0 0 -1
    outer loop
      vertex 0 0.154163399 0
      vertex 0 0.155660131 0
      vertex 0.259 0.155660131 0
    endloop
  endfacet
  facet normal 0 0 1
    outer loop
      vertex 0 0.154163399 0.003
      vertex 0.259 0.154163399 0.003
      vertex 0.259 0.155660131 0.003
    endloop
  endfacet
  facet normal 0 0 1
    outer loop
      vertex 0 0.154163399 0.003
      vertex 0.259 0.155660131 0.003
      vertex 0 0.155660131 0.003
    endloop
  endfacet
  facet normal 0 -1 0
    outer loop
      vertex 0 0.154163399 0
      vertex 0.259 0.154163399 0
      vertex 0.259 0.154163399 0.003
    endloop
  endfacet
  facet normal 0 -1 0
    outer loop
      vertex 0 0.154163399 0
      vertex 0.259 0.154163399 0.003
      vertex 0 0.154163399 0.003
    endloop
  endfacet
  facet normal 1 0 0
    outer loop
      vertex 0.259 0.154163399 0
      vertex 0.259 0.155660131 0
      vertex 0.259 0.155660131 0.003
    endloop
  endfacet
  facet normal 1 0 0
    outer loop
      vertex 0.259 0.154163399 0
      vertex 0.259 0.155660131 0.003
      vertex 0.259 0.154163399 0.003
    endloop
  endfacet
  facet normal 0 1 0
    outer loop
      vertex 0.259 0.155660131 0
      vertex 0 0.155660131 0
      vertex 0 0.155660131 0.003
    endloop
  endfacet
  facet normal 0 1 -0
    outer loop
      vertex 0.259 0.155660131 0
      vertex 0 0.155660131 0.003
      vertex 0.259 0.155660131 0.003
    endloop
  endfacet
  facet normal -1 0 0
    outer loop
      vertex 0 0.155660131 0
      vertex 0 0.154163399 0
      vertex 0 0.154163399 0.003
    endloop
  endfacet
  facet normal -1 0 0
    outer loop
      vertex 0 0.155660131 0
      vertex 0 0.154163399 0.003
      vertex 0 0.155660131 0.003
    endloop
  endfacet
  facet normal 0 0 -1
    outer loop
      vertex 0 0.155660131 0
      vertex 0.259 0.157156863 0
      vertex 0.259 0.155660131 0
    endloop
  endfacet
  facet normal 0 0 -1
    outer loop
      vertex 0 0.155660131 0
      vertex 0 0.157156863 0
      vertex 0.259 0.157156863 0
    endloop
  endfacet
  facet normal 0 0 1
    outer loop
      vertex 0 0.155660131 0.003
      vertex 0.259 0.155660131 0.003
      vertex 0.259 0.157156863 0.003
    endloop
  endfacet
  facet normal 0 0 1
    outer loop
      vertex 0 0.155660131 0.003
      vertex 0.259 0.157156863 0.003
      vertex 0 0.157156863 0.003
    endloop
  endfacet
  facet normal 0 -1 0
    outer loop
      vertex 0 0.155660131 0
      vertex 0.259 0.155660131 0
      vertex 0.259 0.155660131 0.003
    endloop
  endfacet
  facet normal 0 -1 0
    outer loop
      vertex 0 0.155660131 0
      vertex 0.259 0.155660131 0.003
      vertex 0 0.155660131 0.003
    endloop
  endfacet
  facet normal 1 0 0
    outer loop
      vertex 0.259 0.155660131 0
      vertex 0.259 0.157156863 0
      vertex 0.259 0.157156863 0.003
    endloop
  endfacet
  facet normal 1 0 0
    outer loop
      vertex 0.259 0.155660131 0
      vertex 0.259 0.157156863 0.003
      vertex 0.259 0.155660131 0.003
    endloop
  endfacet
  facet normal 0 1 0
    outer loop
      vertex 0.259 0.157156863 0
      vertex 0 0.157156863 0
      vertex 0 0.157156863 0.003
    endloop
  endfacet
  facet normal 0 1 -0
    outer loop
      vertex 0.259 0.157156863 0
      vertex 0 0.157156863 0.003
      vertex 0.259 0.157156863 0.003
    endloop
  endfacet
  facet normal -1 0 0
    outer loop
      vertex 0 0.157156863 0
      vertex 0 0.155660131 0
      vertex 0 0.155660131 0.003
    endloop
  endfacet
  facet normal -1 0 0
    outer loop
      vertex 0 0.157156863 0
      vertex 0 0.155660131 0.003
      vertex 0 0.157156863 0.003
    endloop
  endfacet
  facet normal 0 0 -1
    outer loop
      vertex 0 0.157156863 0
      vertex 0.259 0.158653595 0
      vertex 0.259 0.157156863 0
    endloop
  endfacet
  facet normal 0 0 -1
    outer loop
      vertex 0 0.157156863 0
      vertex 0 0.158653595 0
      vertex 0.259 0.158653595 0
    endloop
  endfacet
  facet normal 0 0 1
    outer loop
      vertex 0 0.157156863 0.003
      vertex 0.259 0.157156863 0.003
      vertex 0.259 0.158653595 0.003
    endloop
  endfacet
  facet normal 0 0 1
    outer loop
      vertex 0 0.157156863 0.003
      vertex 0.259 0.158653595 0.003
      vertex 0 0.158653595 0.003
    endloop
  endfacet
  facet normal 0 -1 0
    outer loop
      vertex 0 0.157156863 0
      vertex 0.259 0.157156863 0
      vertex 0.259 0.157156863 0.003
    endloop
  endfacet
  facet normal 0 -1 0
    outer loop
      vertex 0 0.157156863 0
      vertex 0.259 0.157156863 0.003
      vertex 0 0.157156863 0.003
    endloop
  endfacet
  facet normal 1 0 0
    outer loop
      vertex 0.259 0.157156863 0
      vertex 0.259 0.158653595 0
      vertex 0.259 0.158653595 0.003
    endloop
  endfacet
  facet normal 1 0 0
    outer loop
      vertex 0.259 0.157156863 0
      vertex 0.259 0.158653595 0.003
      vertex 0.259 0.157156863 0.003
    endloop
  endfacet
  facet normal 0 1 0
    outer loop
      vertex 0.259 0.158653595 0
      vertex 0 0.158653595 0
      vertex 0 0.158653595 0.003
    endloop
  endfacet
  facet normal 0 1 -0
    outer loop
      vertex 0.259 0.158653595 0
      vertex 0 0.158653595 0.003
      vertex 0.259 0.158653595 0.003
    endloop
  endfacet
  facet normal -1 0 0
    outer loop
      vertex 0 0.158653595 0
      vertex 0 0.157156863 0
      vertex 0 0.157156863 0.003
    endloop
  endfacet
  facet normal -1 0 0
    outer loop
      vertex 0 0.158653595 0
      vertex 0 0.157156863 0.003
      vertex 0 0.158653595 0.003
    endloop
  endfacet
  facet normal 0 0 -1
    outer loop
      vertex 0 0.158653595 0
      vertex 0.259 0.160150327 0
      vertex 0.259 0.158653595 0
    endloop
  endfacet
  facet normal 0 0 -1
    outer loop
      vertex 0 0.158653595 0
      vertex 0 0.160150327 0
      vertex 0.259 0.160150327 0
    endloop
  endfacet
  facet normal 0 0 1
    outer loop
      vertex 0 0.158653595 0.003
      vertex 0.259 0.158653595 0.003
      vertex 0.259 0.160150327 0.003
    endloop
  endfacet
  facet normal 0 0 1
    outer loop
      vertex 0 0.158653595 0.003
      vertex 0.259 0.160150327 0.003
      vertex 0 0.160150327 0.003
    endloop
  endfacet
  facet normal 0 -1 0
    outer loop
      vertex 0 0.158653595 0
      vertex 0.259 0.158653595 0
      vertex 0.259 0.158653595 0.003
    endloop
  endfacet
  facet normal 0 -1 0
    outer loop
      vertex 0 0.158653595 0
      vertex 0.259 0.158653595 0.003
      vertex 0 0.158653595 0.003
    endloop
  endfacet
  facet normal 1 0 0
    outer loop
      vertex 0.259 0.158653595 0
      vertex 0.259 0.160150327 0
      vertex 0.259 0.160150327 0.003
    endloop
  endfacet
  facet normal 1 0 0
    outer loop
      vertex 0.259 0.158653595 0
      vertex 0.259 0.160150327 0.003
      vertex 0.259 0.158653595 0.003
    endloop
  endfacet
  facet normal 0 1 0
    outer loop
      vertex 0.259 0.160150327 0
      vertex 0 0.160150327 0
      vertex 0 0.160150327 0.003
    endloop
  endfacet
  facet normal 0 1 -0
    outer loop
      vertex 0.259 0.160150327 0
      vertex 0 0.160150327 0.003
      vertex 0.259 0.160150327 0.003
    endloop
  endfacet
  facet normal -1 0 0
    outer loop
      vertex 0 0.160150327 0
      vertex 0 0.158653595 0
      vertex 0 0.158653595 0.003
    endloop
  endfacet
  facet normal -1 0 0
    outer loop
      vertex 0 0.160150327 0
      vertex 0 0.158653595 0.003
      vertex 0 0.160150327 0.003
    endloop
  endfacet
  facet normal 0 0 -1
    outer loop
      vertex 0 0.160150327 0
      vertex 0.259 0.161647059 0
      vertex 0.259 0.160150327 0
    endloop
  endfacet
  facet normal 0 0 -1
    outer loop
      vertex 0 0.160150327 0
      vertex 0 0.161647059 0
      vertex 0.259 0.161647059 0
    endloop
  endfacet
  facet normal 0 0 1
    outer loop
      vertex 0 0.160150327 0.003
      vertex 0.259 0.160150327 0.003
      vertex 0.259 0.161647059 0.003
    endloop
  endfacet
  facet normal 0 0 1
    outer loop
      vertex 0 0.160150327 0.003
      vertex 0.259 0.161647059 0.003
      vertex 0 0.161647059 0.003
    endloop
  endfacet
  facet normal 0 -1 0
    outer loop
      vertex 0 0.160150327 0
      vertex 0.259 0.160150327 0
      vertex 0.259 0.160150327 0.003
    endloop
  endfacet
  facet normal 0 -1 0
    outer loop
      vertex 0 0.160150327 0
      vertex 0.259 0.160150327 0.003
      vertex 0 0.160150327 0.003
    endloop
  endfacet
  facet normal 1 0 0
    outer loop
      vertex 0.259 0.160150327 0
      vertex 0.259 0.161647059 0
      vertex 0.259 0.161647059 0.003
    endloop
  endfacet
  facet normal 1 0 0
    outer loop
      vertex 0.259 0.160150327 0
      vertex 0.259 0.161647059 0.003
      vertex 0.259 0.160150327 0.003
    endloop
  endfacet
  facet normal 0 1 0
    outer loop
      vertex 0.259 0.161647059 0
      vertex 0 0.161647059 0
      vertex 0 0.161647059 0.003
    endloop
  endfacet
  facet normal 0 1 -0
    outer loop
      vertex 0.259 0.161647059 0
      vertex 0 0.161647059 0.003
      vertex 0.259 0.161647059 0.003
    endloop
  endfacet
  facet normal -1 0 0
    outer loop
      vertex 0 0.161647059 0
      vertex 0 0.160150327 0
      vertex 0 0.160150327 0.003
    endloop
  endfacet
  facet normal -1 0 0
    outer loop
      vertex 0 0.161647059 0
      vertex 0 0.160150327 0.003
      vertex 0 0.161647059 0.003
    endloop
  endfacet
  facet normal 0 0 -1
    outer loop
      vertex 0 0.161647059 0
      vertex 0.259 0.163143791 0
      vertex 0.259 0.161647059 0
    endloop
  endfacet
  facet normal 0 0 -1
    outer loop
      vertex 0 0.161647059 0
      vertex 0 0.163143791 0
      vertex 0.259 0.163143791 0
    endloop
  endfacet
  facet normal 0 0 1
    outer loop
      vertex 0 0.161647059 0.003
      vertex 0.259 0.161647059 0.003
      vertex 0.259 0.163143791 0.003
    endloop
  endfacet
  facet normal 0 0 1
    outer loop
      vertex 0 0.161647059 0.003
      vertex 0.259 0.163143791 0.003
      vertex 0 0.163143791 0.003
    endloop
  endfacet
  facet normal 0 -1 0
    outer loop
      vertex 0 0.161647059 0
      vertex 0.259 0.161647059 0
      vertex 0.259 0.161647059 0.003
    endloop
  endfacet
  facet normal 0 -1 0
    outer loop
      vertex 0 0.161647059 0
      vertex 0.259 0.161647059 0.003
      vertex 0 0.161647059 0.003
    endloop
  endfacet
  facet normal 1 0 0
    outer loop
      vertex 0.259 0.161647059 0
      vertex 0.259 0.163143791 0
      vertex 0.259 0.163143791 0.003
    endloop
  endfacet
  facet normal 1 0 0
    outer loop
      vertex 0.259 0.161647059 0
      vertex 0.259 0.163143791 0.003
      vertex 0.259 0.161647059 0.003
    endloop
  endfacet
  facet normal 0 1 0
    outer loop
      vertex 0.259 0.163143791 0
      vertex 0 0.163143791 0
      vertex 0 0.163143791 0.003
    endloop
  endfacet
  facet normal 0 1 -0
    outer loop
      vertex 0.259 0.163143791 0
      vertex 0 0.163143791 0.003
      vertex 0.259 0.163143791 0.003
    endloop
  endfacet
  facet normal -1 0 0
    outer loop
      vertex 0 0.163143791 0
      vertex 0 0.161647059 0
      vertex 0 0.161647059 0.003
    endloop
  endfacet
  facet normal -1 0 0
    outer loop
      vertex 0 0.163143791 0
      vertex 0 0.161647059 0.003
      vertex 0 0.163143791 0.003
    endloop
  endfacet
  facet normal 0 0 -1
    outer loop
      vertex 0 0.163143791 0
      vertex 0.259 0.164640523 0
      vertex 0.259 0.163143791 0
    endloop
  endfacet
  facet normal 0 0 -1
    outer loop
      vertex 0 0.163143791 0
      vertex 0 0.164640523 0
      vertex 0.259 0.164640523 0
    endloop
  endfacet
  facet normal 0 0 1
    outer loop
      vertex 0 0.163143791 0.003
      vertex 0.259 0.163143791 0.003
      vertex 0.259 0.164640523 0.003
    endloop
  endfacet
  facet normal 0 0 1
    outer loop
      vertex 0 0.163143791 0.003
      vertex 0.259 0.164640523 0.003
      vertex 0 0.164640523 0.003
    endloop
  endfacet
  facet normal 0 -1 0
    outer loop
      vertex 0 0.163143791 0
      vertex 0.259 0.163143791 0
      vertex 0.259 0.163143791 0.003
    endloop
  endfacet
  facet normal 0 -1 0
    outer loop
      vertex 0 0.163143791 0
      vertex 0.259 0.163143791 0.003
      vertex 0 0.163143791 0.003
    endloop
  endfacet
  facet normal 1 0 0
    outer loop
      vertex 0.259 0.163143791 0
      vertex 0.259 0.164640523 0
      vertex 0.259 0.164640523 0.003
    endloop
  endfacet
  facet normal 1 0 0
    outer loop
      vertex 0.259 0.163143791 0
      vertex 0.259 0.164640523 0.003
      vertex 0.259 0.163143791 0.003
    endloop
  endfacet
  facet normal 0 1 0
    outer loop
      vertex 0.259 0.164640523 0
      vertex 0 0.164640523 0
      vertex 0 0.164640523 0.003
    endloop
  endfacet
  facet normal 0 1 -0
    outer loop
      vertex 0.259 0.164640523 0
      vertex 0 0.164640523 0.003
      vertex 0.259 0.164640523 0.003
    endloop
  endfacet
  facet normal -1 0 0
    outer loop
      vertex 0 0.164640523 0
      vertex 0 0.163143791 0
      vertex 0 0.163143791 0.003
    endloop
  endfacet
  facet normal -1 0 0
    outer loop
      vertex 0 0.164640523 0
      vertex 0 0.163143791 0.003
      vertex 0 0.164640523 0.003
    endloop
  endfacet
  facet normal 0 0 -1
    outer loop
      vertex 0 0.164640523 0
      vertex 0.259 0.166137255 0
      vertex 0.259 0.164640523 0
    endloop
  endfacet
  facet normal 0 0 -1
    outer loop
      vertex 0 0.164640523 0
      vertex 0 0.166137255 0
      vertex 0.259 0.166137255 0
    endloop
  endfacet
  facet normal 0 0 1
    outer loop
      vertex 0 0.164640523 0.003
      vertex 0.259 0.164640523 0.003
      vertex 0.259 0.166137255 0.003
    endloop
  endfacet
  facet normal 0 0 1
    outer loop
      vertex 0 0.164640523 0.003
      vertex 0.259 0.166137255 0.003
      vertex 0 0.166137255 0.003
    endloop
  endfacet
  facet normal 0 -1 0
    outer loop
      vertex 0 0.164640523 0
      vertex 0.259 0.164640523 0
      vertex 0.259 0.164640523 0.003
    endloop
  endfacet
  facet normal 0 -1 0
    outer loop
      vertex 0 0.164640523 0
      vertex 0.259 0.164640523 0.003
      vertex 0 0.164640523 0.003
    endloop
  endfacet
  facet normal 1 0 0
    outer loop
      vertex 0.259 0.164640523 0
      vertex 0.259 0.166137255 0
      vertex 0.259 0.166137255 0.003
    endloop
  endfacet
  facet normal 1 0 0
    outer loop
      vertex 0.259 0.164640523 0
      vertex 0.259 0.166137255 0.003
      vertex 0.259 0.164640523 0.003
    endloop
  endfacet
  facet normal 0 1 0
    outer loop
      vertex 0.259 0.166137255 0
      vertex 0 0.166137255 0
      vertex 0 0.166137255 0.003
    endloop
  endfacet
  facet normal 0 1 -0
    outer loop
      vertex 0.259 0.166137255 0
      vertex 0 0.166137255 0.003
      vertex 0.259 0.166137255 0.003
    endloop
  endfacet
  facet normal -1 0 0
    outer loop
      vertex 0 0.166137255 0
      vertex 0 0.164640523 0
      vertex 0 0.164640523 0.003
    endloop
  endfacet
  facet normal -1 0 0
    outer loop
      vertex 0 0.166137255 0
      vertex 0 0.164640523 0.003
      vertex 0 0.166137255 0.003
    endloop
  endfacet
  facet normal 0 0 -1
    outer loop
      vertex 0 0.166137255 0
      vertex 0.259 0.167633987 0
      vertex 0.259 0.166137255 0
    endloop
  endfacet
  facet normal 0 0 -1
    outer loop
      vertex 0 0.166137255 0
      vertex 0 0.167633987 0
      vertex 0.259 0.167633987 0
    endloop
  endfacet
  facet normal 0 0 1
    outer loop
      vertex 0 0.166137255 0.003
      vertex 0.259 0.166137255 0.003
      vertex 0.259 0.167633987 0.003
    endloop
  endfacet
  facet normal 0 0 1
    outer loop
      vertex 0 0.166137255 0.003
      vertex 0.259 0.167633987 0.003
      vertex 0 0.167633987 0.003
    endloop
  endfacet
  facet normal 0 -1 0
    outer loop
      vertex 0 0.166137255 0
      vertex 0.259 0.166137255 0
      vertex 0.259 0.166137255 0.003
    endloop
  endfacet
  facet normal 0 -1 0
    outer loop
      vertex 0 0.166137255 0
      vertex 0.259 0.166137255 0.003
      vertex 0 0.166137255 0.003
    endloop
  endfacet
  facet normal 1 0 0
    outer loop
      vertex 0.259 0.166137255 0
      vertex 0.259 0.167633987 0
      vertex 0.259 0.167633987 0.003
    endloop
  endfacet
  facet normal 1 0 0
    outer loop
      vertex 0.259 0.166137255 0
      vertex 0.259 0.167633987 0.003
      vertex 0.259 0.166137255 0.003
    endloop
  endfacet
  facet normal 0 1 0
    outer loop
      vertex 0.259 0.167633987 0
      vertex 0 0.167633987 0
      vertex 0 0.167633987 0.003
    endloop
  endfacet
  facet normal 0 1 -0
    outer loop
      vertex 0.259 0.167633987 0
      vertex 0 0.167633987 0.003
      vertex 0.259 0.167633987 0.003
    endloop
  endfacet
  facet normal -1 0 0
    outer loop
      vertex 0 0.167633987 0
      vertex 0 0.166137255 0
      vertex 0 0.166137255 0.003
    endloop
  endfacet
  facet normal -1 0 0
    outer loop
      vertex 0 0.167633987 0
      vertex 0 0.166137255 0.003
      vertex 0 0.167633987 0.003
    endloop
  endfacet
  facet normal 0 0 -1
    outer loop
      vertex 0 0.167633987 0
      vertex 0.259 0.169130719 0
      vertex 0.259 0.167633987 0
    endloop
  endfacet
  facet normal 0 0 -1
    outer loop
      vertex 0 0.167633987 0
      vertex 0 0.169130719 0
      vertex 0.259 0.169130719 0
    endloop
  endfacet
  facet normal 0 0 1
    outer loop
      vertex 0 0.167633987 0.003
      vertex 0.259 0.167633987 0.003
      vertex 0.259 0.169130719 0.003
    endloop
  endfacet
  facet normal 0 0 1
    outer loop
      vertex 0 0.167633987 0.003
      vertex 0.259 0.169130719 0.003
      vertex 0 0.169130719 0.003
    endloop
  endfacet
  facet normal 0 -1 0
    outer loop
      vertex 0 0.167633987 0
      vertex 0.259 0.167633987 0
      vertex 0.259 0.167633987 0.003
    endloop
  endfacet
  facet normal 0 -1 0
    outer loop
      vertex 0 0.167633987 0
      vertex 0.259 0.167633987 0.003
      vertex 0 0.167633987 0.003
    endloop
  endfacet
  facet normal 1 0 0
    outer loop
      vertex 0.259 0.167633987 0
      vertex 0.259 0.169130719 0
      vertex 0.259 0.169130719 0.003
    endloop
  endfacet
  facet normal 1 0 0
    outer loop
      vertex 0.259 0.167633987 0
      vertex 0.259 0.169130719 0.003
      vertex 0.259 0.167633987 0.003
    endloop
  endfacet
  facet normal 0 1 0
    outer loop
      vertex 0.259 0.169130719 0
      vertex 0 0.169130719 0
      vertex 0 0.169130719 0.003
    endloop
  endfacet
  facet normal 0 1 -0
    outer loop
      vertex 0.259 0.169130719 0
      vertex 0 0.169130719 0.003
      vertex 0.259 0.169130719 0.003
    endloop
  endfacet
  facet normal -1 0 0
    outer loop
      vertex 0 0.169130719 0
      vertex 0 0.167633987 0
      vertex 0 0.167633987 0.003
    endloop
  endfacet
  facet normal -1 0 0
    outer loop
      vertex 0 0.169130719 0
      vertex 0 0.167633987 0.003
      vertex 0 0.169130719 0.003
    endloop
  endfacet
  facet normal 0 0 -1
    outer loop
      vertex 0 0.169130719 0
      vertex 0.259 0.170627451 0
      vertex 0.259 0.169130719 0
    endloop
  endfacet
  facet normal 0 0 -1
    outer loop
      vertex 0 0.169130719 0
      vertex 0 0.170627451 0
      vertex 0.259 0.170627451 0
    endloop
  endfacet
  facet normal 0 0 1
    outer loop
      vertex 0 0.169130719 0.003
      vertex 0.259 0.169130719 0.003
      vertex 0.259 0.170627451 0.003
    endloop
  endfacet
  facet normal 0 0 1
    outer loop
      vertex 0 0.169130719 0.003
      vertex 0.259 0.170627451 0.003
      vertex 0 0.170627451 0.003
    endloop
  endfacet
  facet normal 0 -1 0
    outer loop
      vertex 0 0.169130719 0
      vertex 0.259 0.169130719 0
      vertex 0.259 0.169130719 0.003
    endloop
  endfacet
  facet normal 0 -1 0
    outer loop
      vertex 0 0.169130719 0
      vertex 0.259 0.169130719 0.003
      vertex 0 0.169130719 0.003
    endloop
  endfacet
  facet normal 1 0 0
    outer loop
      vertex 0.259 0.169130719 0
      vertex 0.259 0.170627451 0
      vertex 0.259 0.170627451 0.003
    endloop
  endfacet
  facet normal 1 0 0
    outer loop
      vertex 0.259 0.169130719 0
      vertex 0.259 0.170627451 0.003
      vertex 0.259 0.169130719 0.003
    endloop
  endfacet
  facet normal 0 1 0
    outer loop
      vertex 0.259 0.170627451 0
      vertex 0 0.170627451 0
      vertex 0 0.170627451 0.003
    endloop
  endfacet
  facet normal 0 1 -0
    outer loop
      vertex 0.259 0.170627451 0
      vertex 0 0.170627451 0.003
      vertex 0.259 0.170627451 0.003
    endloop
  endfacet
  facet normal -1 0 0
    outer loop
      vertex 0 0.170627451 0
      vertex 0 0.169130719 0
      vertex 0 0.169130719 0.003
    endloop
  endfacet
  facet normal -1 0 0
    outer loop
      vertex 0 0.170627451 0
      vertex 0 0.169130719 0.003
      vertex 0 0.170627451 0.003
    endloop
  endfacet
  facet normal 0 0 -1
    outer loop
      vertex 0 0.170627451 0
      vertex 0.259 0.172124183 0
      vertex 0.259 0.170627451 0
    endloop
  endfacet
  facet normal 0 0 -1
    outer loop
      vertex 0 0.170627451 0
      vertex 0 0.172124183 0
      vertex 0.259 0.172124183 0
    endloop
  endfacet
  facet normal 0 0 1
    outer loop
      vertex 0 0.170627451 0.003
      vertex 0.259 0.170627451 0.003
      vertex 0.259 0.172124183 0.003
    endloop
  endfacet
  facet normal 0 0 1
    outer loop
      vertex 0 0.170627451 0.003
      vertex 0.259 0.172124183 0.003
      vertex 0 0.172124183 0.003
    endloop
  endfacet
  facet normal 0 -1 0
    outer loop
      vertex 0 0.170627451 0
      vertex 0.259 0.170627451 0
      vertex 0.259 0.170627451 0.003
    endloop
  endfacet
  facet normal 0 -1 0
    outer loop
      vertex 0 0.170627451 0
      vertex 0.259 0.170627451 0.003
      vertex 0 0.170627451 0.003
    endloop
  endfacet
  facet normal 1 0 0
    outer loop
      vertex 0.259 0.170627451 0
      vertex 0.259 0.172124183 0
      vertex 0.259 0.172124183 0.003
    endloop
  endfacet
  facet normal 1 0 0
    outer loop
      vertex 0.259 0.170627451 0
      vertex 0.259 0.172124183 0.003
      vertex 0.259 0.170627451 0.003
    endloop
  endfacet
  facet normal 0 1 0
    outer loop
      vertex 0.259 0.172124183 0
      vertex 0 0.172124183 0
      vertex 0 0.172124183 0.003
    endloop
  endfacet
  facet normal 0 1 -0
    outer loop
      vertex 0.259 0.172124183 0
      vertex 0 0.172124183 0.003
      vertex 0.259 0.172124183 0.003
    endloop
  endfacet
  facet normal -1 0 0
    outer loop
      vertex 0 0.172124183 0
      vertex 0 0.170627451 0
      vertex 0 0.170627451 0.003
    endloop
  endfacet
  facet normal -1 0 0
    outer loop
      vertex 0 0.172124183 0
      vertex 0 0.170627451 0.003
      vertex 0 0.172124183 0.003
    endloop
  endfacet
  facet normal 0 0 -1
    outer loop
      vertex 0 0.172124183 0
      vertex 0.259 0.173620915 0
      vertex 0.259 0.172124183 0
    endloop
  endfacet
  facet normal 0 0 -1
    outer loop
      vertex 0 0.172124183 0
      vertex 0 0.173620915 0
      vertex 0.259 0.173620915 0
    endloop
  endfacet
  facet normal 0 0 1
    outer loop
      vertex 0 0.172124183 0.003
      vertex 0.259 0.172124183 0.003
      vertex 0.259 0.173620915 0.003
    endloop
  endfacet
  facet normal 0 0 1
    outer loop
      vertex 0 0.172124183 0.003
      vertex 0.259 0.173620915 0.003
      vertex 0 0.173620915 0.003
    endloop
  endfacet
  facet normal 0 -1 0
    outer loop
      vertex 0 0.172124183 0
      vertex 0.259 0.172124183 0
      vertex 0.259 0.172124183 0.003
    endloop
  endfacet
  facet normal 0 -1 0
    outer loop
      vertex 0 0.172124183 0
      vertex 0.259 0.172124183 0.003
      vertex 0 0.172124183 0.003
    endloop
  endfacet
  facet normal 1 0 0
    outer loop
      vertex 0.259 0.172124183 0
      vertex 0.259 0.173620915 0
      vertex 0.259 0.173620915 0.003
    endloop
  endfacet
  facet normal 1 0 0
    outer loop
      vertex 0.259 0.172124183 0
      vertex 0.259 0.173620915 0.003
      vertex 0.259 0.172124183 0.003
    endloop
  endfacet
  facet normal 0 1 0
    outer loop
      vertex 0.259 0.173620915 0
      vertex 0 0.173620915 0
      vertex 0 0.173620915 0.003
    endloop
  endfacet
  facet normal 0 1 -0
    outer loop
      vertex 0.259 0.173620915 0
      vertex 0 0.173620915 0.003
      vertex 0.259 0.173620915 0.003
    endloop
  endfacet
  facet normal -1 0 0
    outer loop
      vertex 0 0.173620915 0
      vertex 0 0.172124183 0
      vertex 0 0.172124183 0.003
    endloop
  endfacet
  facet normal -1 0 0
    outer loop
      vertex 0 0.173620915 0
      vertex 0 0.172124183 0.003
      vertex 0 0.173620915 0.003
    endloop
  endfacet
  facet normal 0 0 -1
    outer loop
      vertex 0 0.173620915 0
      vertex 0.259 0.175117647 0
      vertex 0.259 0.173620915 0
    endloop
  endfacet
  facet normal 0 0 -1
    outer loop
      vertex 0 0.173620915 0
      vertex 0 0.175117647 0
      vertex 0.259 0.175117647 0
    endloop
  endfacet
  facet normal 0 0 1
    outer loop
      vertex 0 0.173620915 0.003
      vertex 0.259 0.173620915 0.003
      vertex 0.259 0.175117647 0.003
    endloop
  endfacet
  facet normal 0 0 1
    outer loop
      vertex 0 0.173620915 0.003
      vertex 0.259 0.175117647 0.003
      vertex 0 0.175117647 0.003
    endloop
  endfacet
  facet normal 0 -1 0
    outer loop
      vertex 0 0.173620915 0
      vertex 0.259 0.173620915 0
      vertex 0.259 0.173620915 0.003
    endloop
  endfacet
  facet normal 0 -1 0
    outer loop
      vertex 0 0.173620915 0
      vertex 0.259 0.173620915 0.003
      vertex 0 0.173620915 0.003
    endloop
  endfacet
  facet normal 1 0 0
    outer loop
      vertex 0.259 0.173620915 0
      vertex 0.259 0.175117647 0
      vertex 0.259 0.175117647 0.003
    endloop
  endfacet
  facet normal 1 0 0
    outer loop
      vertex 0.259 0.173620915 0
      vertex 0.259 0.175117647 0.003
      vertex 0.259 0.173620915 0.003
    endloop
  endfacet
  facet normal 0 1 0
    outer loop
      vertex 0.259 0.175117647 0
      vertex 0 0.175117647 0
      vertex 0 0.175117647 0.003
    endloop
  endfacet
  facet normal 0 1 -0
    outer loop
      vertex 0.259 0.175117647 0
      vertex 0 0.175117647 0.003
      vertex 0.259 0.175117647 0.003
    endloop
  endfacet
  facet normal -1 0 0
    outer loop
      vertex 0 0.175117647 0
      vertex 0 0.173620915 0
      vertex 0 0.173620915 0.003
    endloop
  endfacet
  facet normal -1 0 0
    outer loop
      vertex 0 0.175117647 0
      vertex 0 0.173620915 0.003
      vertex 0 0.175117647 0.003
    endloop
  endfacet
  facet normal 0 0 -1
    outer loop
      vertex 0 0.175117647 0
      vertex 0.259 0.176614379 0
      vertex 0.259 0.175117647 0
    endloop
  endfacet
  facet normal 0 0 -1
    outer loop
      vertex 0 0.175117647 0
      vertex 0 0.176614379 0
      vertex 0.259 0.176614379 0
    endloop
  endfacet
  facet normal 0 0 1
    outer loop
      vertex 0 0.175117647 0.003
      vertex 0.259 0.175117647 0.003
      vertex 0.259 0.176614379 0.003
    endloop
  endfacet
  facet normal 0 0 1
    outer loop
      vertex 0 0.175117647 0.003
      vertex 0.259 0.176614379 0.003
      vertex 0 0.176614379 0.003
    endloop
  endfacet
  facet normal 0 -1 0
    outer loop
      vertex 0 0.175117647 0
      vertex 0.259 0.175117647 0
      vertex 0.259 0.175117647 0.003
    endloop
  endfacet
  facet normal 0 -1 0
    outer loop
      vertex 0 0.175117647 0
      vertex 0.259 0.175117647 0.003
      vertex 0 0.175117647 0.003
    endloop
  endfacet
  facet normal 1 0 0
    outer loop
      vertex 0.259 0.175117647 0
      vertex 0.259 0.176614379 0
      vertex 0.259 0.176614379 0.003
    endloop
  endfacet
  facet normal 1 0 0
    outer loop
      vertex 0.259 0.175117647 0
      vertex 0.259 0.176614379 0.003
      vertex 0.259 0.175117647 0.003
    endloop
  endfacet
  facet normal 0 1 0
    outer loop
      vertex 0.259 0.176614379 0
      vertex 0 0.176614379 0
      vertex 0 0.176614379 0.003
    endloop
  endfacet
  facet normal 0 1 -0
    outer loop
      vertex 0.259 0.176614379 0
      vertex 0 0.176614379 0.003
      vertex 0.259 0.176614379 0.003
    endloop
  endfacet
  facet normal -1 0 0
    outer loop
      vertex 0 0.176614379 0
      vertex 0 0.175117647 0
      vertex 0 0.175117647 0.003
    endloop
  endfacet
  facet normal -1 0 0
    outer loop
      vertex 0 0.176614379 0
      vertex 0 0.175117647 0.003
      vertex 0 0.176614379 0.003
    endloop
  endfacet
  facet normal 0 0 -1
    outer loop
      vertex 0 0.176614379 0
      vertex 0.259 0.178111111 0
      vertex 0.259 0.176614379 0
    endloop
  endfacet
  facet normal 0 0 -1
    outer loop
      vertex 0 0.176614379 0
      vertex 0 0.178111111 0
      vertex 0.259 0.178111111 0
    endloop
  endfacet
  facet normal 0 0 1
    outer loop
      vertex 0 0.176614379 0.003
      vertex 0.259 0.176614379 0.003
      vertex 0.259 0.178111111 0.003
    endloop
  endfacet
  facet normal 0 0 1
    outer loop
      vertex 0 0.176614379 0.003
      vertex 0.259 0.178111111 0.003
      vertex 0 0.178111111 0.003
    endloop
  endfacet
  facet normal 0 -1 0
    outer loop
      vertex 0 0.176614379 0
      vertex 0.259 0.176614379 0
      vertex 0.259 0.176614379 0.003
    endloop
  endfacet
  facet normal 0 -1 0
    outer loop
      vertex 0 0.176614379 0
      vertex 0.259 0.176614379 0.003
      vertex 0 0.176614379 0.003
    endloop
  endfacet
  facet normal 1 0 0
    outer loop
      vertex 0.259 0.176614379 0
      vertex 0.259 0.178111111 0
      vertex 0.259 0.178111111 0.003
    endloop
  endfacet
  facet normal 1 0 0
    outer loop
      vertex 0.259 0.176614379 0
      vertex 0.259 0.178111111 0.003
      vertex 0.259 0.176614379 0.003
    endloop
  endfacet
  facet normal 0 1 0
    outer loop
      vertex 0.259 0.178111111 0
      vertex 0 0.178111111 0
      vertex 0 0.178111111 0.003
    endloop
  endfacet
  facet normal 0 1 -0
    outer loop
      vertex 0.259 0.178111111 0
      vertex 0 0.178111111 0.003
      vertex 0.259 0.178111111 0.003
    endloop
  endfacet
  facet normal -1 0 0
    outer loop
      vertex 0 0.178111111 0
      vertex 0 0.176614379 0
      vertex 0 0.176614379 0.003
    endloop
  endfacet
  facet normal -1 0 0
    outer loop
      vertex 0 0.178111111 0
      vertex 0 0.176614379 0.003
      vertex 0 0.178111111 0.003
    endloop
  endfacet
  facet normal 0 0 -1
    outer loop
      vertex 0 0.178111111 0
      vertex 0.259 0.179607843 0
      vertex 0.259 0.178111111 0
    endloop
  endfacet
  facet normal 0 0 -1
    outer loop
      vertex 0 0.178111111 0
      vertex 0 0.179607843 0
      vertex 0.259 0.179607843 0
    endloop
  endfacet
  facet normal 0 0 1
    outer loop
      vertex 0 0.178111111 0.003
      vertex 0.259 0.178111111 0.003
      vertex 0.259 0.179607843 0.003
    endloop
  endfacet
  facet normal 0 0 1
    outer loop
      vertex 0 0.178111111 0.003
      vertex 0.259 0.179607843 0.003
      vertex 0 0.179607843 0.003
    endloop
  endfacet
  facet normal 0 -1 0
    outer loop
      vertex 0 0.178111111 0
      vertex 0.259 0.178111111 0
      vertex 0.259 0.178111111 0.003
    endloop
  endfacet
  facet normal 0 -1 0
    outer loop
      vertex 0 0.178111111 0
      vertex 0.259 0.178111111 0.003
      vertex 0 0.178111111 0.003
    endloop
  endfacet
  facet normal 1 0 0
    outer loop
      vertex 0.259 0.178111111 0
      vertex 0.259 0.179607843 0
      vertex 0.259 0.179607843 0.003
    endloop
  endfacet
  facet normal 1 0 0
    outer loop
      vertex 0.259 0.178111111 0
      vertex 0.259 0.179607843 0.003
      vertex 0.259 0.178111111 0.003
    endloop
  endfacet
  facet normal 0 1 0
    outer loop
      vertex 0.259 0.179607843 0
      vertex 0 0.179607843 0
      vertex 0 0.179607843 0.003
    endloop
  endfacet
  facet normal 0 1 -0
    outer loop
      vertex 0.259 0.179607843 0
      vertex 0 0.179607843 0.003
      vertex 0.259 0.179607843 0.003
    endloop
  endfacet
  facet normal -1 0 0
    outer loop
      vertex 0 0.179607843 0
      vertex 0 0.178111111 0
      vertex 0 0.178111111 0.003
    endloop
  endfacet
  facet normal -1 0 0
    outer loop
      vertex 0 0.179607843 0
      vertex 0 0.178111111 0.003
      vertex 0 0.179607843 0.003
    endloop
  endfacet
  facet normal 0 0 -1
    outer loop
      vertex 0 0.179607843 0
      vertex 0.259 0.181104575 0
      vertex 0.259 0.179607843 0
    endloop
  endfacet
  facet normal 0 0 -1
    outer loop
      vertex 0 0.179607843 0
      vertex 0 0.181104575 0
      vertex 0.259 0.181104575 0
    endloop
  endfacet
  facet normal 0 0 1
    outer loop
      vertex 0 0.179607843 0.003
      vertex 0.259 0.179607843 0.003
      vertex 0.259 0.181104575 0.003
    endloop
  endfacet
  facet normal 0 0 1
    outer loop
      vertex 0 0.179607843 0.003
      vertex 0.259 0.181104575 0.003
      vertex 0 0.181104575 0.003
    endloop
  endfacet
  facet normal 0 -1 0
    outer loop
      vertex 0 0.179607843 0
      vertex 0.259 0.179607843 0
      vertex 0.259 0.179607843 0.003
    endloop
  endfacet
  facet normal 0 -1 0
    outer loop
      vertex 0 0.179607843 0
      vertex 0.259 0.179607843 0.003
      vertex 0 0.179607843 0.003
    endloop
  endfacet
  facet normal 1 0 0
    outer loop
      vertex 0.259 0.179607843 0
      vertex 0.259 0.181104575 0
      vertex 0.259 0.181104575 0.003
    endloop
  endfacet
  facet normal 1 0 0
    outer loop
      vertex 0.259 0.179607843 0
      vertex 0.259 0.181104575 0.003
      vertex 0.259 0.179607843 0.003
    endloop
  endfacet
  facet normal 0 1 0
    outer loop
      vertex 0.259 0.181104575 0
      vertex 0 0.181104575 0
      vertex 0 0.181104575 0.003
    endloop
  endfacet
  facet normal 0 1 -0
    outer loop
      vertex 0.259 0.181104575 0
      vertex 0 0.181104575 0.003
      vertex 0.259 0.181104575 0.003
    endloop
  endfacet
  facet normal -1 0 0
    outer loop
      vertex 0 0.181104575 0
      vertex 0 0.179607843 0
      vertex 0 0.179607843 0.003
    endloop
  endfacet
  facet normal -1 0 0
    outer loop
      vertex 0 0.181104575 0
      vertex 0 0.179607843 0.003
      vertex 0 0.181104575 0.003
    endloop
  endfacet
  facet normal 0 0 -1
    outer loop
      vertex 0 0.181104575 0
      vertex 0.259 0.182601307 0
      vertex 0.259 0.181104575 0
    endloop
  endfacet
  facet normal 0 0 -1
    outer loop
      vertex 0 0.181104575 0
      vertex 0 0.182601307 0
      vertex 0.259 0.182601307 0
    endloop
  endfacet
  facet normal 0 0 1
    outer loop
      vertex 0 0.181104575 0.003
      vertex 0.259 0.181104575 0.003
      vertex 0.259 0.182601307 0.003
    endloop
  endfacet
  facet normal 0 0 1
    outer loop
      vertex 0 0.181104575 0.003
      vertex 0.259 0.182601307 0.003
      vertex 0 0.182601307 0.003
    endloop
  endfacet
  facet normal 0 -1 0
    outer loop
      vertex 0 0.181104575 0
      vertex 0.259 0.181104575 0
      vertex 0.259 0.181104575 0.003
    endloop
  endfacet
  facet normal 0 -1 0
    outer loop
      vertex 0 0.181104575 0
      vertex 0.259 0.181104575 0.003
      vertex 0 0.181104575 0.003
    endloop
  endfacet
  facet normal 1 0 0
    outer loop
      vertex 0.259 0.181104575 0
      vertex 0.259 0.182601307 0
      vertex 0.259 0.182601307 0.003
    endloop
  endfacet
  facet normal 1 0 0
    outer loop
      vertex 0.259 0.181104575 0
      vertex 0.259 0.182601307 0.003
      vertex 0.259 0.181104575 0.003
    endloop
  endfacet
  facet normal 0 1 0
    outer loop
      vertex 0.259 0.182601307 0
      vertex 0 0.182601307 0
      vertex 0 0.182601307 0.003
    endloop
  endfacet
  facet normal 0 1 -0
    outer loop
      vertex 0.259 0.182601307 0
      vertex 0 0.182601307 0.003
      vertex 0.259 0.182601307 0.003
    endloop
  endfacet
  facet normal -1 0 0
    outer loop
      vertex 0 0.182601307 0
      vertex 0 0.181104575 0
      vertex 0 0.181104575 0.003
    endloop
  endfacet
  facet normal -1 0 0
    outer loop
      vertex 0 0.182601307 0
      vertex 0 0.181104575 0.003
      vertex 0 0.182601307 0.003
    endloop
  endfacet
  facet normal 0 0 -1
    outer loop
      vertex 0 0.182601307 0
      vertex 0.00756939061 0.184098039 0
      vertex 0.00756939061 0.182601307 0
    endloop
  endfacet
  facet normal 0 0 -1
    outer loop
      vertex 0 0.182601307 0
      vertex 0 0.184098039 0
      vertex 0.00756939061 0.184098039 0
    endloop
  endfacet
  facet normal 0 0 1
    outer loop
      vertex 0 0.182601307 0.003
      vertex 0.00756939061 0.182601307 0.003
      vertex 0.00756939061 0.184098039 0.003
    endloop
  endfacet
  facet normal 0 0 1
    outer loop
      vertex 0 0.182601307 0.003
      vertex 0.00756939061 0.184098039 0.003
      vertex 0 0.184098039 0.003
    endloop
  endfacet
  facet normal 0 -1 0
    outer loop
      vertex 0 0.182601307 0
      vertex 0.00756939061 0.182601307 0
      vertex 0.00756939061 0.182601307 0.003
    endloop
  endfacet
  facet normal 0 -1 0
    outer loop
      vertex 0 0.182601307 0
      vertex 0.00756939061 0.182601307 0.003
      vertex 0 0.182601307 0.003
    endloop
  endfacet
  facet normal 1 0 0
    outer loop
      vertex 0.00756939061 0.182601307 0
      vertex 0.00756939061 0.184098039 0
      vertex 0.00756939061 0.184098039 0.003
    endloop
  endfacet
  facet normal 1 0 0
    outer loop
      vertex 0.00756939061 0.182601307 0
      vertex 0.00756939061 0.184098039 0.003
      vertex 0.00756939061 0.182601307 0.003
    endloop
  endfacet
  facet normal 0 1 0
    outer loop
      vertex 0.00756939061 0.184098039 0
      vertex 0 0.184098039 0
      vertex 0 0.184098039 0.003
    endloop
  endfacet
  facet normal 0 1 -0
    outer loop
      vertex 0.00756939061 0.184098039 0
      vertex 0 0.184098039 0.003
      vertex 0.00756939061 0.184098039 0.003
    endloop
  endfacet
  facet normal -1 0 0
    outer loop
      vertex 0 0.184098039 0
      vertex 0 0.182601307 0
      vertex 0 0.182601307 0.003
    endloop
  endfacet
  facet normal -1 0 0
    outer loop
      vertex 0 0.184098039 0
      vertex 0 0.182601307 0.003
      vertex 0 0.184098039 0.003
    endloop
  endfacet
  facet normal 0 0 -1
    outer loop
      vertex 0.0159760639 0.182601307 0
      vertex 0.0546602997 0.184098039 0
      vertex 0.0546602997 0.182601307 0
    endloop
  endfacet
  facet normal 0 0 -1
    outer loop
      vertex 0.0159760639 0.182601307 0
      vertex 0.0159760639 0.184098039 0
      vertex 0.0546602997 0.184098039 0
    endloop
  endfacet
  facet normal 0 0 1
    outer loop
      vertex 0.0159760639 0.182601307 0.003
      vertex 0.0546602997 0.182601307 0.003
      vertex 0.0546602997 0.184098039 0.003
    endloop
  endfacet
  facet normal 0 0 1
    outer loop
      vertex 0.0159760639 0.182601307 0.003
      vertex 0.0546602997 0.184098039 0.003
      vertex 0.0159760639 0.184098039 0.003
    endloop
  endfacet
  facet normal 0 -1 0
    outer loop
      vertex 0.0159760639 0.182601307 0
      vertex 0.0546602997 0.182601307 0
      vertex 0.0546602997 0.182601307 0.003
    endloop
  endfacet
  facet normal 0 -1 0
    outer loop
      vertex 0.0159760639 0.182601307 0
      vertex 0.0546602997 0.182601307 0.003
      vertex 0.0159760639 0.182601307 0.003
    endloop
  endfacet
  facet normal 1 0 0
    outer loop
      vertex 0.0546602997 0.182601307 0
      vertex 0.0546602997 0.184098039 0
      vertex 0.0546602997 0.184098039 0.003
    endloop
  endfacet
  facet normal 1 0 0
    outer loop
      vertex 0.0546602997 0.182601307 0
      vertex 0.0546602997 0.184098039 0.003
      vertex 0.0546602997 0.182601307 0.003
    endloop
  endfacet
  facet normal 0 1 0
    outer loop
      vertex 0.0546602997 0.184098039 0
      vertex 0.0159760639 0.184098039 0
      vertex 0.0159760639 0.184098039 0.003
    endloop
  endfacet
  facet normal 0 1 -0
    outer loop
      vertex 0.0546602997 0.184098039 0
      vertex 0.0159760639 0.184098039 0.003
      vertex 0.0546602997 0.184098039 0.003
    endloop
  endfacet
  facet normal -1 0 0
    outer loop
      vertex 0.0159760639 0.184098039 0
      vertex 0.0159760639 0.182601307 0
      vertex 0.0159760639 0.182601307 0.003
    endloop
  endfacet
  facet normal -1 0 0
    outer loop
      vertex 0.0159760639 0.184098039 0
      vertex 0.0159760639 0.182601307 0.003
      vertex 0.0159760639 0.184098039 0.003
    endloop
  endfacet
  facet normal 0 0 -1
    outer loop
      vertex 0.063066973 0.182601307 0
      vertex 0.125296663 0.184098039 0
      vertex 0.125296663 0.182601307 0
    endloop
  endfacet
  facet normal 0 0 -1
    outer loop
      vertex 0.063066973 0.182601307 0
      vertex 0.063066973 0.184098039 0
      vertex 0.125296663 0.184098039 0
    endloop
  endfacet
  facet normal 0 0 1
    outer loop
      vertex 0.063066973 0.182601307 0.003
      vertex 0.125296663 0.182601307 0.003
      vertex 0.125296663 0.184098039 0.003
    endloop
  endfacet
  facet normal 0 0 1
    outer loop
      vertex 0.063066973 0.182601307 0.003
      vertex 0.125296663 0.184098039 0.003
      vertex 0.063066973 0.184098039 0.003
    endloop
  endfacet
  facet normal 0 -1 0
    outer loop
      vertex 0.063066973 0.182601307 0
      vertex 0.125296663 0.182601307 0
      vertex 0.125296663 0.182601307 0.003
    endloop
  endfacet
  facet normal 0 -1 0
    outer loop
      vertex 0.063066973 0.182601307 0
      vertex 0.125296663 0.182601307 0.003
      vertex 0.063066973 0.182601307 0.003
    endloop
  endfacet
  facet normal 1 0 0
    outer loop
      vertex 0.125296663 0.182601307 0
      vertex 0.125296663 0.184098039 0
      vertex 0.125296663 0.184098039 0.003
    endloop
  endfacet
  facet normal 1 0 0
    outer loop
      vertex 0.125296663 0.182601307 0
      vertex 0.125296663 0.184098039 0.003
      vertex 0.125296663 0.182601307 0.003
    endloop
  endfacet
  facet normal 0 1 0
    outer loop
      vertex 0.125296663 0.184098039 0
      vertex 0.063066973 0.184098039 0
      vertex 0.063066973 0.184098039 0.003
    endloop
  endfacet
  facet normal 0 1 -0
    outer loop
      vertex 0.125296663 0.184098039 0
      vertex 0.063066973 0.184098039 0.003
      vertex 0.125296663 0.184098039 0.003
    endloop
  endfacet
  facet normal -1 0 0
    outer loop
      vertex 0.063066973 0.184098039 0
      vertex 0.063066973 0.182601307 0
      vertex 0.063066973 0.182601307 0.003
    endloop
  endfacet
  facet normal -1 0 0
    outer loop
      vertex 0.063066973 0.184098039 0
      vertex 0.063066973 0.182601307 0.003
      vertex 0.063066973 0.184098039 0.003
    endloop
  endfacet
  facet normal 0 0 -1
    outer loop
      vertex 0.133703337 0.182601307 0
      vertex 0.172387572 0.184098039 0
      vertex 0.172387572 0.182601307 0
    endloop
  endfacet
  facet normal 0 0 -1
    outer loop
      vertex 0.133703337 0.182601307 0
      vertex 0.133703337 0.184098039 0
      vertex 0.172387572 0.184098039 0
    endloop
  endfacet
  facet normal 0 0 1
    outer loop
      vertex 0.133703337 0.182601307 0.003
      vertex 0.172387572 0.182601307 0.003
      vertex 0.172387572 0.184098039 0.003
    endloop
  endfacet
  facet normal 0 0 1
    outer loop
      vertex 0.133703337 0.182601307 0.003
      vertex 0.172387572 0.184098039 0.003
      vertex 0.133703337 0.184098039 0.003
    endloop
  endfacet
  facet normal 0 -1 0
    outer loop
      vertex 0.133703337 0.182601307 0
      vertex 0.172387572 0.182601307 0
      vertex 0.172387572 0.182601307 0.003
    endloop
  endfacet
  facet normal 0 -1 0
    outer loop
      vertex 0.133703337 0.182601307 0
      vertex 0.172387572 0.182601307 0.003
      vertex 0.133703337 0.182601307 0.003
    endloop
  endfacet
  facet normal 1 0 0
    outer loop
      vertex 0.172387572 0.182601307 0
      vertex 0.172387572 0.184098039 0
      vertex 0.172387572 0.184098039 0.003
    endloop
  endfacet
  facet normal 1 0 0
    outer loop
      vertex 0.172387572 0.182601307 0
      vertex 0.172387572 0.184098039 0.003
      vertex 0.172387572 0.182601307 0.003
    endloop
  endfacet
  facet normal 0 1 0
    outer loop
      vertex 0.172387572 0.184098039 0
      vertex 0.133703337 0.184098039 0
      vertex 0.133703337 0.184098039 0.003
    endloop
  endfacet
  facet normal 0 1 -0
    outer loop
      vertex 0.172387572 0.184098039 0
      vertex 0.133703337 0.184098039 0.003
      vertex 0.172387572 0.184098039 0.003
    endloop
  endfacet
  facet normal -1 0 0
    outer loop
      vertex 0.133703337 0.184098039 0
      vertex 0.133703337 0.182601307 0
      vertex 0.133703337 0.182601307 0.003
    endloop
  endfacet
  facet normal -1 0 0
    outer loop
      vertex 0.133703337 0.184098039 0
      vertex 0.133703337 0.182601307 0.003
      vertex 0.133703337 0.184098039 0.003
    endloop
  endfacet
  facet normal 0 0 -1
    outer loop
      vertex 0.180794246 0.182601307 0
      vertex 0.219478482 0.184098039 0
      vertex 0.219478482 0.182601307 0
    endloop
  endfacet
  facet normal 0 0 -1
    outer loop
      vertex 0.180794246 0.182601307 0
      vertex 0.180794246 0.184098039 0
      vertex 0.219478482 0.184098039 0
    endloop
  endfacet
  facet normal 0 0 1
    outer loop
      vertex 0.180794246 0.182601307 0.003
      vertex 0.219478482 0.182601307 0.003
      vertex 0.219478482 0.184098039 0.003
    endloop
  endfacet
  facet normal 0 0 1
    outer loop
      vertex 0.180794246 0.182601307 0.003
      vertex 0.219478482 0.184098039 0.003
      vertex 0.180794246 0.184098039 0.003
    endloop
  endfacet
  facet normal 0 -1 0
    outer loop
      vertex 0.180794246 0.182601307 0
      vertex 0.219478482 0.182601307 0
      vertex 0.219478482 0.182601307 0.003
    endloop
  endfacet
  facet normal 0 -1 0
    outer loop
      vertex 0.180794246 0.182601307 0
      vertex 0.219478482 0.182601307 0.003
      vertex 0.180794246 0.182601307 0.003
    endloop
  endfacet
  facet normal 1 0 0
    outer loop
      vertex 0.219478482 0.182601307 0
      vertex 0.219478482 0.184098039 0
      vertex 0.219478482 0.184098039 0.003
    endloop
  endfacet
  facet normal 1 0 0
    outer loop
      vertex 0.219478482 0.182601307 0
      vertex 0.219478482 0.184098039 0.003
      vertex 0.219478482 0.182601307 0.003
    endloop
  endfacet
  facet normal 0 1 0
    outer loop
      vertex 0.219478482 0.184098039 0
      vertex 0.180794246 0.184098039 0
      vertex 0.180794246 0.184098039 0.003
    endloop
  endfacet
  facet normal 0 1 -0
    outer loop
      vertex 0.219478482 0.184098039 0
      vertex 0.180794246 0.184098039 0.003
      vertex 0.219478482 0.184098039 0.003
    endloop
  endfacet
  facet normal -1 0 0
    outer loop
      vertex 0.180794246 0.184098039 0
      vertex 0.180794246 0.182601307 0
      vertex 0.180794246 0.182601307 0.003
    endloop
  endfacet
  facet normal -1 0 0
    outer loop
      vertex 0.180794246 0.184098039 0
      vertex 0.180794246 0.182601307 0.003
      vertex 0.180794246 0.184098039 0.003
    endloop
  endfacet
  facet normal 0 0 -1
    outer loop
      vertex 0.227885155 0.182601307 0
      vertex 0.259 0.184098039 0
      vertex 0.259 0.182601307 0
    endloop
  endfacet
  facet normal 0 0 -1
    outer loop
      vertex 0.227885155 0.182601307 0
      vertex 0.227885155 0.184098039 0
      vertex 0.259 0.184098039 0
    endloop
  endfacet
  facet normal 0 0 1
    outer loop
      vertex 0.227885155 0.182601307 0.003
      vertex 0.259 0.182601307 0.003
      vertex 0.259 0.184098039 0.003
    endloop
  endfacet
  facet normal 0 0 1
    outer loop
      vertex 0.227885155 0.182601307 0.003
      vertex 0.259 0.184098039 0.003
      vertex 0.227885155 0.184098039 0.003
    endloop
  endfacet
  facet normal 0 -1 0
    outer loop
      vertex 0.227885155 0.182601307 0
      vertex 0.259 0.182601307 0
      vertex 0.259 0.182601307 0.003
    endloop
  endfacet
  facet normal 0 -1 0
    outer loop
      vertex 0.227885155 0.182601307 0
      vertex 0.259 0.182601307 0.003
      vertex 0.227885155 0.182601307 0.003
    endloop
  endfacet
  facet normal 1 0 0
    outer loop
      vertex 0.259 0.182601307 0
      vertex 0.259 0.184098039 0
      vertex 0.259 0.184098039 0.003
    endloop
  endfacet
  facet normal 1 0 0
    outer loop
      vertex 0.259 0.182601307 0
      vertex 0.259 0.184098039 0.003
      vertex 0.259 0.182601307 0.003
    endloop
  endfacet
  facet normal 0 1 0
    outer loop
      vertex 0.259 0.184098039 0
      vertex 0.227885155 0.184098039 0
      vertex 0.227885155 0.184098039 0.003
    endloop
  endfacet
  facet normal 0 1 -0
    outer loop
      vertex 0.259 0.184098039 0
      vertex 0.227885155 0.184098039 0.003
      vertex 0.259 0.184098039 0.003
    endloop
  endfacet
  facet normal -1 0 0
    outer loop
      vertex 0.227885155 0.184098039 0
      vertex 0.227885155 0.182601307 0
      vertex 0.227885155 0.182601307 0.003
    endloop
  endfacet
  facet normal -1 0 0
    outer loop
      vertex 0.227885155 0.184098039 0
      vertex 0.227885155 0.182601307 0.003
      vertex 0.227885155 0.184098039 0.003
    endloop
  endfacet
  facet normal 0 0 -1
    outer loop
      vertex 0 0.184098039 0
      vertex 0.00593992791 0.185594771 0
      vertex 0.00593992791 0.184098039 0
    endloop
  endfacet
  facet normal 0 0 -1
    outer loop
      vertex 0 0.184098039 0
      vertex 0 0.185594771 0
      vertex 0.00593992791 0.185594771 0
    endloop
  endfacet
  facet normal 0 0 1
    outer loop
      vertex 0 0.184098039 0.003
      vertex 0.00593992791 0.184098039 0.003
      vertex 0.00593992791 0.185594771 0.003
    endloop
  endfacet
  facet normal 0 0 1
    outer loop
      vertex 0 0.184098039 0.003
      vertex 0.00593992791 0.185594771 0.003
      vertex 0 0.185594771 0.003
    endloop
  endfacet
  facet normal 0 -1 0
    outer loop
      vertex 0 0.184098039 0
      vertex 0.00593992791 0.184098039 0
      vertex 0.00593992791 0.184098039 0.003
    endloop
  endfacet
  facet normal 0 -1 0
    outer loop
      vertex 0 0.184098039 0
      vertex 0.00593992791 0.184098039 0.003
      vertex 0 0.184098039 0.003
    endloop
  endfacet
  facet normal 1 0 0
    outer loop
      vertex 0.00593992791 0.184098039 0
      vertex 0.00593992791 0.185594771 0
      vertex 0.00593992791 0.185594771 0.003
    endloop
  endfacet
  facet normal 1 0 0
    outer loop
      vertex 0.00593992791 0.184098039 0
      vertex 0.00593992791 0.185594771 0.003
      vertex 0.00593992791 0.184098039 0.003
    endloop
  endfacet
  facet normal 0 1 0
    outer loop
      vertex 0.00593992791 0.185594771 0
      vertex 0 0.185594771 0
      vertex 0 0.185594771 0.003
    endloop
  endfacet
  facet normal 0 1 -0
    outer loop
      vertex 0.00593992791 0.185594771 0
      vertex 0 0.185594771 0.003
      vertex 0.00593992791 0.185594771 0.003
    endloop
  endfacet
  facet normal -1 0 0
    outer loop
      vertex 0 0.185594771 0
      vertex 0 0.184098039 0
      vertex 0 0.184098039 0.003
    endloop
  endfacet
  facet normal -1 0 0
    outer loop
      vertex 0 0.185594771 0
      vertex 0 0.184098039 0.003
      vertex 0 0.185594771 0.003
    endloop
  endfacet
  facet normal 0 0 -1
    outer loop
      vertex 0.0176055266 0.184098039 0
      vertex 0.053030837 0.185594771 0
      vertex 0.053030837 0.184098039 0
    endloop
  endfacet
  facet normal 0 0 -1
    outer loop
      vertex 0.0176055266 0.184098039 0
      vertex 0.0176055266 0.185594771 0
      vertex 0.053030837 0.185594771 0
    endloop
  endfacet
  facet normal 0 0 1
    outer loop
      vertex 0.0176055266 0.184098039 0.003
      vertex 0.053030837 0.184098039 0.003
      vertex 0.053030837 0.185594771 0.003
    endloop
  endfacet
  facet normal 0 0 1
    outer loop
      vertex 0.0176055266 0.184098039 0.003
      vertex 0.053030837 0.185594771 0.003
      vertex 0.0176055266 0.185594771 0.003
    endloop
  endfacet
  facet normal 0 -1 0
    outer loop
      vertex 0.0176055266 0.184098039 0
      vertex 0.053030837 0.184098039 0
      vertex 0.053030837 0.184098039 0.003
    endloop
  endfacet
  facet normal 0 -1 0
    outer loop
      vertex 0.0176055266 0.184098039 0
      vertex 0.053030837 0.184098039 0.003
      vertex 0.0176055266 0.184098039 0.003
    endloop
  endfacet
  facet normal 1 0 0
    outer loop
      vertex 0.053030837 0.184098039 0
      vertex 0.053030837 0.185594771 0
      vertex 0.053030837 0.185594771 0.003
    endloop
  endfacet
  facet normal 1 0 0
    outer loop
      vertex 0.053030837 0.184098039 0
      vertex 0.053030837 0.185594771 0.003
      vertex 0.053030837 0.184098039 0.003
    endloop
  endfacet
  facet normal 0 1 0
    outer loop
      vertex 0.053030837 0.185594771 0
      vertex 0.0176055266 0.185594771 0
      vertex 0.0176055266 0.185594771 0.003
    endloop
  endfacet
  facet normal 0 1 -0
    outer loop
      vertex 0.053030837 0.185594771 0
      vertex 0.0176055266 0.185594771 0.003
      vertex 0.053030837 0.185594771 0.003
    endloop
  endfacet
  facet normal -1 0 0
    outer loop
      vertex 0.0176055266 0.185594771 0
      vertex 0.0176055266 0.184098039 0
      vertex 0.0176055266 0.184098039 0.003
    endloop
  endfacet
  facet normal -1 0 0
    outer loop
      vertex 0.0176055266 0.185594771 0
      vertex 0.0176055266 0.184098039 0.003
      vertex 0.0176055266 0.185594771 0.003
    endloop
  endfacet
  facet normal 0 0 -1
    outer loop
      vertex 0.0646964357 0.184098039 0
      vertex 0.123667201 0.185594771 0
      vertex 0.123667201 0.184098039 0
    endloop
  endfacet
  facet normal 0 0 -1
    outer loop
      vertex 0.0646964357 0.184098039 0
      vertex 0.0646964357 0.185594771 0
      vertex 0.123667201 0.185594771 0
    endloop
  endfacet
  facet normal 0 0 1
    outer loop
      vertex 0.0646964357 0.184098039 0.003
      vertex 0.123667201 0.184098039 0.003
      vertex 0.123667201 0.185594771 0.003
    endloop
  endfacet
  facet normal 0 0 1
    outer loop
      vertex 0.0646964357 0.184098039 0.003
      vertex 0.123667201 0.185594771 0.003
      vertex 0.0646964357 0.185594771 0.003
    endloop
  endfacet
  facet normal 0 -1 0
    outer loop
      vertex 0.0646964357 0.184098039 0
      vertex 0.123667201 0.184098039 0
      vertex 0.123667201 0.184098039 0.003
    endloop
  endfacet
  facet normal 0 -1 0
    outer loop
      vertex 0.0646964357 0.184098039 0
      vertex 0.123667201 0.184098039 0.003
      vertex 0.0646964357 0.184098039 0.003
    endloop
  endfacet
  facet normal 1 0 0
    outer loop
      vertex 0.123667201 0.184098039 0
      vertex 0.123667201 0.185594771 0
      vertex 0.123667201 0.185594771 0.003
    endloop
  endfacet
  facet normal 1 0 0
    outer loop
      vertex 0.123667201 0.184098039 0
      vertex 0.123667201 0.185594771 0.003
      vertex 0.123667201 0.184098039 0.003
    endloop
  endfacet
  facet normal 0 1 0
    outer loop
      vertex 0.123667201 0.185594771 0
      vertex 0.0646964357 0.185594771 0
      vertex 0.0646964357 0.185594771 0.003
    endloop
  endfacet
  facet normal 0 1 -0
    outer loop
      vertex 0.123667201 0.185594771 0
      vertex 0.0646964357 0.185594771 0.003
      vertex 0.123667201 0.185594771 0.003
    endloop
  endfacet
  facet normal -1 0 0
    outer loop
      vertex 0.0646964357 0.185594771 0
      vertex 0.0646964357 0.184098039 0
      vertex 0.0646964357 0.184098039 0.003
    endloop
  endfacet
  facet normal -1 0 0
    outer loop
      vertex 0.0646964357 0.185594771 0
      vertex 0.0646964357 0.184098039 0.003
      vertex 0.0646964357 0.185594771 0.003
    endloop
  endfacet
  facet normal 0 0 -1
    outer loop
      vertex 0.135332799 0.184098039 0
      vertex 0.17075811 0.185594771 0
      vertex 0.17075811 0.184098039 0
    endloop
  endfacet
  facet normal 0 0 -1
    outer loop
      vertex 0.135332799 0.184098039 0
      vertex 0.135332799 0.185594771 0
      vertex 0.17075811 0.185594771 0
    endloop
  endfacet
  facet normal 0 0 1
    outer loop
      vertex 0.135332799 0.184098039 0.003
      vertex 0.17075811 0.184098039 0.003
      vertex 0.17075811 0.185594771 0.003
    endloop
  endfacet
  facet normal 0 0 1
    outer loop
      vertex 0.135332799 0.184098039 0.003
      vertex 0.17075811 0.185594771 0.003
      vertex 0.135332799 0.185594771 0.003
    endloop
  endfacet
  facet normal 0 -1 0
    outer loop
      vertex 0.135332799 0.184098039 0
      vertex 0.17075811 0.184098039 0
      vertex 0.17075811 0.184098039 0.003
    endloop
  endfacet
  facet normal 0 -1 0
    outer loop
      vertex 0.135332799 0.184098039 0
      vertex 0.17075811 0.184098039 0.003
      vertex 0.135332799 0.184098039 0.003
    endloop
  endfacet
  facet normal 1 0 0
    outer loop
      vertex 0.17075811 0.184098039 0
      vertex 0.17075811 0.185594771 0
      vertex 0.17075811 0.185594771 0.003
    endloop
  endfacet
  facet normal 1 0 0
    outer loop
      vertex 0.17075811 0.184098039 0
      vertex 0.17075811 0.185594771 0.003
      vertex 0.17075811 0.184098039 0.003
    endloop
  endfacet
  facet normal 0 1 0
    outer loop
      vertex 0.17075811 0.185594771 0
      vertex 0.135332799 0.185594771 0
      vertex 0.135332799 0.185594771 0.003
    endloop
  endfacet
  facet normal 0 1 -0
    outer loop
      vertex 0.17075811 0.185594771 0
      vertex 0.135332799 0.185594771 0.003
      vertex 0.17075811 0.185594771 0.003
    endloop
  endfacet
  facet normal -1 0 0
    outer loop
      vertex 0.135332799 0.185594771 0
      vertex 0.135332799 0.184098039 0
      vertex 0.135332799 0.184098039 0.003
    endloop
  endfacet
  facet normal -1 0 0
    outer loop
      vertex 0.135332799 0.185594771 0
      vertex 0.135332799 0.184098039 0.003
      vertex 0.135332799 0.185594771 0.003
    endloop
  endfacet
  facet normal 0 0 -1
    outer loop
      vertex 0.182423708 0.184098039 0
      vertex 0.217849019 0.185594771 0
      vertex 0.217849019 0.184098039 0
    endloop
  endfacet
  facet normal 0 0 -1
    outer loop
      vertex 0.182423708 0.184098039 0
      vertex 0.182423708 0.185594771 0
      vertex 0.217849019 0.185594771 0
    endloop
  endfacet
  facet normal 0 0 1
    outer loop
      vertex 0.182423708 0.184098039 0.003
      vertex 0.217849019 0.184098039 0.003
      vertex 0.217849019 0.185594771 0.003
    endloop
  endfacet
  facet normal 0 0 1
    outer loop
      vertex 0.182423708 0.184098039 0.003
      vertex 0.217849019 0.185594771 0.003
      vertex 0.182423708 0.185594771 0.003
    endloop
  endfacet
  facet normal 0 -1 0
    outer loop
      vertex 0.182423708 0.184098039 0
      vertex 0.217849019 0.184098039 0
      vertex 0.217849019 0.184098039 0.003
    endloop
  endfacet
  facet normal 0 -1 0
    outer loop
      vertex 0.182423708 0.184098039 0
      vertex 0.217849019 0.184098039 0.003
      vertex 0.182423708 0.184098039 0.003
    endloop
  endfacet
  facet normal 1 0 0
    outer loop
      vertex 0.217849019 0.184098039 0
      vertex 0.217849019 0.185594771 0
      vertex 0.217849019 0.185594771 0.003
    endloop
  endfacet
  facet normal 1 0 0
    outer loop
      vertex 0.217849019 0.184098039 0
      vertex 0.217849019 0.185594771 0.003
      vertex 0.217849019 0.184098039 0.003
    endloop
  endfacet
  facet normal 0 1 0
    outer loop
      vertex 0.217849019 0.185594771 0
      vertex 0.182423708 0.185594771 0
      vertex 0.182423708 0.185594771 0.003
    endloop
  endfacet
  facet normal 0 1 -0
    outer loop
      vertex 0.217849019 0.185594771 0
      vertex 0.182423708 0.185594771 0.003
      vertex 0.217849019 0.185594771 0.003
    endloop
  endfacet
  facet normal -1 0 0
    outer loop
      vertex 0.182423708 0.185594771 0
      vertex 0.182423708 0.184098039 0
      vertex 0.182423708 0.184098039 0.003
    endloop
  endfacet
  facet normal -1 0 0
    outer loop
      vertex 0.182423708 0.185594771 0
      vertex 0.182423708 0.184098039 0.003
      vertex 0.182423708 0.185594771 0.003
    endloop
  endfacet
  facet normal 0 0 -1
    outer loop
      vertex 0.229514618 0.184098039 0
      vertex 0.259 0.185594771 0
      vertex 0.259 0.184098039 0
    endloop
  endfacet
  facet normal 0 0 -1
    outer loop
      vertex 0.229514618 0.184098039 0
      vertex 0.229514618 0.185594771 0
      vertex 0.259 0.185594771 0
    endloop
  endfacet
  facet normal 0 0 1
    outer loop
      vertex 0.229514618 0.184098039 0.003
      vertex 0.259 0.184098039 0.003
      vertex 0.259 0.185594771 0.003
    endloop
  endfacet
  facet normal 0 0 1
    outer loop
      vertex 0.229514618 0.184098039 0.003
      vertex 0.259 0.185594771 0.003
      vertex 0.229514618 0.185594771 0.003
    endloop
  endfacet
  facet normal 0 -1 0
    outer loop
      vertex 0.229514618 0.184098039 0
      vertex 0.259 0.184098039 0
      vertex 0.259 0.184098039 0.003
    endloop
  endfacet
  facet normal 0 -1 0
    outer loop
      vertex 0.229514618 0.184098039 0
      vertex 0.259 0.184098039 0.003
      vertex 0.229514618 0.184098039 0.003
    endloop
  endfacet
  facet normal 1 0 0
    outer loop
      vertex 0.259 0.184098039 0
      vertex 0.259 0.185594771 0
      vertex 0.259 0.185594771 0.003
    endloop
  endfacet
  facet normal 1 0 0
    outer loop
      vertex 0.259 0.184098039 0
      vertex 0.259 0.185594771 0.003
      vertex 0.259 0.184098039 0.003
    endloop
  endfacet
  facet normal 0 1 0
    outer loop
      vertex 0.259 0.185594771 0
      vertex 0.229514618 0.185594771 0
      vertex 0.229514618 0.185594771 0.003
    endloop
  endfacet
  facet normal 0 1 -0
    outer loop
      vertex 0.259 0.185594771 0
      vertex 0.229514618 0.185594771 0.003
      vertex 0.259 0.185594771 0.003
    endloop
  endfacet
  facet normal -1 0 0
    outer loop
      vertex 0.229514618 0.185594771 0
      vertex 0.229514618 0.184098039 0
      vertex 0.229514618 0.184098039 0.003
    endloop
  endfacet
  facet normal -1 0 0
    outer loop
      vertex 0.229514618 0.185594771 0
      vertex 0.229514618 0.184098039 0.003
      vertex 0.229514618 0.185594771 0.003
    endloop
  endfacet
  facet normal 0 0 -1
    outer loop
      vertex 0 0.185594771 0
      vertex 0.00499816867 0.187091503 0
      vertex 0.00499816867 0.185594771 0
    endloop
  endfacet
  facet normal 0 0 -1
    outer loop
      vertex 0 0.185594771 0
      vertex 0 0.187091503 0
      vertex 0.00499816867 0.187091503 0
    endloop
  endfacet
  facet normal 0 0 1
    outer loop
      vertex 0 0.185594771 0.003
      vertex 0.00499816867 0.185594771 0.003
      vertex 0.00499816867 0.187091503 0.003
    endloop
  endfacet
  facet normal 0 0 1
    outer loop
      vertex 0 0.185594771 0.003
      vertex 0.00499816867 0.187091503 0.003
      vertex 0 0.187091503 0.003
    endloop
  endfacet
  facet normal 0 -1 0
    outer loop
      vertex 0 0.185594771 0
      vertex 0.00499816867 0.185594771 0
      vertex 0.00499816867 0.185594771 0.003
    endloop
  endfacet
  facet normal 0 -1 0
    outer loop
      vertex 0 0.185594771 0
      vertex 0.00499816867 0.185594771 0.003
      vertex 0 0.185594771 0.003
    endloop
  endfacet
  facet normal 1 0 0
    outer loop
      vertex 0.00499816867 0.185594771 0
      vertex 0.00499816867 0.187091503 0
      vertex 0.00499816867 0.187091503 0.003
    endloop
  endfacet
  facet normal 1 0 0
    outer loop
      vertex 0.00499816867 0.185594771 0
      vertex 0.00499816867 0.187091503 0.003
      vertex 0.00499816867 0.185594771 0.003
    endloop
  endfacet
  facet normal 0 1 0
    outer loop
      vertex 0.00499816867 0.187091503 0
      vertex 0 0.187091503 0
      vertex 0 0.187091503 0.003
    endloop
  endfacet
  facet normal 0 1 -0
    outer loop
      vertex 0.00499816867 0.187091503 0
      vertex 0 0.187091503 0.003
      vertex 0.00499816867 0.187091503 0.003
    endloop
  endfacet
  facet normal -1 0 0
    outer loop
      vertex 0 0.187091503 0
      vertex 0 0.185594771 0
      vertex 0 0.185594771 0.003
    endloop
  endfacet
  facet normal -1 0 0
    outer loop
      vertex 0 0.187091503 0
      vertex 0 0.185594771 0.003
      vertex 0 0.187091503 0.003
    endloop
  endfacet
  facet normal 0 0 -1
    outer loop
      vertex 0.0185472859 0.185594771 0
      vertex 0.0520890778 0.187091503 0
      vertex 0.0520890778 0.185594771 0
    endloop
  endfacet
  facet normal 0 0 -1
    outer loop
      vertex 0.0185472859 0.185594771 0
      vertex 0.0185472859 0.187091503 0
      vertex 0.0520890778 0.187091503 0
    endloop
  endfacet
  facet normal 0 0 1
    outer loop
      vertex 0.0185472859 0.185594771 0.003
      vertex 0.0520890778 0.185594771 0.003
      vertex 0.0520890778 0.187091503 0.003
    endloop
  endfacet
  facet normal 0 0 1
    outer loop
      vertex 0.0185472859 0.185594771 0.003
      vertex 0.0520890778 0.187091503 0.003
      vertex 0.0185472859 0.187091503 0.003
    endloop
  endfacet
  facet normal 0 -1 0
    outer loop
      vertex 0.0185472859 0.185594771 0
      vertex 0.0520890778 0.185594771 0
      vertex 0.0520890778 0.185594771 0.003
    endloop
  endfacet
  facet normal 0 -1 0
    outer loop
      vertex 0.0185472859 0.185594771 0
      vertex 0.0520890778 0.185594771 0.003
      vertex 0.0185472859 0.185594771 0.003
    endloop
  endfacet
  facet normal 1 0 0
    outer loop
      vertex 0.0520890778 0.185594771 0
      vertex 0.0520890778 0.187091503 0
      vertex 0.0520890778 0.187091503 0.003
    endloop
  endfacet
  facet normal 1 0 0
    outer loop
      vertex 0.0520890778 0.185594771 0
      vertex 0.0520890778 0.187091503 0.003
      vertex 0.0520890778 0.185594771 0.003
    endloop
  endfacet
  facet normal 0 1 0
    outer loop
      vertex 0.0520890778 0.187091503 0
      vertex 0.0185472859 0.187091503 0
      vertex 0.0185472859 0.187091503 0.003
    endloop
  endfacet
  facet normal 0 1 -0
    outer loop
      vertex 0.0520890778 0.187091503 0
      vertex 0.0185472859 0.187091503 0.003
      vertex 0.0520890778 0.187091503 0.003
    endloop
  endfacet
  facet normal -1 0 0
    outer loop
      vertex 0.0185472859 0.187091503 0
      vertex 0.0185472859 0.185594771 0
      vertex 0.0185472859 0.185594771 0.003
    endloop
  endfacet
  facet normal -1 0 0
    outer loop
      vertex 0.0185472859 0.187091503 0
      vertex 0.0185472859 0.185594771 0.003
      vertex 0.0185472859 0.187091503 0.003
    endloop
  endfacet
  facet normal 0 0 -1
    outer loop
      vertex 0.065638195 0.185594771 0
      vertex 0.122725441 0.187091503 0
      vertex 0.122725441 0.185594771 0
    endloop
  endfacet
  facet normal 0 0 -1
    outer loop
      vertex 0.065638195 0.185594771 0
      vertex 0.065638195 0.187091503 0
      vertex 0.122725441 0.187091503 0
    endloop
  endfacet
  facet normal 0 0 1
    outer loop
      vertex 0.065638195 0.185594771 0.003
      vertex 0.122725441 0.185594771 0.003
      vertex 0.122725441 0.187091503 0.003
    endloop
  endfacet
  facet normal 0 0 1
    outer loop
      vertex 0.065638195 0.185594771 0.003
      vertex 0.122725441 0.187091503 0.003
      vertex 0.065638195 0.187091503 0.003
    endloop
  endfacet
  facet normal 0 -1 0
    outer loop
      vertex 0.065638195 0.185594771 0
      vertex 0.122725441 0.185594771 0
      vertex 0.122725441 0.185594771 0.003
    endloop
  endfacet
  facet normal 0 -1 0
    outer loop
      vertex 0.065638195 0.185594771 0
      vertex 0.122725441 0.185594771 0.003
      vertex 0.065638195 0.185594771 0.003
    endloop
  endfacet
  facet normal 1 0 0
    outer loop
      vertex 0.122725441 0.185594771 0
      vertex 0.122725441 0.187091503 0
      vertex 0.122725441 0.187091503 0.003
    endloop
  endfacet
  facet normal 1 0 0
    outer loop
      vertex 0.122725441 0.185594771 0
      vertex 0.122725441 0.187091503 0.003
      vertex 0.122725441 0.185594771 0.003
    endloop
  endfacet
  facet normal 0 1 0
    outer loop
      vertex 0.122725441 0.187091503 0
      vertex 0.065638195 0.187091503 0
      vertex 0.065638195 0.187091503 0.003
    endloop
  endfacet
  facet normal 0 1 -0
    outer loop
      vertex 0.122725441 0.187091503 0
      vertex 0.065638195 0.187091503 0.003
      vertex 0.122725441 0.187091503 0.003
    endloop
  endfacet
  facet normal -1 0 0
    outer loop
      vertex 0.065638195 0.187091503 0
      vertex 0.065638195 0.185594771 0
      vertex 0.065638195 0.185594771 0.003
    endloop
  endfacet
  facet normal -1 0 0
    outer loop
      vertex 0.065638195 0.187091503 0
      vertex 0.065638195 0.185594771 0.003
      vertex 0.065638195 0.187091503 0.003
    endloop
  endfacet
  facet normal 0 0 -1
    outer loop
      vertex 0.136274559 0.185594771 0
      vertex 0.16981635 0.187091503 0
      vertex 0.16981635 0.185594771 0
    endloop
  endfacet
  facet normal 0 0 -1
    outer loop
      vertex 0.136274559 0.185594771 0
      vertex 0.136274559 0.187091503 0
      vertex 0.16981635 0.187091503 0
    endloop
  endfacet
  facet normal 0 0 1
    outer loop
      vertex 0.136274559 0.185594771 0.003
      vertex 0.16981635 0.185594771 0.003
      vertex 0.16981635 0.187091503 0.003
    endloop
  endfacet
  facet normal 0 0 1
    outer loop
      vertex 0.136274559 0.185594771 0.003
      vertex 0.16981635 0.187091503 0.003
      vertex 0.136274559 0.187091503 0.003
    endloop
  endfacet
  facet normal 0 -1 0
    outer loop
      vertex 0.136274559 0.185594771 0
      vertex 0.16981635 0.185594771 0
      vertex 0.16981635 0.185594771 0.003
    endloop
  endfacet
  facet normal 0 -1 0
    outer loop
      vertex 0.136274559 0.185594771 0
      vertex 0.16981635 0.185594771 0.003
      vertex 0.136274559 0.185594771 0.003
    endloop
  endfacet
  facet normal 1 0 0
    outer loop
      vertex 0.16981635 0.185594771 0
      vertex 0.16981635 0.187091503 0
      vertex 0.16981635 0.187091503 0.003
    endloop
  endfacet
  facet normal 1 0 0
    outer loop
      vertex 0.16981635 0.185594771 0
      vertex 0.16981635 0.187091503 0.003
      vertex 0.16981635 0.185594771 0.003
    endloop
  endfacet
  facet normal 0 1 0
    outer loop
      vertex 0.16981635 0.187091503 0
      vertex 0.136274559 0.187091503 0
      vertex 0.136274559 0.187091503 0.003
    endloop
  endfacet
  facet normal 0 1 -0
    outer loop
      vertex 0.16981635 0.187091503 0
      vertex 0.136274559 0.187091503 0.003
      vertex 0.16981635 0.187091503 0.003
    endloop
  endfacet
  facet normal -1 0 0
    outer loop
      vertex 0.136274559 0.187091503 0
      vertex 0.136274559 0.185594771 0
      vertex 0.136274559 0.185594771 0.003
    endloop
  endfacet
  facet normal -1 0 0
    outer loop
      vertex 0.136274559 0.187091503 0
      vertex 0.136274559 0.185594771 0.003
      vertex 0.136274559 0.187091503 0.003
    endloop
  endfacet
  facet normal 0 0 -1
    outer loop
      vertex 0.183365468 0.185594771 0
      vertex 0.21690726 0.187091503 0
      vertex 0.21690726 0.185594771 0
    endloop
  endfacet
  facet normal 0 0 -1
    outer loop
      vertex 0.183365468 0.185594771 0
      vertex 0.183365468 0.187091503 0
      vertex 0.21690726 0.187091503 0
    endloop
  endfacet
  facet normal 0 0 1
    outer loop
      vertex 0.183365468 0.185594771 0.003
      vertex 0.21690726 0.185594771 0.003
      vertex 0.21690726 0.187091503 0.003
    endloop
  endfacet
  facet normal 0 0 1
    outer loop
      vertex 0.183365468 0.185594771 0.003
      vertex 0.21690726 0.187091503 0.003
      vertex 0.183365468 0.187091503 0.003
    endloop
  endfacet
  facet normal 0 -1 0
    outer loop
      vertex 0.183365468 0.185594771 0
      vertex 0.21690726 0.185594771 0
      vertex 0.21690726 0.185594771 0.003
    endloop
  endfacet
  facet normal 0 -1 0
    outer loop
      vertex 0.183365468 0.185594771 0
      vertex 0.21690726 0.185594771 0.003
      vertex 0.183365468 0.185594771 0.003
    endloop
  endfacet
  facet normal 1 0 0
    outer loop
      vertex 0.21690726 0.185594771 0
      vertex 0.21690726 0.187091503 0
      vertex 0.21690726 0.187091503 0.003
    endloop
  endfacet
  facet normal 1 0 0
    outer loop
      vertex 0.21690726 0.185594771 0
      vertex 0.21690726 0.187091503 0.003
      vertex 0.21690726 0.185594771 0.003
    endloop
  endfacet
  facet normal 0 1 0
    outer loop
      vertex 0.21690726 0.187091503 0
      vertex 0.183365468 0.187091503 0
      vertex 0.183365468 0.187091503 0.003
    endloop
  endfacet
  facet normal 0 1 -0
    outer loop
      vertex 0.21690726 0.187091503 0
      vertex 0.183365468 0.187091503 0.003
      vertex 0.21690726 0.187091503 0.003
    endloop
  endfacet
  facet normal -1 0 0
    outer loop
      vertex 0.183365468 0.187091503 0
      vertex 0.183365468 0.185594771 0
      vertex 0.183365468 0.185594771 0.003
    endloop
  endfacet
  facet normal -1 0 0
    outer loop
      vertex 0.183365468 0.187091503 0
      vertex 0.183365468 0.185594771 0.003
      vertex 0.183365468 0.187091503 0.003
    endloop
  endfacet
  facet normal 0 0 -1
    outer loop
      vertex 0.230456377 0.185594771 0
      vertex 0.259 0.187091503 0
      vertex 0.259 0.185594771 0
    endloop
  endfacet
  facet normal 0 0 -1
    outer loop
      vertex 0.230456377 0.185594771 0
      vertex 0.230456377 0.187091503 0
      vertex 0.259 0.187091503 0
    endloop
  endfacet
  facet normal 0 0 1
    outer loop
      vertex 0.230456377 0.185594771 0.003
      vertex 0.259 0.185594771 0.003
      vertex 0.259 0.187091503 0.003
    endloop
  endfacet
  facet normal 0 0 1
    outer loop
      vertex 0.230456377 0.185594771 0.003
      vertex 0.259 0.187091503 0.003
      vertex 0.230456377 0.187091503 0.003
    endloop
  endfacet
  facet normal 0 -1 0
    outer loop
      vertex 0.230456377 0.185594771 0
      vertex 0.259 0.185594771 0
      vertex 0.259 0.185594771 0.003
    endloop
  endfacet
  facet normal 0 -1 0
    outer loop
      vertex 0.230456377 0.185594771 0
      vertex 0.259 0.185594771 0.003
      vertex 0.230456377 0.185594771 0.003
    endloop
  endfacet
  facet normal 1 0 0
    outer loop
      vertex 0.259 0.185594771 0
      vertex 0.259 0.187091503 0
      vertex 0.259 0.187091503 0.003
    endloop
  endfacet
  facet normal 1 0 0
    outer loop
      vertex 0.259 0.185594771 0
      vertex 0.259 0.187091503 0.003
      vertex 0.259 0.185594771 0.003
    endloop
  endfacet
  facet normal 0 1 0
    outer loop
      vertex 0.259 0.187091503 0
      vertex 0.230456377 0.187091503 0
      vertex 0.230456377 0.187091503 0.003
    endloop
  endfacet
  facet normal 0 1 -0
    outer loop
      vertex 0.259 0.187091503 0
      vertex 0.230456377 0.187091503 0.003
      vertex 0.259 0.187091503 0.003
    endloop
  endfacet
  facet normal -1 0 0
    outer loop
      vertex 0.230456377 0.187091503 0
      vertex 0.230456377 0.185594771 0
      vertex 0.230456377 0.185594771 0.003
    endloop
  endfacet
  facet normal -1 0 0
    outer loop
      vertex 0.230456377 0.187091503 0
      vertex 0.230456377 0.185594771 0.003
      vertex 0.230456377 0.187091503 0.003
    endloop
  endfacet
  facet normal 0 0 -1
    outer loop
      vertex 0 0.187091503 0
      vertex 0.00447291039 0.188588235 0
      vertex 0.00447291039 0.187091503 0
    endloop
  endfacet
  facet normal 0 0 -1
    outer loop
      vertex 0 0.187091503 0
      vertex 0 0.188588235 0
      vertex 0.00447291039 0.188588235 0
    endloop
  endfacet
  facet normal 0 0 1
    outer loop
      vertex 0 0.187091503 0.003
      vertex 0.00447291039 0.187091503 0.003
      vertex 0.00447291039 0.188588235 0.003
    endloop
  endfacet
  facet normal 0 0 1
    outer loop
      vertex 0 0.187091503 0.003
      vertex 0.00447291039 0.188588235 0.003
      vertex 0 0.188588235 0.003
    endloop
  endfacet
  facet normal 0 -1 0
    outer loop
      vertex 0 0.187091503 0
      vertex 0.00447291039 0.187091503 0
      vertex 0.00447291039 0.187091503 0.003
    endloop
  endfacet
  facet normal 0 -1 0
    outer loop
      vertex 0 0.187091503 0
      vertex 0.00447291039 0.187091503 0.003
      vertex 0 0.187091503 0.003
    endloop
  endfacet
  facet normal 1 0 0
    outer loop
      vertex 0.00447291039 0.187091503 0
      vertex 0.00447291039 0.188588235 0
      vertex 0.00447291039 0.188588235 0.003
    endloop
  endfacet
  facet normal 1 0 0
    outer loop
      vertex 0.00447291039 0.187091503 0
      vertex 0.00447291039 0.188588235 0.003
      vertex 0.00447291039 0.187091503 0.003
    endloop
  endfacet
  facet normal 0 1 0
    outer loop
      vertex 0.00447291039 0.188588235 0
      vertex 0 0.188588235 0
      vertex 0 0.188588235 0.003
    endloop
  endfacet
  facet normal 0 1 -0
    outer loop
      vertex 0.00447291039 0.188588235 0
      vertex 0 0.188588235 0.003
      vertex 0.00447291039 0.188588235 0.003
    endloop
  endfacet
  facet normal -1 0 0
    outer loop
      vertex 0 0.188588235 0
      vertex 0 0.187091503 0
      vertex 0 0.187091503 0.003
    endloop
  endfacet
  facet normal -1 0 0
    outer loop
      vertex 0 0.188588235 0
      vertex 0 0.187091503 0.003
      vertex 0 0.188588235 0.003
    endloop
  endfacet
  facet normal 0 0 -1
    outer loop
      vertex 0.0190725442 0.187091503 0
      vertex 0.0515638195 0.188588235 0
      vertex 0.0515638195 0.187091503 0
    endloop
  endfacet
  facet normal 0 0 -1
    outer loop
      vertex 0.0190725442 0.187091503 0
      vertex 0.0190725442 0.188588235 0
      vertex 0.0515638195 0.188588235 0
    endloop
  endfacet
  facet normal 0 0 1
    outer loop
      vertex 0.0190725442 0.187091503 0.003
      vertex 0.0515638195 0.187091503 0.003
      vertex 0.0515638195 0.188588235 0.003
    endloop
  endfacet
  facet normal 0 0 1
    outer loop
      vertex 0.0190725442 0.187091503 0.003
      vertex 0.0515638195 0.188588235 0.003
      vertex 0.0190725442 0.188588235 0.003
    endloop
  endfacet
  facet normal 0 -1 0
    outer loop
      vertex 0.0190725442 0.187091503 0
      vertex 0.0515638195 0.187091503 0
      vertex 0.0515638195 0.187091503 0.003
    endloop
  endfacet
  facet normal 0 -1 0
    outer loop
      vertex 0.0190725442 0.187091503 0
      vertex 0.0515638195 0.187091503 0.003
      vertex 0.0190725442 0.187091503 0.003
    endloop
  endfacet
  facet normal 1 0 0
    outer loop
      vertex 0.0515638195 0.187091503 0
      vertex 0.0515638195 0.188588235 0
      vertex 0.0515638195 0.188588235 0.003
    endloop
  endfacet
  facet normal 1 0 0
    outer loop
      vertex 0.0515638195 0.187091503 0
      vertex 0.0515638195 0.188588235 0.003
      vertex 0.0515638195 0.187091503 0.003
    endloop
  endfacet
  facet normal 0 1 0
    outer loop
      vertex 0.0515638195 0.188588235 0
      vertex 0.0190725442 0.188588235 0
      vertex 0.0190725442 0.188588235 0.003
    endloop
  endfacet
  facet normal 0 1 -0
    outer loop
      vertex 0.0515638195 0.188588235 0
      vertex 0.0190725442 0.188588235 0.003
      vertex 0.0515638195 0.188588235 0.003
    endloop
  endfacet
  facet normal -1 0 0
    outer loop
      vertex 0.0190725442 0.188588235 0
      vertex 0.0190725442 0.187091503 0
      vertex 0.0190725442 0.187091503 0.003
    endloop
  endfacet
  facet normal -1 0 0
    outer loop
      vertex 0.0190725442 0.188588235 0
      vertex 0.0190725442 0.187091503 0.003
      vertex 0.0190725442 0.188588235 0.003
    endloop
  endfacet
  facet normal 0 0 -1
    outer loop
      vertex 0.0661634532 0.187091503 0
      vertex 0.122200183 0.188588235 0
      vertex 0.122200183 0.187091503 0
    endloop
  endfacet
  facet normal 0 0 -1
    outer loop
      vertex 0.0661634532 0.187091503 0
      vertex 0.0661634532 0.188588235 0
      vertex 0.122200183 0.188588235 0
    endloop
  endfacet
  facet normal 0 0 1
    outer loop
      vertex 0.0661634532 0.187091503 0.003
      vertex 0.122200183 0.187091503 0.003
      vertex 0.122200183 0.188588235 0.003
    endloop
  endfacet
  facet normal 0 0 1
    outer loop
      vertex 0.0661634532 0.187091503 0.003
      vertex 0.122200183 0.188588235 0.003
      vertex 0.0661634532 0.188588235 0.003
    endloop
  endfacet
  facet normal 0 -1 0
    outer loop
      vertex 0.0661634532 0.187091503 0
      vertex 0.122200183 0.187091503 0
      vertex 0.122200183 0.187091503 0.003
    endloop
  endfacet
  facet normal 0 -1 0
    outer loop
      vertex 0.0661634532 0.187091503 0
      vertex 0.122200183 0.187091503 0.003
      vertex 0.0661634532 0.187091503 0.003
    endloop
  endfacet
  facet normal 1 0 0
    outer loop
      vertex 0.122200183 0.187091503 0
      vertex 0.122200183 0.188588235 0
      vertex 0.122200183 0.188588235 0.003
    endloop
  endfacet
  facet normal 1 0 0
    outer loop
      vertex 0.122200183 0.187091503 0
      vertex 0.122200183 0.188588235 0.003
      vertex 0.122200183 0.187091503 0.003
    endloop
  endfacet
  facet normal 0 1 0
    outer loop
      vertex 0.122200183 0.188588235 0
      vertex 0.0661634532 0.188588235 0
      vertex 0.0661634532 0.188588235 0.003
    endloop
  endfacet
  facet normal 0 1 -0
    outer loop
      vertex 0.122200183 0.188588235 0
      vertex 0.0661634532 0.188588235 0.003
      vertex 0.122200183 0.188588235 0.003
    endloop
  endfacet
  facet normal -1 0 0
    outer loop
      vertex 0.0661634532 0.188588235 0
      vertex 0.0661634532 0.187091503 0
      vertex 0.0661634532 0.187091503 0.003
    endloop
  endfacet
  facet normal -1 0 0
    outer loop
      vertex 0.0661634532 0.188588235 0
      vertex 0.0661634532 0.187091503 0.003
      vertex 0.0661634532 0.188588235 0.003
    endloop
  endfacet
  facet normal 0 0 -1
    outer loop
      vertex 0.136799817 0.187091503 0
      vertex 0.169291092 0.188588235 0
      vertex 0.169291092 0.187091503 0
    endloop
  endfacet
  facet normal 0 0 -1
    outer loop
      vertex 0.136799817 0.187091503 0
      vertex 0.136799817 0.188588235 0
      vertex 0.169291092 0.188588235 0
    endloop
  endfacet
  facet normal 0 0 1
    outer loop
      vertex 0.136799817 0.187091503 0.003
      vertex 0.169291092 0.187091503 0.003
      vertex 0.169291092 0.188588235 0.003
    endloop
  endfacet
  facet normal 0 0 1
    outer loop
      vertex 0.136799817 0.187091503 0.003
      vertex 0.169291092 0.188588235 0.003
      vertex 0.136799817 0.188588235 0.003
    endloop
  endfacet
  facet normal 0 -1 0
    outer loop
      vertex 0.136799817 0.187091503 0
      vertex 0.169291092 0.187091503 0
      vertex 0.169291092 0.187091503 0.003
    endloop
  endfacet
  facet normal 0 -1 0
    outer loop
      vertex 0.136799817 0.187091503 0
      vertex 0.169291092 0.187091503 0.003
      vertex 0.136799817 0.187091503 0.003
    endloop
  endfacet
  facet normal 1 0 0
    outer loop
      vertex 0.169291092 0.187091503 0
      vertex 0.169291092 0.188588235 0
      vertex 0.169291092 0.188588235 0.003
    endloop
  endfacet
  facet normal 1 0 0
    outer loop
      vertex 0.169291092 0.187091503 0
      vertex 0.169291092 0.188588235 0.003
      vertex 0.169291092 0.187091503 0.003
    endloop
  endfacet
  facet normal 0 1 0
    outer loop
      vertex 0.169291092 0.188588235 0
      vertex 0.136799817 0.188588235 0
      vertex 0.136799817 0.188588235 0.003
    endloop
  endfacet
  facet normal 0 1 -0
    outer loop
      vertex 0.169291092 0.188588235 0
      vertex 0.136799817 0.188588235 0.003
      vertex 0.169291092 0.188588235 0.003
    endloop
  endfacet
  facet normal -1 0 0
    outer loop
      vertex 0.136799817 0.188588235 0
      vertex 0.136799817 0.187091503 0
      vertex 0.136799817 0.187091503 0.003
    endloop
  endfacet
  facet normal -1 0 0
    outer loop
      vertex 0.136799817 0.188588235 0
      vertex 0.136799817 0.187091503 0.003
      vertex 0.136799817 0.188588235 0.003
    endloop
  endfacet
  facet normal 0 0 -1
    outer loop
      vertex 0.183890726 0.187091503 0
      vertex 0.216382001 0.188588235 0
      vertex 0.216382001 0.187091503 0
    endloop
  endfacet
  facet normal 0 0 -1
    outer loop
      vertex 0.183890726 0.187091503 0
      vertex 0.183890726 0.188588235 0
      vertex 0.216382001 0.188588235 0
    endloop
  endfacet
  facet normal 0 0 1
    outer loop
      vertex 0.183890726 0.187091503 0.003
      vertex 0.216382001 0.187091503 0.003
      vertex 0.216382001 0.188588235 0.003
    endloop
  endfacet
  facet normal 0 0 1
    outer loop
      vertex 0.183890726 0.187091503 0.003
      vertex 0.216382001 0.188588235 0.003
      vertex 0.183890726 0.188588235 0.003
    endloop
  endfacet
  facet normal 0 -1 0
    outer loop
      vertex 0.183890726 0.187091503 0
      vertex 0.216382001 0.187091503 0
      vertex 0.216382001 0.187091503 0.003
    endloop
  endfacet
  facet normal 0 -1 0
    outer loop
      vertex 0.183890726 0.187091503 0
      vertex 0.216382001 0.187091503 0.003
      vertex 0.183890726 0.187091503 0.003
    endloop
  endfacet
  facet normal 1 0 0
    outer loop
      vertex 0.216382001 0.187091503 0
      vertex 0.216382001 0.188588235 0
      vertex 0.216382001 0.188588235 0.003
    endloop
  endfacet
  facet normal 1 0 0
    outer loop
      vertex 0.216382001 0.187091503 0
      vertex 0.216382001 0.188588235 0.003
      vertex 0.216382001 0.187091503 0.003
    endloop
  endfacet
  facet normal 0 1 0
    outer loop
      vertex 0.216382001 0.188588235 0
      vertex 0.183890726 0.188588235 0
      vertex 0.183890726 0.188588235 0.003
    endloop
  endfacet
  facet normal 0 1 -0
    outer loop
      vertex 0.216382001 0.188588235 0
      vertex 0.183890726 0.188588235 0.003
      vertex 0.216382001 0.188588235 0.003
    endloop
  endfacet
  facet normal -1 0 0
    outer loop
      vertex 0.183890726 0.188588235 0
      vertex 0.183890726 0.187091503 0
      vertex 0.183890726 0.187091503 0.003
    endloop
  endfacet
  facet normal -1 0 0
    outer loop
      vertex 0.183890726 0.188588235 0
      vertex 0.183890726 0.187091503 0.003
      vertex 0.183890726 0.188588235 0.003
    endloop
  endfacet
  facet normal 0 0 -1
    outer loop
      vertex 0.230981635 0.187091503 0
      vertex 0.259 0.188588235 0
      vertex 0.259 0.187091503 0
    endloop
  endfacet
  facet normal 0 0 -1
    outer loop
      vertex 0.230981635 0.187091503 0
      vertex 0.230981635 0.188588235 0
      vertex 0.259 0.188588235 0
    endloop
  endfacet
  facet normal 0 0 1
    outer loop
      vertex 0.230981635 0.187091503 0.003
      vertex 0.259 0.187091503 0.003
      vertex 0.259 0.188588235 0.003
    endloop
  endfacet
  facet normal 0 0 1
    outer loop
      vertex 0.230981635 0.187091503 0.003
      vertex 0.259 0.188588235 0.003
      vertex 0.230981635 0.188588235 0.003
    endloop
  endfacet
  facet normal 0 -1 0
    outer loop
      vertex 0.230981635 0.187091503 0
      vertex 0.259 0.187091503 0
      vertex 0.259 0.187091503 0.003
    endloop
  endfacet
  facet normal 0 -1 0
    outer loop
      vertex 0.230981635 0.187091503 0
      vertex 0.259 0.187091503 0.003
      vertex 0.230981635 0.187091503 0.003
    endloop
  endfacet
  facet normal 1 0 0
    outer loop
      vertex 0.259 0.187091503 0
      vertex 0.259 0.188588235 0
      vertex 0.259 0.188588235 0.003
    endloop
  endfacet
  facet normal 1 0 0
    outer loop
      vertex 0.259 0.187091503 0
      vertex 0.259 0.188588235 0.003
      vertex 0.259 0.187091503 0.003
    endloop
  endfacet
  facet normal 0 1 0
    outer loop
      vertex 0.259 0.188588235 0
      vertex 0.230981635 0.188588235 0
      vertex 0.230981635 0.188588235 0.003
    endloop
  endfacet
  facet normal 0 1 -0
    outer loop
      vertex 0.259 0.188588235 0
      vertex 0.230981635 0.188588235 0.003
      vertex 0.259 0.188588235 0.003
    endloop
  endfacet
  facet normal -1 0 0
    outer loop
      vertex 0.230981635 0.188588235 0
      vertex 0.230981635 0.187091503 0
      vertex 0.230981635 0.187091503 0.003
    endloop
  endfacet
  facet normal -1 0 0
    outer loop
      vertex 0.230981635 0.188588235 0
      vertex 0.230981635 0.187091503 0.003
      vertex 0.230981635 0.188588235 0.003
    endloop
  endfacet
  facet normal 0 0 -1
    outer loop
      vertex 0 0.188588235 0
      vertex 0.00427608834 0.190084967 0
      vertex 0.00427608834 0.188588235 0
    endloop
  endfacet
  facet normal 0 0 -1
    outer loop
      vertex 0 0.188588235 0
      vertex 0 0.190084967 0
      vertex 0.00427608834 0.190084967 0
    endloop
  endfacet
  facet normal 0 0 1
    outer loop
      vertex 0 0.188588235 0.003
      vertex 0.00427608834 0.188588235 0.003
      vertex 0.00427608834 0.190084967 0.003
    endloop
  endfacet
  facet normal 0 0 1
    outer loop
      vertex 0 0.188588235 0.003
      vertex 0.00427608834 0.190084967 0.003
      vertex 0 0.190084967 0.003
    endloop
  endfacet
  facet normal 0 -1 0
    outer loop
      vertex 0 0.188588235 0
      vertex 0.00427608834 0.188588235 0
      vertex 0.00427608834 0.188588235 0.003
    endloop
  endfacet
  facet normal 0 -1 0
    outer loop
      vertex 0 0.188588235 0
      vertex 0.00427608834 0.188588235 0.003
      vertex 0 0.188588235 0.003
    endloop
  endfacet
  facet normal 1 0 0
    outer loop
      vertex 0.00427608834 0.188588235 0
      vertex 0.00427608834 0.190084967 0
      vertex 0.00427608834 0.190084967 0.003
    endloop
  endfacet
  facet normal 1 0 0
    outer loop
      vertex 0.00427608834 0.188588235 0
      vertex 0.00427608834 0.190084967 0.003
      vertex 0.00427608834 0.188588235 0.003
    endloop
  endfacet
  facet normal 0 1 0
    outer loop
      vertex 0.00427608834 0.190084967 0
      vertex 0 0.190084967 0
      vertex 0 0.190084967 0.003
    endloop
  endfacet
  facet normal 0 1 -0
    outer loop
      vertex 0.00427608834 0.190084967 0
      vertex 0 0.190084967 0.003
      vertex 0.00427608834 0.190084967 0.003
    endloop
  endfacet
  facet normal -1 0 0
    outer loop
      vertex 0 0.190084967 0
      vertex 0 0.188588235 0
      vertex 0 0.188588235 0.003
    endloop
  endfacet
  facet normal -1 0 0
    outer loop
      vertex 0 0.190084967 0
      vertex 0 0.188588235 0.003
      vertex 0 0.190084967 0.003
    endloop
  endfacet
  facet normal 0 0 -1
    outer loop
      vertex 0.0192693662 0.188588235 0
      vertex 0.0513669974 0.190084967 0
      vertex 0.0513669974 0.188588235 0
    endloop
  endfacet
  facet normal 0 0 -1
    outer loop
      vertex 0.0192693662 0.188588235 0
      vertex 0.0192693662 0.190084967 0
      vertex 0.0513669974 0.190084967 0
    endloop
  endfacet
  facet normal 0 0 1
    outer loop
      vertex 0.0192693662 0.188588235 0.003
      vertex 0.0513669974 0.188588235 0.003
      vertex 0.0513669974 0.190084967 0.003
    endloop
  endfacet
  facet normal 0 0 1
    outer loop
      vertex 0.0192693662 0.188588235 0.003
      vertex 0.0513669974 0.190084967 0.003
      vertex 0.0192693662 0.190084967 0.003
    endloop
  endfacet
  facet normal 0 -1 0
    outer loop
      vertex 0.0192693662 0.188588235 0
      vertex 0.0513669974 0.188588235 0
      vertex 0.0513669974 0.188588235 0.003
    endloop
  endfacet
  facet normal 0 -1 0
    outer loop
      vertex 0.0192693662 0.188588235 0
      vertex 0.0513669974 0.188588235 0.003
      vertex 0.0192693662 0.188588235 0.003
    endloop
  endfacet
  facet normal 1 0 0
    outer loop
      vertex 0.0513669974 0.188588235 0
      vertex 0.0513669974 0.190084967 0
      vertex 0.0513669974 0.190084967 0.003
    endloop
  endfacet
  facet normal 1 0 0
    outer loop
      vertex 0.0513669974 0.188588235 0
      vertex 0.0513669974 0.190084967 0.003
      vertex 0.0513669974 0.188588235 0.003
    endloop
  endfacet
  facet normal 0 1 0
    outer loop
      vertex 0.0513669974 0.190084967 0
      vertex 0.0192693662 0.190084967 0
      vertex 0.0192693662 0.190084967 0.003
    endloop
  endfacet
  facet normal 0 1 -0
    outer loop
      vertex 0.0513669974 0.190084967 0
      vertex 0.0192693662 0.190084967 0.003
      vertex 0.0513669974 0.190084967 0.003
    endloop
  endfacet
  facet normal -1 0 0
    outer loop
      vertex 0.0192693662 0.190084967 0
      vertex 0.0192693662 0.188588235 0
      vertex 0.0192693662 0.188588235 0.003
    endloop
  endfacet
  facet normal -1 0 0
    outer loop
      vertex 0.0192693662 0.190084967 0
      vertex 0.0192693662 0.188588235 0.003
      vertex 0.0192693662 0.190084967 0.003
    endloop
  endfacet
  facet normal 0 0 -1
    outer loop
      vertex 0.0663602753 0.188588235 0
      vertex 0.122003361 0.190084967 0
      vertex 0.122003361 0.188588235 0
    endloop
  endfacet
  facet normal 0 0 -1
    outer loop
      vertex 0.0663602753 0.188588235 0
      vertex 0.0663602753 0.190084967 0
      vertex 0.122003361 0.190084967 0
    endloop
  endfacet
  facet normal 0 0 1
    outer loop
      vertex 0.0663602753 0.188588235 0.003
      vertex 0.122003361 0.188588235 0.003
      vertex 0.122003361 0.190084967 0.003
    endloop
  endfacet
  facet normal 0 0 1
    outer loop
      vertex 0.0663602753 0.188588235 0.003
      vertex 0.122003361 0.190084967 0.003
      vertex 0.0663602753 0.190084967 0.003
    endloop
  endfacet
  facet normal 0 -1 0
    outer loop
      vertex 0.0663602753 0.188588235 0
      vertex 0.122003361 0.188588235 0
      vertex 0.122003361 0.188588235 0.003
    endloop
  endfacet
  facet normal 0 -1 0
    outer loop
      vertex 0.0663602753 0.188588235 0
      vertex 0.122003361 0.188588235 0.003
      vertex 0.0663602753 0.188588235 0.003
    endloop
  endfacet
  facet normal 1 0 0
    outer loop
      vertex 0.122003361 0.188588235 0
      vertex 0.122003361 0.190084967 0
      vertex 0.122003361 0.190084967 0.003
    endloop
  endfacet
  facet normal 1 0 0
    outer loop
      vertex 0.122003361 0.188588235 0
      vertex 0.122003361 0.190084967 0.003
      vertex 0.122003361 0.188588235 0.003
    endloop
  endfacet
  facet normal 0 1 0
    outer loop
      vertex 0.122003361 0.190084967 0
      vertex 0.0663602753 0.190084967 0
      vertex 0.0663602753 0.190084967 0.003
    endloop
  endfacet
  facet normal 0 1 -0
    outer loop
      vertex 0.122003361 0.190084967 0
      vertex 0.0663602753 0.190084967 0.003
      vertex 0.122003361 0.190084967 0.003
    endloop
  endfacet
  facet normal -1 0 0
    outer loop
      vertex 0.0663602753 0.190084967 0
      vertex 0.0663602753 0.188588235 0
      vertex 0.0663602753 0.188588235 0.003
    endloop
  endfacet
  facet normal -1 0 0
    outer loop
      vertex 0.0663602753 0.190084967 0
      vertex 0.0663602753 0.188588235 0.003
      vertex 0.0663602753 0.190084967 0.003
    endloop
  endfacet
  facet normal 0 0 -1
    outer loop
      vertex 0.136996639 0.188588235 0
      vertex 0.16909427 0.190084967 0
      vertex 0.16909427 0.188588235 0
    endloop
  endfacet
  facet normal 0 0 -1
    outer loop
      vertex 0.136996639 0.188588235 0
      vertex 0.136996639 0.190084967 0
      vertex 0.16909427 0.190084967 0
    endloop
  endfacet
  facet normal 0 0 1
    outer loop
      vertex 0.136996639 0.188588235 0.003
      vertex 0.16909427 0.188588235 0.003
      vertex 0.16909427 0.190084967 0.003
    endloop
  endfacet
  facet normal 0 0 1
    outer loop
      vertex 0.136996639 0.188588235 0.003
      vertex 0.16909427 0.190084967 0.003
      vertex 0.136996639 0.190084967 0.003
    endloop
  endfacet
  facet normal 0 -1 0
    outer loop
      vertex 0.136996639 0.188588235 0
      vertex 0.16909427 0.188588235 0
      vertex 0.16909427 0.188588235 0.003
    endloop
  endfacet
  facet normal 0 -1 0
    outer loop
      vertex 0.136996639 0.188588235 0
      vertex 0.16909427 0.188588235 0.003
      vertex 0.136996639 0.188588235 0.003
    endloop
  endfacet
  facet normal 1 0 0
    outer loop
      vertex 0.16909427 0.188588235 0
      vertex 0.16909427 0.190084967 0
      vertex 0.16909427 0.190084967 0.003
    endloop
  endfacet
  facet normal 1 0 0
    outer loop
      vertex 0.16909427 0.188588235 0
      vertex 0.16909427 0.190084967 0.003
      vertex 0.16909427 0.188588235 0.003
    endloop
  endfacet
  facet normal 0 1 0
    outer loop
      vertex 0.16909427 0.190084967 0
      vertex 0.136996639 0.190084967 0
      vertex 0.136996639 0.190084967 0.003
    endloop
  endfacet
  facet normal 0 1 -0
    outer loop
      vertex 0.16909427 0.190084967 0
      vertex 0.136996639 0.190084967 0.003
      vertex 0.16909427 0.190084967 0.003
    endloop
  endfacet
  facet normal -1 0 0
    outer loop
      vertex 0.136996639 0.190084967 0
      vertex 0.136996639 0.188588235 0
      vertex 0.136996639 0.188588235 0.003
    endloop
  endfacet
  facet normal -1 0 0
    outer loop
      vertex 0.136996639 0.190084967 0
      vertex 0.136996639 0.188588235 0.003
      vertex 0.136996639 0.190084967 0.003
    endloop
  endfacet
  facet normal 0 0 -1
    outer loop
      vertex 0.184087548 0.188588235 0
      vertex 0.216185179 0.190084967 0
      vertex 0.216185179 0.188588235 0
    endloop
  endfacet
  facet normal 0 0 -1
    outer loop
      vertex 0.184087548 0.188588235 0
      vertex 0.184087548 0.190084967 0
      vertex 0.216185179 0.190084967 0
    endloop
  endfacet
  facet normal 0 0 1
    outer loop
      vertex 0.184087548 0.188588235 0.003
      vertex 0.216185179 0.188588235 0.003
      vertex 0.216185179 0.190084967 0.003
    endloop
  endfacet
  facet normal 0 0 1
    outer loop
      vertex 0.184087548 0.188588235 0.003
      vertex 0.216185179 0.190084967 0.003
      vertex 0.184087548 0.190084967 0.003
    endloop
  endfacet
  facet normal 0 -1 0
    outer loop
      vertex 0.184087548 0.188588235 0
      vertex 0.216185179 0.188588235 0
      vertex 0.216185179 0.188588235 0.003
    endloop
  endfacet
  facet normal 0 -1 0
    outer loop
      vertex 0.184087548 0.188588235 0
      vertex 0.216185179 0.188588235 0.003
      vertex 0.184087548 0.188588235 0.003
    endloop
  endfacet
  facet normal 1 0 0
    outer loop
      vertex 0.216185179 0.188588235 0
      vertex 0.216185179 0.190084967 0
      vertex 0.216185179 0.190084967 0.003
    endloop
  endfacet
  facet normal 1 0 0
    outer loop
      vertex 0.216185179 0.188588235 0
      vertex 0.216185179 0.190084967 0.003
      vertex 0.216185179 0.188588235 0.003
    endloop
  endfacet
  facet normal 0 1 0
    outer loop
      vertex 0.216185179 0.190084967 0
      vertex 0.184087548 0.190084967 0
      vertex 0.184087548 0.190084967 0.003
    endloop
  endfacet
  facet normal 0 1 -0
    outer loop
      vertex 0.216185179 0.190084967 0
      vertex 0.184087548 0.190084967 0.003
      vertex 0.216185179 0.190084967 0.003
    endloop
  endfacet
  facet normal -1 0 0
    outer loop
      vertex 0.184087548 0.190084967 0
      vertex 0.184087548 0.188588235 0
      vertex 0.184087548 0.188588235 0.003
    endloop
  endfacet
  facet normal -1 0 0
    outer loop
      vertex 0.184087548 0.190084967 0
      vertex 0.184087548 0.188588235 0.003
      vertex 0.184087548 0.190084967 0.003
    endloop
  endfacet
  facet normal 0 0 -1
    outer loop
      vertex 0.231178457 0.188588235 0
      vertex 0.259 0.190084967 0
      vertex 0.259 0.188588235 0
    endloop
  endfacet
  facet normal 0 0 -1
    outer loop
      vertex 0.231178457 0.188588235 0
      vertex 0.231178457 0.190084967 0
      vertex 0.259 0.190084967 0
    endloop
  endfacet
  facet normal 0 0 1
    outer loop
      vertex 0.231178457 0.188588235 0.003
      vertex 0.259 0.188588235 0.003
      vertex 0.259 0.190084967 0.003
    endloop
  endfacet
  facet normal 0 0 1
    outer loop
      vertex 0.231178457 0.188588235 0.003
      vertex 0.259 0.190084967 0.003
      vertex 0.231178457 0.190084967 0.003
    endloop
  endfacet
  facet normal 0 -1 0
    outer loop
      vertex 0.231178457 0.188588235 0
      vertex 0.259 0.188588235 0
      vertex 0.259 0.188588235 0.003
    endloop
  endfacet
  facet normal 0 -1 0
    outer loop
      vertex 0.231178457 0.188588235 0
      vertex 0.259 0.188588235 0.003
      vertex 0.231178457 0.188588235 0.003
    endloop
  endfacet
  facet normal 1 0 0
    outer loop
      vertex 0.259 0.188588235 0
      vertex 0.259 0.190084967 0
      vertex 0.259 0.190084967 0.003
    endloop
  endfacet
  facet normal 1 0 0
    outer loop
      vertex 0.259 0.188588235 0
      vertex 0.259 0.190084967 0.003
      vertex 0.259 0.188588235 0.003
    endloop
  endfacet
  facet normal 0 1 0
    outer loop
      vertex 0.259 0.190084967 0
      vertex 0.231178457 0.190084967 0
      vertex 0.231178457 0.190084967 0.003
    endloop
  endfacet
  facet normal 0 1 -0
    outer loop
      vertex 0.259 0.190084967 0
      vertex 0.231178457 0.190084967 0.003
      vertex 0.259 0.190084967 0.003
    endloop
  endfacet
  facet normal -1 0 0
    outer loop
      vertex 0.231178457 0.190084967 0
      vertex 0.231178457 0.188588235 0
      vertex 0.231178457 0.188588235 0.003
    endloop
  endfacet
  facet normal -1 0 0
    outer loop
      vertex 0.231178457 0.190084967 0
      vertex 0.231178457 0.188588235 0.003
      vertex 0.231178457 0.190084967 0.003
    endloop
  endfacet
  facet normal 0 0 -1
    outer loop
      vertex 0 0.190084967 0
      vertex 0.00438141815 0.191581699 0
      vertex 0.00438141815 0.190084967 0
    endloop
  endfacet
  facet normal 0 0 -1
    outer loop
      vertex 0 0.190084967 0
      vertex 0 0.191581699 0
      vertex 0.00438141815 0.191581699 0
    endloop
  endfacet
  facet normal 0 0 1
    outer loop
      vertex 0 0.190084967 0.003
      vertex 0.00438141815 0.190084967 0.003
      vertex 0.00438141815 0.191581699 0.003
    endloop
  endfacet
  facet normal 0 0 1
    outer loop
      vertex 0 0.190084967 0.003
      vertex 0.00438141815 0.191581699 0.003
      vertex 0 0.191581699 0.003
    endloop
  endfacet
  facet normal 0 -1 0
    outer loop
      vertex 0 0.190084967 0
      vertex 0.00438141815 0.190084967 0
      vertex 0.00438141815 0.190084967 0.003
    endloop
  endfacet
  facet normal 0 -1 0
    outer loop
      vertex 0 0.190084967 0
      vertex 0.00438141815 0.190084967 0.003
      vertex 0 0.190084967 0.003
    endloop
  endfacet
  facet normal 1 0 0
    outer loop
      vertex 0.00438141815 0.190084967 0
      vertex 0.00438141815 0.191581699 0
      vertex 0.00438141815 0.191581699 0.003
    endloop
  endfacet
  facet normal 1 0 0
    outer loop
      vertex 0.00438141815 0.190084967 0
      vertex 0.00438141815 0.191581699 0.003
      vertex 0.00438141815 0.190084967 0.003
    endloop
  endfacet
  facet normal 0 1 0
    outer loop
      vertex 0.00438141815 0.191581699 0
      vertex 0 0.191581699 0
      vertex 0 0.191581699 0.003
    endloop
  endfacet
  facet normal 0 1 -0
    outer loop
      vertex 0.00438141815 0.191581699 0
      vertex 0 0.191581699 0.003
      vertex 0.00438141815 0.191581699 0.003
    endloop
  endfacet
  facet normal -1 0 0
    outer loop
      vertex 0 0.191581699 0
      vertex 0 0.190084967 0
      vertex 0 0.190084967 0.003
    endloop
  endfacet
  facet normal -1 0 0
    outer loop
      vertex 0 0.191581699 0
      vertex 0 0.190084967 0.003
      vertex 0 0.191581699 0.003
    endloop
  endfacet
  facet normal 0 0 -1
    outer loop
      vertex 0.0191640364 0.190084967 0
      vertex 0.0514723272 0.191581699 0
      vertex 0.0514723272 0.190084967 0
    endloop
  endfacet
  facet normal 0 0 -1
    outer loop
      vertex 0.0191640364 0.190084967 0
      vertex 0.0191640364 0.191581699 0
      vertex 0.0514723272 0.191581699 0
    endloop
  endfacet
  facet normal 0 0 1
    outer loop
      vertex 0.0191640364 0.190084967 0.003
      vertex 0.0514723272 0.190084967 0.003
      vertex 0.0514723272 0.191581699 0.003
    endloop
  endfacet
  facet normal 0 0 1
    outer loop
      vertex 0.0191640364 0.190084967 0.003
      vertex 0.0514723272 0.191581699 0.003
      vertex 0.0191640364 0.191581699 0.003
    endloop
  endfacet
  facet normal 0 -1 0
    outer loop
      vertex 0.0191640364 0.190084967 0
      vertex 0.0514723272 0.190084967 0
      vertex 0.0514723272 0.190084967 0.003
    endloop
  endfacet
  facet normal 0 -1 0
    outer loop
      vertex 0.0191640364 0.190084967 0
      vertex 0.0514723272 0.190084967 0.003
      vertex 0.0191640364 0.190084967 0.003
    endloop
  endfacet
  facet normal 1 0 0
    outer loop
      vertex 0.0514723272 0.190084967 0
      vertex 0.0514723272 0.191581699 0
      vertex 0.0514723272 0.191581699 0.003
    endloop
  endfacet
  facet normal 1 0 0
    outer loop
      vertex 0.0514723272 0.190084967 0
      vertex 0.0514723272 0.191581699 0.003
      vertex 0.0514723272 0.190084967 0.003
    endloop
  endfacet
  facet normal 0 1 0
    outer loop
      vertex 0.0514723272 0.191581699 0
      vertex 0.0191640364 0.191581699 0
      vertex 0.0191640364 0.191581699 0.003
    endloop
  endfacet
  facet normal 0 1 -0
    outer loop
      vertex 0.0514723272 0.191581699 0
      vertex 0.0191640364 0.191581699 0.003
      vertex 0.0514723272 0.191581699 0.003
    endloop
  endfacet
  facet normal -1 0 0
    outer loop
      vertex 0.0191640364 0.191581699 0
      vertex 0.0191640364 0.190084967 0
      vertex 0.0191640364 0.190084967 0.003
    endloop
  endfacet
  facet normal -1 0 0
    outer loop
      vertex 0.0191640364 0.191581699 0
      vertex 0.0191640364 0.190084967 0.003
      vertex 0.0191640364 0.191581699 0.003
    endloop
  endfacet
  facet normal 0 0 -1
    outer loop
      vertex 0.0662549455 0.190084967 0
      vertex 0.122108691 0.191581699 0
      vertex 0.122108691 0.190084967 0
    endloop
  endfacet
  facet normal 0 0 -1
    outer loop
      vertex 0.0662549455 0.190084967 0
      vertex 0.0662549455 0.191581699 0
      vertex 0.122108691 0.191581699 0
    endloop
  endfacet
  facet normal 0 0 1
    outer loop
      vertex 0.0662549455 0.190084967 0.003
      vertex 0.122108691 0.190084967 0.003
      vertex 0.122108691 0.191581699 0.003
    endloop
  endfacet
  facet normal 0 0 1
    outer loop
      vertex 0.0662549455 0.190084967 0.003
      vertex 0.122108691 0.191581699 0.003
      vertex 0.0662549455 0.191581699 0.003
    endloop
  endfacet
  facet normal 0 -1 0
    outer loop
      vertex 0.0662549455 0.190084967 0
      vertex 0.122108691 0.190084967 0
      vertex 0.122108691 0.190084967 0.003
    endloop
  endfacet
  facet normal 0 -1 0
    outer loop
      vertex 0.0662549455 0.190084967 0
      vertex 0.122108691 0.190084967 0.003
      vertex 0.0662549455 0.190084967 0.003
    endloop
  endfacet
  facet normal 1 0 0
    outer loop
      vertex 0.122108691 0.190084967 0
      vertex 0.122108691 0.191581699 0
      vertex 0.122108691 0.191581699 0.003
    endloop
  endfacet
  facet normal 1 0 0
    outer loop
      vertex 0.122108691 0.190084967 0
      vertex 0.122108691 0.191581699 0.003
      vertex 0.122108691 0.190084967 0.003
    endloop
  endfacet
  facet normal 0 1 0
    outer loop
      vertex 0.122108691 0.191581699 0
      vertex 0.0662549455 0.191581699 0
      vertex 0.0662549455 0.191581699 0.003
    endloop
  endfacet
  facet normal 0 1 -0
    outer loop
      vertex 0.122108691 0.191581699 0
      vertex 0.0662549455 0.191581699 0.003
      vertex 0.122108691 0.191581699 0.003
    endloop
  endfacet
  facet normal -1 0 0
    outer loop
      vertex 0.0662549455 0.191581699 0
      vertex 0.0662549455 0.190084967 0
      vertex 0.0662549455 0.190084967 0.003
    endloop
  endfacet
  facet normal -1 0 0
    outer loop
      vertex 0.0662549455 0.191581699 0
      vertex 0.0662549455 0.190084967 0.003
      vertex 0.0662549455 0.191581699 0.003
    endloop
  endfacet
  facet normal 0 0 -1
    outer loop
      vertex 0.136891309 0.190084967 0
      vertex 0.1691996 0.191581699 0
      vertex 0.1691996 0.190084967 0
    endloop
  endfacet
  facet normal 0 0 -1
    outer loop
      vertex 0.136891309 0.190084967 0
      vertex 0.136891309 0.191581699 0
      vertex 0.1691996 0.191581699 0
    endloop
  endfacet
  facet normal 0 0 1
    outer loop
      vertex 0.136891309 0.190084967 0.003
      vertex 0.1691996 0.190084967 0.003
      vertex 0.1691996 0.191581699 0.003
    endloop
  endfacet
  facet normal 0 0 1
    outer loop
      vertex 0.136891309 0.190084967 0.003
      vertex 0.1691996 0.191581699 0.003
      vertex 0.136891309 0.191581699 0.003
    endloop
  endfacet
  facet normal 0 -1 0
    outer loop
      vertex 0.136891309 0.190084967 0
      vertex 0.1691996 0.190084967 0
      vertex 0.1691996 0.190084967 0.003
    endloop
  endfacet
  facet normal 0 -1 0
    outer loop
      vertex 0.136891309 0.190084967 0
      vertex 0.1691996 0.190084967 0.003
      vertex 0.136891309 0.190084967 0.003
    endloop
  endfacet
  facet normal 1 0 0
    outer loop
      vertex 0.1691996 0.190084967 0
      vertex 0.1691996 0.191581699 0
      vertex 0.1691996 0.191581699 0.003
    endloop
  endfacet
  facet normal 1 0 0
    outer loop
      vertex 0.1691996 0.190084967 0
      vertex 0.1691996 0.191581699 0.003
      vertex 0.1691996 0.190084967 0.003
    endloop
  endfacet
  facet normal 0 1 0
    outer loop
      vertex 0.1691996 0.191581699 0
      vertex 0.136891309 0.191581699 0
      vertex 0.136891309 0.191581699 0.003
    endloop
  endfacet
  facet normal 0 1 -0
    outer loop
      vertex 0.1691996 0.191581699 0
      vertex 0.136891309 0.191581699 0.003
      vertex 0.1691996 0.191581699 0.003
    endloop
  endfacet
  facet normal -1 0 0
    outer loop
      vertex 0.136891309 0.191581699 0
      vertex 0.136891309 0.190084967 0
      vertex 0.136891309 0.190084967 0.003
    endloop
  endfacet
  facet normal -1 0 0
    outer loop
      vertex 0.136891309 0.191581699 0
      vertex 0.136891309 0.190084967 0.003
      vertex 0.136891309 0.191581699 0.003
    endloop
  endfacet
  facet normal 0 0 -1
    outer loop
      vertex 0.183982218 0.190084967 0
      vertex 0.216290509 0.191581699 0
      vertex 0.216290509 0.190084967 0
    endloop
  endfacet
  facet normal 0 0 -1
    outer loop
      vertex 0.183982218 0.190084967 0
      vertex 0.183982218 0.191581699 0
      vertex 0.216290509 0.191581699 0
    endloop
  endfacet
  facet normal 0 0 1
    outer loop
      vertex 0.183982218 0.190084967 0.003
      vertex 0.216290509 0.190084967 0.003
      vertex 0.216290509 0.191581699 0.003
    endloop
  endfacet
  facet normal 0 0 1
    outer loop
      vertex 0.183982218 0.190084967 0.003
      vertex 0.216290509 0.191581699 0.003
      vertex 0.183982218 0.191581699 0.003
    endloop
  endfacet
  facet normal 0 -1 0
    outer loop
      vertex 0.183982218 0.190084967 0
      vertex 0.216290509 0.190084967 0
      vertex 0.216290509 0.190084967 0.003
    endloop
  endfacet
  facet normal 0 -1 0
    outer loop
      vertex 0.183982218 0.190084967 0
      vertex 0.216290509 0.190084967 0.003
      vertex 0.183982218 0.190084967 0.003
    endloop
  endfacet
  facet normal 1 0 0
    outer loop
      vertex 0.216290509 0.190084967 0
      vertex 0.216290509 0.191581699 0
      vertex 0.216290509 0.191581699 0.003
    endloop
  endfacet
  facet normal 1 0 0
    outer loop
      vertex 0.216290509 0.190084967 0
      vertex 0.216290509 0.191581699 0.003
      vertex 0.216290509 0.190084967 0.003
    endloop
  endfacet
  facet normal 0 1 0
    outer loop
      vertex 0.216290509 0.191581699 0
      vertex 0.183982218 0.191581699 0
      vertex 0.183982218 0.191581699 0.003
    endloop
  endfacet
  facet normal 0 1 -0
    outer loop
      vertex 0.216290509 0.191581699 0
      vertex 0.183982218 0.191581699 0.003
      vertex 0.216290509 0.191581699 0.003
    endloop
  endfacet
  facet normal -1 0 0
    outer loop
      vertex 0.183982218 0.191581699 0
      vertex 0.183982218 0.190084967 0
      vertex 0.183982218 0.190084967 0.003
    endloop
  endfacet
  facet normal -1 0 0
    outer loop
      vertex 0.183982218 0.191581699 0
      vertex 0.183982218 0.190084967 0.003
      vertex 0.183982218 0.191581699 0.003
    endloop
  endfacet
  facet normal 0 0 -1
    outer loop
      vertex 0.231073127 0.190084967 0
      vertex 0.259 0.191581699 0
      vertex 0.259 0.190084967 0
    endloop
  endfacet
  facet normal 0 0 -1
    outer loop
      vertex 0.231073127 0.190084967 0
      vertex 0.231073127 0.191581699 0
      vertex 0.259 0.191581699 0
    endloop
  endfacet
  facet normal 0 0 1
    outer loop
      vertex 0.231073127 0.190084967 0.003
      vertex 0.259 0.190084967 0.003
      vertex 0.259 0.191581699 0.003
    endloop
  endfacet
  facet normal 0 0 1
    outer loop
      vertex 0.231073127 0.190084967 0.003
      vertex 0.259 0.191581699 0.003
      vertex 0.231073127 0.191581699 0.003
    endloop
  endfacet
  facet normal 0 -1 0
    outer loop
      vertex 0.231073127 0.190084967 0
      vertex 0.259 0.190084967 0
      vertex 0.259 0.190084967 0.003
    endloop
  endfacet
  facet normal 0 -1 0
    outer loop
      vertex 0.231073127 0.190084967 0
      vertex 0.259 0.190084967 0.003
      vertex 0.231073127 0.190084967 0.003
    endloop
  endfacet
  facet normal 1 0 0
    outer loop
      vertex 0.259 0.190084967 0
      vertex 0.259 0.191581699 0
      vertex 0.259 0.191581699 0.003
    endloop
  endfacet
  facet normal 1 0 0
    outer loop
      vertex 0.259 0.190084967 0
      vertex 0.259 0.191581699 0.003
      vertex 0.259 0.190084967 0.003
    endloop
  endfacet
  facet normal 0 1 0
    outer loop
      vertex 0.259 0.191581699 0
      vertex 0.231073127 0.191581699 0
      vertex 0.231073127 0.191581699 0.003
    endloop
  endfacet
  facet normal 0 1 -0
    outer loop
      vertex 0.259 0.191581699 0
      vertex 0.231073127 0.191581699 0.003
      vertex 0.259 0.191581699 0.003
    endloop
  endfacet
  facet normal -1 0 0
    outer loop
      vertex 0.231073127 0.191581699 0
      vertex 0.231073127 0.190084967 0
      vertex 0.231073127 0.190084967 0.003
    endloop
  endfacet
  facet normal -1 0 0
    outer loop
      vertex 0.231073127 0.191581699 0
      vertex 0.231073127 0.190084967 0.003
      vertex 0.231073127 0.191581699 0.003
    endloop
  endfacet
  facet normal 0 0 -1
    outer loop
      vertex 0 0.191581699 0
      vertex 0.00480258435 0.193078431 0
      vertex 0.00480258435 0.191581699 0
    endloop
  endfacet
  facet normal 0 0 -1
    outer loop
      vertex 0 0.191581699 0
      vertex 0 0.193078431 0
      vertex 0.00480258435 0.193078431 0
    endloop
  endfacet
  facet normal 0 0 1
    outer loop
      vertex 0 0.191581699 0.003
      vertex 0.00480258435 0.191581699 0.003
      vertex 0.00480258435 0.193078431 0.003
    endloop
  endfacet
  facet normal 0 0 1
    outer loop
      vertex 0 0.191581699 0.003
      vertex 0.00480258435 0.193078431 0.003
      vertex 0 0.193078431 0.003
    endloop
  endfacet
  facet normal 0 -1 0
    outer loop
      vertex 0 0.191581699 0
      vertex 0.00480258435 0.191581699 0
      vertex 0.00480258435 0.191581699 0.003
    endloop
  endfacet
  facet normal 0 -1 0
    outer loop
      vertex 0 0.191581699 0
      vertex 0.00480258435 0.191581699 0.003
      vertex 0 0.191581699 0.003
    endloop
  endfacet
  facet normal 1 0 0
    outer loop
      vertex 0.00480258435 0.191581699 0
      vertex 0.00480258435 0.193078431 0
      vertex 0.00480258435 0.193078431 0.003
    endloop
  endfacet
  facet normal 1 0 0
    outer loop
      vertex 0.00480258435 0.191581699 0
      vertex 0.00480258435 0.193078431 0.003
      vertex 0.00480258435 0.191581699 0.003
    endloop
  endfacet
  facet normal 0 1 0
    outer loop
      vertex 0.00480258435 0.193078431 0
      vertex 0 0.193078431 0
      vertex 0 0.193078431 0.003
    endloop
  endfacet
  facet normal 0 1 -0
    outer loop
      vertex 0.00480258435 0.193078431 0
      vertex 0 0.193078431 0.003
      vertex 0.00480258435 0.193078431 0.003
    endloop
  endfacet
  facet normal -1 0 0
    outer loop
      vertex 0 0.193078431 0
      vertex 0 0.191581699 0
      vertex 0 0.191581699 0.003
    endloop
  endfacet
  facet normal -1 0 0
    outer loop
      vertex 0 0.193078431 0
      vertex 0 0.191581699 0.003
      vertex 0 0.193078431 0.003
    endloop
  endfacet
  facet normal 0 0 -1
    outer loop
      vertex 0.0187428702 0.191581699 0
      vertex 0.0518934934 0.193078431 0
      vertex 0.0518934934 0.191581699 0
    endloop
  endfacet
  facet normal 0 0 -1
    outer loop
      vertex 0.0187428702 0.191581699 0
      vertex 0.0187428702 0.193078431 0
      vertex 0.0518934934 0.193078431 0
    endloop
  endfacet
  facet normal 0 0 1
    outer loop
      vertex 0.0187428702 0.191581699 0.003
      vertex 0.0518934934 0.191581699 0.003
      vertex 0.0518934934 0.193078431 0.003
    endloop
  endfacet
  facet normal 0 0 1
    outer loop
      vertex 0.0187428702 0.191581699 0.003
      vertex 0.0518934934 0.193078431 0.003
      vertex 0.0187428702 0.193078431 0.003
    endloop
  endfacet
  facet normal 0 -1 0
    outer loop
      vertex 0.0187428702 0.191581699 0
      vertex 0.0518934934 0.191581699 0
      vertex 0.0518934934 0.191581699 0.003
    endloop
  endfacet
  facet normal 0 -1 0
    outer loop
      vertex 0.0187428702 0.191581699 0
      vertex 0.0518934934 0.191581699 0.003
      vertex 0.0187428702 0.191581699 0.003
    endloop
  endfacet
  facet normal 1 0 0
    outer loop
      vertex 0.0518934934 0.191581699 0
      vertex 0.0518934934 0.193078431 0
      vertex 0.0518934934 0.193078431 0.003
    endloop
  endfacet
  facet normal 1 0 0
    outer loop
      vertex 0.0518934934 0.191581699 0
      vertex 0.0518934934 0.193078431 0.003
      vertex 0.0518934934 0.191581699 0.003
    endloop
  endfacet
  facet normal 0 1 0
    outer loop
      vertex 0.0518934934 0.193078431 0
      vertex 0.0187428702 0.193078431 0
      vertex 0.0187428702 0.193078431 0.003
    endloop
  endfacet
  facet normal 0 1 -0
    outer loop
      vertex 0.0518934934 0.193078431 0
      vertex 0.0187428702 0.193078431 0.003
      vertex 0.0518934934 0.193078431 0.003
    endloop
  endfacet
  facet normal -1 0 0
    outer loop
      vertex 0.0187428702 0.193078431 0
      vertex 0.0187428702 0.191581699 0
      vertex 0.0187428702 0.191581699 0.003
    endloop
  endfacet
  facet normal -1 0 0
    outer loop
      vertex 0.0187428702 0.193078431 0
      vertex 0.0187428702 0.191581699 0.003
      vertex 0.0187428702 0.193078431 0.003
    endloop
  endfacet
  facet normal 0 0 -1
    outer loop
      vertex 0.0658337793 0.191581699 0
      vertex 0.122529857 0.193078431 0
      vertex 0.122529857 0.191581699 0
    endloop
  endfacet
  facet normal 0 0 -1
    outer loop
      vertex 0.0658337793 0.191581699 0
      vertex 0.0658337793 0.193078431 0
      vertex 0.122529857 0.193078431 0
    endloop
  endfacet
  facet normal 0 0 1
    outer loop
      vertex 0.0658337793 0.191581699 0.003
      vertex 0.122529857 0.191581699 0.003
      vertex 0.122529857 0.193078431 0.003
    endloop
  endfacet
  facet normal 0 0 1
    outer loop
      vertex 0.0658337793 0.191581699 0.003
      vertex 0.122529857 0.193078431 0.003
      vertex 0.0658337793 0.193078431 0.003
    endloop
  endfacet
  facet normal 0 -1 0
    outer loop
      vertex 0.0658337793 0.191581699 0
      vertex 0.122529857 0.191581699 0
      vertex 0.122529857 0.191581699 0.003
    endloop
  endfacet
  facet normal 0 -1 0
    outer loop
      vertex 0.0658337793 0.191581699 0
      vertex 0.122529857 0.191581699 0.003
      vertex 0.0658337793 0.191581699 0.003
    endloop
  endfacet
  facet normal 1 0 0
    outer loop
      vertex 0.122529857 0.191581699 0
      vertex 0.122529857 0.193078431 0
      vertex 0.122529857 0.193078431 0.003
    endloop
  endfacet
  facet normal 1 0 0
    outer loop
      vertex 0.122529857 0.191581699 0
      vertex 0.122529857 0.193078431 0.003
      vertex 0.122529857 0.191581699 0.003
    endloop
  endfacet
  facet normal 0 1 0
    outer loop
      vertex 0.122529857 0.193078431 0
      vertex 0.0658337793 0.193078431 0
      vertex 0.0658337793 0.193078431 0.003
    endloop
  endfacet
  facet normal 0 1 -0
    outer loop
      vertex 0.122529857 0.193078431 0
      vertex 0.0658337793 0.193078431 0.003
      vertex 0.122529857 0.193078431 0.003
    endloop
  endfacet
  facet normal -1 0 0
    outer loop
      vertex 0.0658337793 0.193078431 0
      vertex 0.0658337793 0.191581699 0
      vertex 0.0658337793 0.191581699 0.003
    endloop
  endfacet
  facet normal -1 0 0
    outer loop
      vertex 0.0658337793 0.193078431 0
      vertex 0.0658337793 0.191581699 0.003
      vertex 0.0658337793 0.193078431 0.003
    endloop
  endfacet
  facet normal 0 0 -1
    outer loop
      vertex 0.136470143 0.191581699 0
      vertex 0.169620766 0.193078431 0
      vertex 0.169620766 0.191581699 0
    endloop
  endfacet
  facet normal 0 0 -1
    outer loop
      vertex 0.136470143 0.191581699 0
      vertex 0.136470143 0.193078431 0
      vertex 0.169620766 0.193078431 0
    endloop
  endfacet
  facet normal 0 0 1
    outer loop
      vertex 0.136470143 0.191581699 0.003
      vertex 0.169620766 0.191581699 0.003
      vertex 0.169620766 0.193078431 0.003
    endloop
  endfacet
  facet normal 0 0 1
    outer loop
      vertex 0.136470143 0.191581699 0.003
      vertex 0.169620766 0.193078431 0.003
      vertex 0.136470143 0.193078431 0.003
    endloop
  endfacet
  facet normal 0 -1 0
    outer loop
      vertex 0.136470143 0.191581699 0
      vertex 0.169620766 0.191581699 0
      vertex 0.169620766 0.191581699 0.003
    endloop
  endfacet
  facet normal 0 -1 0
    outer loop
      vertex 0.136470143 0.191581699 0
      vertex 0.169620766 0.191581699 0.003
      vertex 0.136470143 0.191581699 0.003
    endloop
  endfacet
  facet normal 1 0 0
    outer loop
      vertex 0.169620766 0.191581699 0
      vertex 0.169620766 0.193078431 0
      vertex 0.169620766 0.193078431 0.003
    endloop
  endfacet
  facet normal 1 0 0
    outer loop
      vertex 0.169620766 0.191581699 0
      vertex 0.169620766 0.193078431 0.003
      vertex 0.169620766 0.191581699 0.003
    endloop
  endfacet
  facet normal 0 1 0
    outer loop
      vertex 0.169620766 0.193078431 0
      vertex 0.136470143 0.193078431 0
      vertex 0.136470143 0.193078431 0.003
    endloop
  endfacet
  facet normal 0 1 -0
    outer loop
      vertex 0.169620766 0.193078431 0
      vertex 0.136470143 0.193078431 0.003
      vertex 0.169620766 0.193078431 0.003
    endloop
  endfacet
  facet normal -1 0 0
    outer loop
      vertex 0.136470143 0.193078431 0
      vertex 0.136470143 0.191581699 0
      vertex 0.136470143 0.191581699 0.003
    endloop
  endfacet
  facet normal -1 0 0
    outer loop
      vertex 0.136470143 0.193078431 0
      vertex 0.136470143 0.191581699 0.003
      vertex 0.136470143 0.193078431 0.003
    endloop
  endfacet
  facet normal 0 0 -1
    outer loop
      vertex 0.183561052 0.191581699 0
      vertex 0.216711675 0.193078431 0
      vertex 0.216711675 0.191581699 0
    endloop
  endfacet
  facet normal 0 0 -1
    outer loop
      vertex 0.183561052 0.191581699 0
      vertex 0.183561052 0.193078431 0
      vertex 0.216711675 0.193078431 0
    endloop
  endfacet
  facet normal 0 0 1
    outer loop
      vertex 0.183561052 0.191581699 0.003
      vertex 0.216711675 0.191581699 0.003
      vertex 0.216711675 0.193078431 0.003
    endloop
  endfacet
  facet normal 0 0 1
    outer loop
      vertex 0.183561052 0.191581699 0.003
      vertex 0.216711675 0.193078431 0.003
      vertex 0.183561052 0.193078431 0.003
    endloop
  endfacet
  facet normal 0 -1 0
    outer loop
      vertex 0.183561052 0.191581699 0
      vertex 0.216711675 0.191581699 0
      vertex 0.216711675 0.191581699 0.003
    endloop
  endfacet
  facet normal 0 -1 0
    outer loop
      vertex 0.183561052 0.191581699 0
      vertex 0.216711675 0.191581699 0.003
      vertex 0.183561052 0.191581699 0.003
    endloop
  endfacet
  facet normal 1 0 0
    outer loop
      vertex 0.216711675 0.191581699 0
      vertex 0.216711675 0.193078431 0
      vertex 0.216711675 0.193078431 0.003
    endloop
  endfacet
  facet normal 1 0 0
    outer loop
      vertex 0.216711675 0.191581699 0
      vertex 0.216711675 0.193078431 0.003
      vertex 0.216711675 0.191581699 0.003
    endloop
  endfacet
  facet normal 0 1 0
    outer loop
      vertex 0.216711675 0.193078431 0
      vertex 0.183561052 0.193078431 0
      vertex 0.183561052 0.193078431 0.003
    endloop
  endfacet
  facet normal 0 1 -0
    outer loop
      vertex 0.216711675 0.193078431 0
      vertex 0.183561052 0.193078431 0.003
      vertex 0.216711675 0.193078431 0.003
    endloop
  endfacet
  facet normal -1 0 0
    outer loop
      vertex 0.183561052 0.193078431 0
      vertex 0.183561052 0.191581699 0
      vertex 0.183561052 0.191581699 0.003
    endloop
  endfacet
  facet normal -1 0 0
    outer loop
      vertex 0.183561052 0.193078431 0
      vertex 0.183561052 0.191581699 0.003
      vertex 0.183561052 0.193078431 0.003
    endloop
  endfacet
  facet normal 0 0 -1
    outer loop
      vertex 0.230651961 0.191581699 0
      vertex 0.259 0.193078431 0
      vertex 0.259 0.191581699 0
    endloop
  endfacet
  facet normal 0 0 -1
    outer loop
      vertex 0.230651961 0.191581699 0
      vertex 0.230651961 0.193078431 0
      vertex 0.259 0.193078431 0
    endloop
  endfacet
  facet normal 0 0 1
    outer loop
      vertex 0.230651961 0.191581699 0.003
      vertex 0.259 0.191581699 0.003
      vertex 0.259 0.193078431 0.003
    endloop
  endfacet
  facet normal 0 0 1
    outer loop
      vertex 0.230651961 0.191581699 0.003
      vertex 0.259 0.193078431 0.003
      vertex 0.230651961 0.193078431 0.003
    endloop
  endfacet
  facet normal 0 -1 0
    outer loop
      vertex 0.230651961 0.191581699 0
      vertex 0.259 0.191581699 0
      vertex 0.259 0.191581699 0.003
    endloop
  endfacet
  facet normal 0 -1 0
    outer loop
      vertex 0.230651961 0.191581699 0
      vertex 0.259 0.191581699 0.003
      vertex 0.230651961 0.191581699 0.003
    endloop
  endfacet
  facet normal 1 0 0
    outer loop
      vertex 0.259 0.191581699 0
      vertex 0.259 0.193078431 0
      vertex 0.259 0.193078431 0.003
    endloop
  endfacet
  facet normal 1 0 0
    outer loop
      vertex 0.259 0.191581699 0
      vertex 0.259 0.193078431 0.003
      vertex 0.259 0.191581699 0.003
    endloop
  endfacet
  facet normal 0 1 0
    outer loop
      vertex 0.259 0.193078431 0
      vertex 0.230651961 0.193078431 0
      vertex 0.230651961 0.193078431 0.003
    endloop
  endfacet
  facet normal 0 1 -0
    outer loop
      vertex 0.259 0.193078431 0
      vertex 0.230651961 0.193078431 0.003
      vertex 0.259 0.193078431 0.003
    endloop
  endfacet
  facet normal -1 0 0
    outer loop
      vertex 0.230651961 0.193078431 0
      vertex 0.230651961 0.191581699 0
      vertex 0.230651961 0.191581699 0.003
    endloop
  endfacet
  facet normal -1 0 0
    outer loop
      vertex 0.230651961 0.193078431 0
      vertex 0.230651961 0.191581699 0.003
      vertex 0.230651961 0.193078431 0.003
    endloop
  endfacet
  facet normal 0 0 -1
    outer loop
      vertex 0 0.193078431 0
      vertex 0.00560394128 0.194575163 0
      vertex 0.00560394128 0.193078431 0
    endloop
  endfacet
  facet normal 0 0 -1
    outer loop
      vertex 0 0.193078431 0
      vertex 0 0.194575163 0
      vertex 0.00560394128 0.194575163 0
    endloop
  endfacet
  facet normal 0 0 1
    outer loop
      vertex 0 0.193078431 0.003
      vertex 0.00560394128 0.193078431 0.003
      vertex 0.00560394128 0.194575163 0.003
    endloop
  endfacet
  facet normal 0 0 1
    outer loop
      vertex 0 0.193078431 0.003
      vertex 0.00560394128 0.194575163 0.003
      vertex 0 0.194575163 0.003
    endloop
  endfacet
  facet normal 0 -1 0
    outer loop
      vertex 0 0.193078431 0
      vertex 0.00560394128 0.193078431 0
      vertex 0.00560394128 0.193078431 0.003
    endloop
  endfacet
  facet normal 0 -1 0
    outer loop
      vertex 0 0.193078431 0
      vertex 0.00560394128 0.193078431 0.003
      vertex 0 0.193078431 0.003
    endloop
  endfacet
  facet normal 1 0 0
    outer loop
      vertex 0.00560394128 0.193078431 0
      vertex 0.00560394128 0.194575163 0
      vertex 0.00560394128 0.194575163 0.003
    endloop
  endfacet
  facet normal 1 0 0
    outer loop
      vertex 0.00560394128 0.193078431 0
      vertex 0.00560394128 0.194575163 0.003
      vertex 0.00560394128 0.193078431 0.003
    endloop
  endfacet
  facet normal 0 1 0
    outer loop
      vertex 0.00560394128 0.194575163 0
      vertex 0 0.194575163 0
      vertex 0 0.194575163 0.003
    endloop
  endfacet
  facet normal 0 1 -0
    outer loop
      vertex 0.00560394128 0.194575163 0
      vertex 0 0.194575163 0.003
      vertex 0.00560394128 0.194575163 0.003
    endloop
  endfacet
  facet normal -1 0 0
    outer loop
      vertex 0 0.194575163 0
      vertex 0 0.193078431 0
      vertex 0 0.193078431 0.003
    endloop
  endfacet
  facet normal -1 0 0
    outer loop
      vertex 0 0.194575163 0
      vertex 0 0.193078431 0.003
      vertex 0 0.194575163 0.003
    endloop
  endfacet
  facet normal 0 0 -1
    outer loop
      vertex 0.0179415133 0.193078431 0
      vertex 0.0526948504 0.194575163 0
      vertex 0.0526948504 0.193078431 0
    endloop
  endfacet
  facet normal 0 0 -1
    outer loop
      vertex 0.0179415133 0.193078431 0
      vertex 0.0179415133 0.194575163 0
      vertex 0.0526948504 0.194575163 0
    endloop
  endfacet
  facet normal 0 0 1
    outer loop
      vertex 0.0179415133 0.193078431 0.003
      vertex 0.0526948504 0.193078431 0.003
      vertex 0.0526948504 0.194575163 0.003
    endloop
  endfacet
  facet normal 0 0 1
    outer loop
      vertex 0.0179415133 0.193078431 0.003
      vertex 0.0526948504 0.194575163 0.003
      vertex 0.0179415133 0.194575163 0.003
    endloop
  endfacet
  facet normal 0 -1 0
    outer loop
      vertex 0.0179415133 0.193078431 0
      vertex 0.0526948504 0.193078431 0
      vertex 0.0526948504 0.193078431 0.003
    endloop
  endfacet
  facet normal 0 -1 0
    outer loop
      vertex 0.0179415133 0.193078431 0
      vertex 0.0526948504 0.193078431 0.003
      vertex 0.0179415133 0.193078431 0.003
    endloop
  endfacet
  facet normal 1 0 0
    outer loop
      vertex 0.0526948504 0.193078431 0
      vertex 0.0526948504 0.194575163 0
      vertex 0.0526948504 0.194575163 0.003
    endloop
  endfacet
  facet normal 1 0 0
    outer loop
      vertex 0.0526948504 0.193078431 0
      vertex 0.0526948504 0.194575163 0.003
      vertex 0.0526948504 0.193078431 0.003
    endloop
  endfacet
  facet normal 0 1 0
    outer loop
      vertex 0.0526948504 0.194575163 0
      vertex 0.0179415133 0.194575163 0
      vertex 0.0179415133 0.194575163 0.003
    endloop
  endfacet
  facet normal 0 1 -0
    outer loop
      vertex 0.0526948504 0.194575163 0
      vertex 0.0179415133 0.194575163 0.003
      vertex 0.0526948504 0.194575163 0.003
    endloop
  endfacet
  facet normal -1 0 0
    outer loop
      vertex 0.0179415133 0.194575163 0
      vertex 0.0179415133 0.193078431 0
      vertex 0.0179415133 0.193078431 0.003
    endloop
  endfacet
  facet normal -1 0 0
    outer loop
      vertex 0.0179415133 0.194575163 0
      vertex 0.0179415133 0.193078431 0.003
      vertex 0.0179415133 0.194575163 0.003
    endloop
  endfacet
  facet normal 0 0 -1
    outer loop
      vertex 0.0650324224 0.193078431 0
      vertex 0.123331214 0.194575163 0
      vertex 0.123331214 0.193078431 0
    endloop
  endfacet
  facet normal 0 0 -1
    outer loop
      vertex 0.0650324224 0.193078431 0
      vertex 0.0650324224 0.194575163 0
      vertex 0.123331214 0.194575163 0
    endloop
  endfacet
  facet normal 0 0 1
    outer loop
      vertex 0.0650324224 0.193078431 0.003
      vertex 0.123331214 0.193078431 0.003
      vertex 0.123331214 0.194575163 0.003
    endloop
  endfacet
  facet normal 0 0 1
    outer loop
      vertex 0.0650324224 0.193078431 0.003
      vertex 0.123331214 0.194575163 0.003
      vertex 0.0650324224 0.194575163 0.003
    endloop
  endfacet
  facet normal 0 -1 0
    outer loop
      vertex 0.0650324224 0.193078431 0
      vertex 0.123331214 0.193078431 0
      vertex 0.123331214 0.193078431 0.003
    endloop
  endfacet
  facet normal 0 -1 0
    outer loop
      vertex 0.0650324224 0.193078431 0
      vertex 0.123331214 0.193078431 0.003
      vertex 0.0650324224 0.193078431 0.003
    endloop
  endfacet
  facet normal 1 0 0
    outer loop
      vertex 0.123331214 0.193078431 0
      vertex 0.123331214 0.194575163 0
      vertex 0.123331214 0.194575163 0.003
    endloop
  endfacet
  facet normal 1 0 0
    outer loop
      vertex 0.123331214 0.193078431 0
      vertex 0.123331214 0.194575163 0.003
      vertex 0.123331214 0.193078431 0.003
    endloop
  endfacet
  facet normal 0 1 0
    outer loop
      vertex 0.123331214 0.194575163 0
      vertex 0.0650324224 0.194575163 0
      vertex 0.0650324224 0.194575163 0.003
    endloop
  endfacet
  facet normal 0 1 -0
    outer loop
      vertex 0.123331214 0.194575163 0
      vertex 0.0650324224 0.194575163 0.003
      vertex 0.123331214 0.194575163 0.003
    endloop
  endfacet
  facet normal -1 0 0
    outer loop
      vertex 0.0650324224 0.194575163 0
      vertex 0.0650324224 0.193078431 0
      vertex 0.0650324224 0.193078431 0.003
    endloop
  endfacet
  facet normal -1 0 0
    outer loop
      vertex 0.0650324224 0.194575163 0
      vertex 0.0650324224 0.193078431 0.003
      vertex 0.0650324224 0.194575163 0.003
    endloop
  endfacet
  facet normal 0 0 -1
    outer loop
      vertex 0.135668786 0.193078431 0
      vertex 0.170422123 0.194575163 0
      vertex 0.170422123 0.193078431 0
    endloop
  endfacet
  facet normal 0 0 -1
    outer loop
      vertex 0.135668786 0.193078431 0
      vertex 0.135668786 0.194575163 0
      vertex 0.170422123 0.194575163 0
    endloop
  endfacet
  facet normal 0 0 1
    outer loop
      vertex 0.135668786 0.193078431 0.003
      vertex 0.170422123 0.193078431 0.003
      vertex 0.170422123 0.194575163 0.003
    endloop
  endfacet
  facet normal 0 0 1
    outer loop
      vertex 0.135668786 0.193078431 0.003
      vertex 0.170422123 0.194575163 0.003
      vertex 0.135668786 0.194575163 0.003
    endloop
  endfacet
  facet normal 0 -1 0
    outer loop
      vertex 0.135668786 0.193078431 0
      vertex 0.170422123 0.193078431 0
      vertex 0.170422123 0.193078431 0.003
    endloop
  endfacet
  facet normal 0 -1 0
    outer loop
      vertex 0.135668786 0.193078431 0
      vertex 0.170422123 0.193078431 0.003
      vertex 0.135668786 0.193078431 0.003
    endloop
  endfacet
  facet normal 1 0 0
    outer loop
      vertex 0.170422123 0.193078431 0
      vertex 0.170422123 0.194575163 0
      vertex 0.170422123 0.194575163 0.003
    endloop
  endfacet
  facet normal 1 0 0
    outer loop
      vertex 0.170422123 0.193078431 0
      vertex 0.170422123 0.194575163 0.003
      vertex 0.170422123 0.193078431 0.003
    endloop
  endfacet
  facet normal 0 1 0
    outer loop
      vertex 0.170422123 0.194575163 0
      vertex 0.135668786 0.194575163 0
      vertex 0.135668786 0.194575163 0.003
    endloop
  endfacet
  facet normal 0 1 -0
    outer loop
      vertex 0.170422123 0.194575163 0
      vertex 0.135668786 0.194575163 0.003
      vertex 0.170422123 0.194575163 0.003
    endloop
  endfacet
  facet normal -1 0 0
    outer loop
      vertex 0.135668786 0.194575163 0
      vertex 0.135668786 0.193078431 0
      vertex 0.135668786 0.193078431 0.003
    endloop
  endfacet
  facet normal -1 0 0
    outer loop
      vertex 0.135668786 0.194575163 0
      vertex 0.135668786 0.193078431 0.003
      vertex 0.135668786 0.194575163 0.003
    endloop
  endfacet
  facet normal 0 0 -1
    outer loop
      vertex 0.182759695 0.193078431 0
      vertex 0.217513032 0.194575163 0
      vertex 0.217513032 0.193078431 0
    endloop
  endfacet
  facet normal 0 0 -1
    outer loop
      vertex 0.182759695 0.193078431 0
      vertex 0.182759695 0.194575163 0
      vertex 0.217513032 0.194575163 0
    endloop
  endfacet
  facet normal 0 0 1
    outer loop
      vertex 0.182759695 0.193078431 0.003
      vertex 0.217513032 0.193078431 0.003
      vertex 0.217513032 0.194575163 0.003
    endloop
  endfacet
  facet normal 0 0 1
    outer loop
      vertex 0.182759695 0.193078431 0.003
      vertex 0.217513032 0.194575163 0.003
      vertex 0.182759695 0.194575163 0.003
    endloop
  endfacet
  facet normal 0 -1 0
    outer loop
      vertex 0.182759695 0.193078431 0
      vertex 0.217513032 0.193078431 0
      vertex 0.217513032 0.193078431 0.003
    endloop
  endfacet
  facet normal 0 -1 0
    outer loop
      vertex 0.182759695 0.193078431 0
      vertex 0.217513032 0.193078431 0.003
      vertex 0.182759695 0.193078431 0.003
    endloop
  endfacet
  facet normal 1 0 0
    outer loop
      vertex 0.217513032 0.193078431 0
      vertex 0.217513032 0.194575163 0
      vertex 0.217513032 0.194575163 0.003
    endloop
  endfacet
  facet normal 1 0 0
    outer loop
      vertex 0.217513032 0.193078431 0
      vertex 0.217513032 0.194575163 0.003
      vertex 0.217513032 0.193078431 0.003
    endloop
  endfacet
  facet normal 0 1 0
    outer loop
      vertex 0.217513032 0.194575163 0
      vertex 0.182759695 0.194575163 0
      vertex 0.182759695 0.194575163 0.003
    endloop
  endfacet
  facet normal 0 1 -0
    outer loop
      vertex 0.217513032 0.194575163 0
      vertex 0.182759695 0.194575163 0.003
      vertex 0.217513032 0.194575163 0.003
    endloop
  endfacet
  facet normal -1 0 0
    outer loop
      vertex 0.182759695 0.194575163 0
      vertex 0.182759695 0.193078431 0
      vertex 0.182759695 0.193078431 0.003
    endloop
  endfacet
  facet normal -1 0 0
    outer loop
      vertex 0.182759695 0.194575163 0
      vertex 0.182759695 0.193078431 0.003
      vertex 0.182759695 0.194575163 0.003
    endloop
  endfacet
  facet normal 0 0 -1
    outer loop
      vertex 0.229850604 0.193078431 0
      vertex 0.259 0.194575163 0
      vertex 0.259 0.193078431 0
    endloop
  endfacet
  facet normal 0 0 -1
    outer loop
      vertex 0.229850604 0.193078431 0
      vertex 0.229850604 0.194575163 0
      vertex 0.259 0.194575163 0
    endloop
  endfacet
  facet normal 0 0 1
    outer loop
      vertex 0.229850604 0.193078431 0.003
      vertex 0.259 0.193078431 0.003
      vertex 0.259 0.194575163 0.003
    endloop
  endfacet
  facet normal 0 0 1
    outer loop
      vertex 0.229850604 0.193078431 0.003
      vertex 0.259 0.194575163 0.003
      vertex 0.229850604 0.194575163 0.003
    endloop
  endfacet
  facet normal 0 -1 0
    outer loop
      vertex 0.229850604 0.193078431 0
      vertex 0.259 0.193078431 0
      vertex 0.259 0.193078431 0.003
    endloop
  endfacet
  facet normal 0 -1 0
    outer loop
      vertex 0.229850604 0.193078431 0
      vertex 0.259 0.193078431 0.003
      vertex 0.229850604 0.193078431 0.003
    endloop
  endfacet
  facet normal 1 0 0
    outer loop
      vertex 0.259 0.193078431 0
      vertex 0.259 0.194575163 0
      vertex 0.259 0.194575163 0.003
    endloop
  endfacet
  facet normal 1 0 0
    outer loop
      vertex 0.259 0.193078431 0
      vertex 0.259 0.194575163 0.003
      vertex 0.259 0.193078431 0.003
    endloop
  endfacet
  facet normal 0 1 0
    outer loop
      vertex 0.259 0.194575163 0
      vertex 0.229850604 0.194575163 0
      vertex 0.229850604 0.194575163 0.003
    endloop
  endfacet
  facet normal 0 1 -0
    outer loop
      vertex 0.259 0.194575163 0
      vertex 0.229850604 0.194575163 0.003
      vertex 0.259 0.194575163 0.003
    endloop
  endfacet
  facet normal -1 0 0
    outer loop
      vertex 0.229850604 0.194575163 0
      vertex 0.229850604 0.193078431 0
      vertex 0.229850604 0.193078431 0.003
    endloop
  endfacet
  facet normal -1 0 0
    outer loop
      vertex 0.229850604 0.194575163 0
      vertex 0.229850604 0.193078431 0.003
      vertex 0.229850604 0.194575163 0.003
    endloop
  endfacet
  facet normal 0 0 -1
    outer loop
      vertex 0 0.194575163 0
      vertex 0.00697225487 0.196071895 0
      vertex 0.00697225487 0.194575163 0
    endloop
  endfacet
  facet normal 0 0 -1
    outer loop
      vertex 0 0.194575163 0
      vertex 0 0.196071895 0
      vertex 0.00697225487 0.196071895 0
    endloop
  endfacet
  facet normal 0 0 1
    outer loop
      vertex 0 0.194575163 0.003
      vertex 0.00697225487 0.194575163 0.003
      vertex 0.00697225487 0.196071895 0.003
    endloop
  endfacet
  facet normal 0 0 1
    outer loop
      vertex 0 0.194575163 0.003
      vertex 0.00697225487 0.196071895 0.003
      vertex 0 0.196071895 0.003
    endloop
  endfacet
  facet normal 0 -1 0
    outer loop
      vertex 0 0.194575163 0
      vertex 0.00697225487 0.194575163 0
      vertex 0.00697225487 0.194575163 0.003
    endloop
  endfacet
  facet normal 0 -1 0
    outer loop
      vertex 0 0.194575163 0
      vertex 0.00697225487 0.194575163 0.003
      vertex 0 0.194575163 0.003
    endloop
  endfacet
  facet normal 1 0 0
    outer loop
      vertex 0.00697225487 0.194575163 0
      vertex 0.00697225487 0.196071895 0
      vertex 0.00697225487 0.196071895 0.003
    endloop
  endfacet
  facet normal 1 0 0
    outer loop
      vertex 0.00697225487 0.194575163 0
      vertex 0.00697225487 0.196071895 0.003
      vertex 0.00697225487 0.194575163 0.003
    endloop
  endfacet
  facet normal 0 1 0
    outer loop
      vertex 0.00697225487 0.196071895 0
      vertex 0 0.196071895 0
      vertex 0 0.196071895 0.003
    endloop
  endfacet
  facet normal 0 1 -0
    outer loop
      vertex 0.00697225487 0.196071895 0
      vertex 0 0.196071895 0.003
      vertex 0.00697225487 0.196071895 0.003
    endloop
  endfacet
  facet normal -1 0 0
    outer loop
      vertex 0 0.196071895 0
      vertex 0 0.194575163 0
      vertex 0 0.194575163 0.003
    endloop
  endfacet
  facet normal -1 0 0
    outer loop
      vertex 0 0.196071895 0
      vertex 0 0.194575163 0.003
      vertex 0 0.196071895 0.003
    endloop
  endfacet
  facet normal 0 0 -1
    outer loop
      vertex 0.0165731997 0.194575163 0
      vertex 0.054063164 0.196071895 0
      vertex 0.054063164 0.194575163 0
    endloop
  endfacet
  facet normal 0 0 -1
    outer loop
      vertex 0.0165731997 0.194575163 0
      vertex 0.0165731997 0.196071895 0
      vertex 0.054063164 0.196071895 0
    endloop
  endfacet
  facet normal 0 0 1
    outer loop
      vertex 0.0165731997 0.194575163 0.003
      vertex 0.054063164 0.194575163 0.003
      vertex 0.054063164 0.196071895 0.003
    endloop
  endfacet
  facet normal 0 0 1
    outer loop
      vertex 0.0165731997 0.194575163 0.003
      vertex 0.054063164 0.196071895 0.003
      vertex 0.0165731997 0.196071895 0.003
    endloop
  endfacet
  facet normal 0 -1 0
    outer loop
      vertex 0.0165731997 0.194575163 0
      vertex 0.054063164 0.194575163 0
      vertex 0.054063164 0.194575163 0.003
    endloop
  endfacet
  facet normal 0 -1 0
    outer loop
      vertex 0.0165731997 0.194575163 0
      vertex 0.054063164 0.194575163 0.003
      vertex 0.0165731997 0.194575163 0.003
    endloop
  endfacet
  facet normal 1 0 0
    outer loop
      vertex 0.054063164 0.194575163 0
      vertex 0.054063164 0.196071895 0
      vertex 0.054063164 0.196071895 0.003
    endloop
  endfacet
  facet normal 1 0 0
    outer loop
      vertex 0.054063164 0.194575163 0
      vertex 0.054063164 0.196071895 0.003
      vertex 0.054063164 0.194575163 0.003
    endloop
  endfacet
  facet normal 0 1 0
    outer loop
      vertex 0.054063164 0.196071895 0
      vertex 0.0165731997 0.196071895 0
      vertex 0.0165731997 0.196071895 0.003
    endloop
  endfacet
  facet normal 0 1 -0
    outer loop
      vertex 0.054063164 0.196071895 0
      vertex 0.0165731997 0.196071895 0.003
      vertex 0.054063164 0.196071895 0.003
    endloop
  endfacet
  facet normal -1 0 0
    outer loop
      vertex 0.0165731997 0.196071895 0
      vertex 0.0165731997 0.194575163 0
      vertex 0.0165731997 0.194575163 0.003
    endloop
  endfacet
  facet normal -1 0 0
    outer loop
      vertex 0.0165731997 0.196071895 0
      vertex 0.0165731997 0.194575163 0.003
      vertex 0.0165731997 0.196071895 0.003
    endloop
  endfacet
  facet normal 0 0 -1
    outer loop
      vertex 0.0636641088 0.194575163 0
      vertex 0.124699528 0.196071895 0
      vertex 0.124699528 0.194575163 0
    endloop
  endfacet
  facet normal 0 0 -1
    outer loop
      vertex 0.0636641088 0.194575163 0
      vertex 0.0636641088 0.196071895 0
      vertex 0.124699528 0.196071895 0
    endloop
  endfacet
  facet normal 0 0 1
    outer loop
      vertex 0.0636641088 0.194575163 0.003
      vertex 0.124699528 0.194575163 0.003
      vertex 0.124699528 0.196071895 0.003
    endloop
  endfacet
  facet normal 0 0 1
    outer loop
      vertex 0.0636641088 0.194575163 0.003
      vertex 0.124699528 0.196071895 0.003
      vertex 0.0636641088 0.196071895 0.003
    endloop
  endfacet
  facet normal 0 -1 0
    outer loop
      vertex 0.0636641088 0.194575163 0
      vertex 0.124699528 0.194575163 0
      vertex 0.124699528 0.194575163 0.003
    endloop
  endfacet
  facet normal 0 -1 0
    outer loop
      vertex 0.0636641088 0.194575163 0
      vertex 0.124699528 0.194575163 0.003
      vertex 0.0636641088 0.194575163 0.003
    endloop
  endfacet
  facet normal 1 0 0
    outer loop
      vertex 0.124699528 0.194575163 0
      vertex 0.124699528 0.196071895 0
      vertex 0.124699528 0.196071895 0.003
    endloop
  endfacet
  facet normal 1 0 0
    outer loop
      vertex 0.124699528 0.194575163 0
      vertex 0.124699528 0.196071895 0.003
      vertex 0.124699528 0.194575163 0.003
    endloop
  endfacet
  facet normal 0 1 0
    outer loop
      vertex 0.124699528 0.196071895 0
      vertex 0.0636641088 0.196071895 0
      vertex 0.0636641088 0.196071895 0.003
    endloop
  endfacet
  facet normal 0 1 -0
    outer loop
      vertex 0.124699528 0.196071895 0
      vertex 0.0636641088 0.196071895 0.003
      vertex 0.124699528 0.196071895 0.003
    endloop
  endfacet
  facet normal -1 0 0
    outer loop
      vertex 0.0636641088 0.196071895 0
      vertex 0.0636641088 0.194575163 0
      vertex 0.0636641088 0.194575163 0.003
    endloop
  endfacet
  facet normal -1 0 0
    outer loop
      vertex 0.0636641088 0.196071895 0
      vertex 0.0636641088 0.194575163 0.003
      vertex 0.0636641088 0.196071895 0.003
    endloop
  endfacet
  facet normal 0 0 -1
    outer loop
      vertex 0.134300472 0.194575163 0
      vertex 0.171790437 0.196071895 0
      vertex 0.171790437 0.194575163 0
    endloop
  endfacet
  facet normal 0 0 -1
    outer loop
      vertex 0.134300472 0.194575163 0
      vertex 0.134300472 0.196071895 0
      vertex 0.171790437 0.196071895 0
    endloop
  endfacet
  facet normal 0 0 1
    outer loop
      vertex 0.134300472 0.194575163 0.003
      vertex 0.171790437 0.194575163 0.003
      vertex 0.171790437 0.196071895 0.003
    endloop
  endfacet
  facet normal 0 0 1
    outer loop
      vertex 0.134300472 0.194575163 0.003
      vertex 0.171790437 0.196071895 0.003
      vertex 0.134300472 0.196071895 0.003
    endloop
  endfacet
  facet normal 0 -1 0
    outer loop
      vertex 0.134300472 0.194575163 0
      vertex 0.171790437 0.194575163 0
      vertex 0.171790437 0.194575163 0.003
    endloop
  endfacet
  facet normal 0 -1 0
    outer loop
      vertex 0.134300472 0.194575163 0
      vertex 0.171790437 0.194575163 0.003
      vertex 0.134300472 0.194575163 0.003
    endloop
  endfacet
  facet normal 1 0 0
    outer loop
      vertex 0.171790437 0.194575163 0
      vertex 0.171790437 0.196071895 0
      vertex 0.171790437 0.196071895 0.003
    endloop
  endfacet
  facet normal 1 0 0
    outer loop
      vertex 0.171790437 0.194575163 0
      vertex 0.171790437 0.196071895 0.003
      vertex 0.171790437 0.194575163 0.003
    endloop
  endfacet
  facet normal 0 1 0
    outer loop
      vertex 0.171790437 0.196071895 0
      vertex 0.134300472 0.196071895 0
      vertex 0.134300472 0.196071895 0.003
    endloop
  endfacet
  facet normal 0 1 -0
    outer loop
      vertex 0.171790437 0.196071895 0
      vertex 0.134300472 0.196071895 0.003
      vertex 0.171790437 0.196071895 0.003
    endloop
  endfacet
  facet normal -1 0 0
    outer loop
      vertex 0.134300472 0.196071895 0
      vertex 0.134300472 0.194575163 0
      vertex 0.134300472 0.194575163 0.003
    endloop
  endfacet
  facet normal -1 0 0
    outer loop
      vertex 0.134300472 0.196071895 0
      vertex 0.134300472 0.194575163 0.003
      vertex 0.134300472 0.196071895 0.003
    endloop
  endfacet
  facet normal 0 0 -1
    outer loop
      vertex 0.181391381 0.194575163 0
      vertex 0.218881346 0.196071895 0
      vertex 0.218881346 0.194575163 0
    endloop
  endfacet
  facet normal 0 0 -1
    outer loop
      vertex 0.181391381 0.194575163 0
      vertex 0.181391381 0.196071895 0
      vertex 0.218881346 0.196071895 0
    endloop
  endfacet
  facet normal 0 0 1
    outer loop
      vertex 0.181391381 0.194575163 0.003
      vertex 0.218881346 0.194575163 0.003
      vertex 0.218881346 0.196071895 0.003
    endloop
  endfacet
  facet normal 0 0 1
    outer loop
      vertex 0.181391381 0.194575163 0.003
      vertex 0.218881346 0.196071895 0.003
      vertex 0.181391381 0.196071895 0.003
    endloop
  endfacet
  facet normal 0 -1 0
    outer loop
      vertex 0.181391381 0.194575163 0
      vertex 0.218881346 0.194575163 0
      vertex 0.218881346 0.194575163 0.003
    endloop
  endfacet
  facet normal 0 -1 0
    outer loop
      vertex 0.181391381 0.194575163 0
      vertex 0.218881346 0.194575163 0.003
      vertex 0.181391381 0.194575163 0.003
    endloop
  endfacet
  facet normal 1 0 0
    outer loop
      vertex 0.218881346 0.194575163 0
      vertex 0.218881346 0.196071895 0
      vertex 0.218881346 0.196071895 0.003
    endloop
  endfacet
  facet normal 1 0 0
    outer loop
      vertex 0.218881346 0.194575163 0
      vertex 0.218881346 0.196071895 0.003
      vertex 0.218881346 0.194575163 0.003
    endloop
  endfacet
  facet normal 0 1 0
    outer loop
      vertex 0.218881346 0.196071895 0
      vertex 0.181391381 0.196071895 0
      vertex 0.181391381 0.196071895 0.003
    endloop
  endfacet
  facet normal 0 1 -0
    outer loop
      vertex 0.218881346 0.196071895 0
      vertex 0.181391381 0.196071895 0.003
      vertex 0.218881346 0.196071895 0.003
    endloop
  endfacet
  facet normal -1 0 0
    outer loop
      vertex 0.181391381 0.196071895 0
      vertex 0.181391381 0.194575163 0
      vertex 0.181391381 0.194575163 0.003
    endloop
  endfacet
  facet normal -1 0 0
    outer loop
      vertex 0.181391381 0.196071895 0
      vertex 0.181391381 0.194575163 0.003
      vertex 0.181391381 0.196071895 0.003
    endloop
  endfacet
  facet normal 0 0 -1
    outer loop
      vertex 0.228482291 0.194575163 0
      vertex 0.259 0.196071895 0
      vertex 0.259 0.194575163 0
    endloop
  endfacet
  facet normal 0 0 -1
    outer loop
      vertex 0.228482291 0.194575163 0
      vertex 0.228482291 0.196071895 0
      vertex 0.259 0.196071895 0
    endloop
  endfacet
  facet normal 0 0 1
    outer loop
      vertex 0.228482291 0.194575163 0.003
      vertex 0.259 0.194575163 0.003
      vertex 0.259 0.196071895 0.003
    endloop
  endfacet
  facet normal 0 0 1
    outer loop
      vertex 0.228482291 0.194575163 0.003
      vertex 0.259 0.196071895 0.003
      vertex 0.228482291 0.196071895 0.003
    endloop
  endfacet
  facet normal 0 -1 0
    outer loop
      vertex 0.228482291 0.194575163 0
      vertex 0.259 0.194575163 0
      vertex 0.259 0.194575163 0.003
    endloop
  endfacet
  facet normal 0 -1 0
    outer loop
      vertex 0.228482291 0.194575163 0
      vertex 0.259 0.194575163 0.003
      vertex 0.228482291 0.194575163 0.003
    endloop
  endfacet
  facet normal 1 0 0
    outer loop
      vertex 0.259 0.194575163 0
      vertex 0.259 0.196071895 0
      vertex 0.259 0.196071895 0.003
    endloop
  endfacet
  facet normal 1 0 0
    outer loop
      vertex 0.259 0.194575163 0
      vertex 0.259 0.196071895 0.003
      vertex 0.259 0.194575163 0.003
    endloop
  endfacet
  facet normal 0 1 0
    outer loop
      vertex 0.259 0.196071895 0
      vertex 0.228482291 0.196071895 0
      vertex 0.228482291 0.196071895 0.003
    endloop
  endfacet
  facet normal 0 1 -0
    outer loop
      vertex 0.259 0.196071895 0
      vertex 0.228482291 0.196071895 0.003
      vertex 0.259 0.196071895 0.003
    endloop
  endfacet
  facet normal -1 0 0
    outer loop
      vertex 0.228482291 0.196071895 0
      vertex 0.228482291 0.194575163 0
      vertex 0.228482291 0.194575163 0.003
    endloop
  endfacet
  facet normal -1 0 0
    outer loop
      vertex 0.228482291 0.196071895 0
      vertex 0.228482291 0.194575163 0.003
      vertex 0.228482291 0.196071895 0.003
    endloop
  endfacet
  facet normal 0 0 -1
    outer loop
      vertex 0 0.196071895 0
      vertex 0.00988732638 0.197568627 0
      vertex 0.00988732638 0.196071895 0
    endloop
  endfacet
  facet normal 0 0 -1
    outer loop
      vertex 0 0.196071895 0
      vertex 0 0.197568627 0
      vertex 0.00988732638 0.197568627 0
    endloop
  endfacet
  facet normal 0 0 1
    outer loop
      vertex 0 0.196071895 0.003
      vertex 0.00988732638 0.196071895 0.003
      vertex 0.00988732638 0.197568627 0.003
    endloop
  endfacet
  facet normal 0 0 1
    outer loop
      vertex 0 0.196071895 0.003
      vertex 0.00988732638 0.197568627 0.003
      vertex 0 0.197568627 0.003
    endloop
  endfacet
  facet normal 0 -1 0
    outer loop
      vertex 0 0.196071895 0
      vertex 0.00988732638 0.196071895 0
      vertex 0.00988732638 0.196071895 0.003
    endloop
  endfacet
  facet normal 0 -1 0
    outer loop
      vertex 0 0.196071895 0
      vertex 0.00988732638 0.196071895 0.003
      vertex 0 0.196071895 0.003
    endloop
  endfacet
  facet normal 1 0 0
    outer loop
      vertex 0.00988732638 0.196071895 0
      vertex 0.00988732638 0.197568627 0
      vertex 0.00988732638 0.197568627 0.003
    endloop
  endfacet
  facet normal 1 0 0
    outer loop
      vertex 0.00988732638 0.196071895 0
      vertex 0.00988732638 0.197568627 0.003
      vertex 0.00988732638 0.196071895 0.003
    endloop
  endfacet
  facet normal 0 1 0
    outer loop
      vertex 0.00988732638 0.197568627 0
      vertex 0 0.197568627 0
      vertex 0 0.197568627 0.003
    endloop
  endfacet
  facet normal 0 1 -0
    outer loop
      vertex 0.00988732638 0.197568627 0
      vertex 0 0.197568627 0.003
      vertex 0.00988732638 0.197568627 0.003
    endloop
  endfacet
  facet normal -1 0 0
    outer loop
      vertex 0 0.197568627 0
      vertex 0 0.196071895 0
      vertex 0 0.196071895 0.003
    endloop
  endfacet
  facet normal -1 0 0
    outer loop
      vertex 0 0.197568627 0
      vertex 0 0.196071895 0.003
      vertex 0 0.197568627 0.003
    endloop
  endfacet
  facet normal 0 0 -1
    outer loop
      vertex 0.0136581282 0.196071895 0
      vertex 0.0569782355 0.197568627 0
      vertex 0.0569782355 0.196071895 0
    endloop
  endfacet
  facet normal 0 0 -1
    outer loop
      vertex 0.0136581282 0.196071895 0
      vertex 0.0136581282 0.197568627 0
      vertex 0.0569782355 0.197568627 0
    endloop
  endfacet
  facet normal 0 0 1
    outer loop
      vertex 0.0136581282 0.196071895 0.003
      vertex 0.0569782355 0.196071895 0.003
      vertex 0.0569782355 0.197568627 0.003
    endloop
  endfacet
  facet normal 0 0 1
    outer loop
      vertex 0.0136581282 0.196071895 0.003
      vertex 0.0569782355 0.197568627 0.003
      vertex 0.0136581282 0.197568627 0.003
    endloop
  endfacet
  facet normal 0 -1 0
    outer loop
      vertex 0.0136581282 0.196071895 0
      vertex 0.0569782355 0.196071895 0
      vertex 0.0569782355 0.196071895 0.003
    endloop
  endfacet
  facet normal 0 -1 0
    outer loop
      vertex 0.0136581282 0.196071895 0
      vertex 0.0569782355 0.196071895 0.003
      vertex 0.0136581282 0.196071895 0.003
    endloop
  endfacet
  facet normal 1 0 0
    outer loop
      vertex 0.0569782355 0.196071895 0
      vertex 0.0569782355 0.197568627 0
      vertex 0.0569782355 0.197568627 0.003
    endloop
  endfacet
  facet normal 1 0 0
    outer loop
      vertex 0.0569782355 0.196071895 0
      vertex 0.0569782355 0.197568627 0.003
      vertex 0.0569782355 0.196071895 0.003
    endloop
  endfacet
  facet normal 0 1 0
    outer loop
      vertex 0.0569782355 0.197568627 0
      vertex 0.0136581282 0.197568627 0
      vertex 0.0136581282 0.197568627 0.003
    endloop
  endfacet
  facet normal 0 1 -0
    outer loop
      vertex 0.0569782355 0.197568627 0
      vertex 0.0136581282 0.197568627 0.003
      vertex 0.0569782355 0.197568627 0.003
    endloop
  endfacet
  facet normal -1 0 0
    outer loop
      vertex 0.0136581282 0.197568627 0
      vertex 0.0136581282 0.196071895 0
      vertex 0.0136581282 0.196071895 0.003
    endloop
  endfacet
  facet normal -1 0 0
    outer loop
      vertex 0.0136581282 0.197568627 0
      vertex 0.0136581282 0.196071895 0.003
      vertex 0.0136581282 0.197568627 0.003
    endloop
  endfacet
  facet normal 0 0 -1
    outer loop
      vertex 0.0607490373 0.196071895 0
      vertex 0.127614599 0.197568627 0
      vertex 0.127614599 0.196071895 0
    endloop
  endfacet
  facet normal 0 0 -1
    outer loop
      vertex 0.0607490373 0.196071895 0
      vertex 0.0607490373 0.197568627 0
      vertex 0.127614599 0.197568627 0
    endloop
  endfacet
  facet normal 0 0 1
    outer loop
      vertex 0.0607490373 0.196071895 0.003
      vertex 0.127614599 0.196071895 0.003
      vertex 0.127614599 0.197568627 0.003
    endloop
  endfacet
  facet normal 0 0 1
    outer loop
      vertex 0.0607490373 0.196071895 0.003
      vertex 0.127614599 0.197568627 0.003
      vertex 0.0607490373 0.197568627 0.003
    endloop
  endfacet
  facet normal 0 -1 0
    outer loop
      vertex 0.0607490373 0.196071895 0
      vertex 0.127614599 0.196071895 0
      vertex 0.127614599 0.196071895 0.003
    endloop
  endfacet
  facet normal 0 -1 0
    outer loop
      vertex 0.0607490373 0.196071895 0
      vertex 0.127614599 0.196071895 0.003
      vertex 0.0607490373 0.196071895 0.003
    endloop
  endfacet
  facet normal 1 0 0
    outer loop
      vertex 0.127614599 0.196071895 0
      vertex 0.127614599 0.197568627 0
      vertex 0.127614599 0.197568627 0.003
    endloop
  endfacet
  facet normal 1 0 0
    outer loop
      vertex 0.127614599 0.196071895 0
      vertex 0.127614599 0.197568627 0.003
      vertex 0.127614599 0.196071895 0.003
    endloop
  endfacet
  facet normal 0 1 0
    outer loop
      vertex 0.127614599 0.197568627 0
      vertex 0.0607490373 0.197568627 0
      vertex 0.0607490373 0.197568627 0.003
    endloop
  endfacet
  facet normal 0 1 -0
    outer loop
      vertex 0.127614599 0.197568627 0
      vertex 0.0607490373 0.197568627 0.003
      vertex 0.127614599 0.197568627 0.003
    endloop
  endfacet
  facet normal -1 0 0
    outer loop
      vertex 0.0607490373 0.197568627 0
      vertex 0.0607490373 0.196071895 0
      vertex 0.0607490373 0.196071895 0.003
    endloop
  endfacet
  facet normal -1 0 0
    outer loop
      vertex 0.0607490373 0.197568627 0
      vertex 0.0607490373 0.196071895 0.003
      vertex 0.0607490373 0.197568627 0.003
    endloop
  endfacet
  facet normal 0 0 -1
    outer loop
      vertex 0.131385401 0.196071895 0
      vertex 0.174705508 0.197568627 0
      vertex 0.174705508 0.196071895 0
    endloop
  endfacet
  facet normal 0 0 -1
    outer loop
      vertex 0.131385401 0.196071895 0
      vertex 0.131385401 0.197568627 0
      vertex 0.174705508 0.197568627 0
    endloop
  endfacet
  facet normal 0 0 1
    outer loop
      vertex 0.131385401 0.196071895 0.003
      vertex 0.174705508 0.196071895 0.003
      vertex 0.174705508 0.197568627 0.003
    endloop
  endfacet
  facet normal 0 0 1
    outer loop
      vertex 0.131385401 0.196071895 0.003
      vertex 0.174705508 0.197568627 0.003
      vertex 0.131385401 0.197568627 0.003
    endloop
  endfacet
  facet normal 0 -1 0
    outer loop
      vertex 0.131385401 0.196071895 0
      vertex 0.174705508 0.196071895 0
      vertex 0.174705508 0.196071895 0.003
    endloop
  endfacet
  facet normal 0 -1 0
    outer loop
      vertex 0.131385401 0.196071895 0
      vertex 0.174705508 0.196071895 0.003
      vertex 0.131385401 0.196071895 0.003
    endloop
  endfacet
  facet normal 1 0 0
    outer loop
      vertex 0.174705508 0.196071895 0
      vertex 0.174705508 0.197568627 0
      vertex 0.174705508 0.197568627 0.003
    endloop
  endfacet
  facet normal 1 0 0
    outer loop
      vertex 0.174705508 0.196071895 0
      vertex 0.174705508 0.197568627 0.003
      vertex 0.174705508 0.196071895 0.003
    endloop
  endfacet
  facet normal 0 1 0
    outer loop
      vertex 0.174705508 0.197568627 0
      vertex 0.131385401 0.197568627 0
      vertex 0.131385401 0.197568627 0.003
    endloop
  endfacet
  facet normal 0 1 -0
    outer loop
      vertex 0.174705508 0.197568627 0
      vertex 0.131385401 0.197568627 0.003
      vertex 0.174705508 0.197568627 0.003
    endloop
  endfacet
  facet normal -1 0 0
    outer loop
      vertex 0.131385401 0.197568627 0
      vertex 0.131385401 0.196071895 0
      vertex 0.131385401 0.196071895 0.003
    endloop
  endfacet
  facet normal -1 0 0
    outer loop
      vertex 0.131385401 0.197568627 0
      vertex 0.131385401 0.196071895 0.003
      vertex 0.131385401 0.197568627 0.003
    endloop
  endfacet
  facet normal 0 0 -1
    outer loop
      vertex 0.17847631 0.196071895 0
      vertex 0.221796417 0.197568627 0
      vertex 0.221796417 0.196071895 0
    endloop
  endfacet
  facet normal 0 0 -1
    outer loop
      vertex 0.17847631 0.196071895 0
      vertex 0.17847631 0.197568627 0
      vertex 0.221796417 0.197568627 0
    endloop
  endfacet
  facet normal 0 0 1
    outer loop
      vertex 0.17847631 0.196071895 0.003
      vertex 0.221796417 0.196071895 0.003
      vertex 0.221796417 0.197568627 0.003
    endloop
  endfacet
  facet normal 0 0 1
    outer loop
      vertex 0.17847631 0.196071895 0.003
      vertex 0.221796417 0.197568627 0.003
      vertex 0.17847631 0.197568627 0.003
    endloop
  endfacet
  facet normal 0 -1 0
    outer loop
      vertex 0.17847631 0.196071895 0
      vertex 0.221796417 0.196071895 0
      vertex 0.221796417 0.196071895 0.003
    endloop
  endfacet
  facet normal 0 -1 0
    outer loop
      vertex 0.17847631 0.196071895 0
      vertex 0.221796417 0.196071895 0.003
      vertex 0.17847631 0.196071895 0.003
    endloop
  endfacet
  facet normal 1 0 0
    outer loop
      vertex 0.221796417 0.196071895 0
      vertex 0.221796417 0.197568627 0
      vertex 0.221796417 0.197568627 0.003
    endloop
  endfacet
  facet normal 1 0 0
    outer loop
      vertex 0.221796417 0.196071895 0
      vertex 0.221796417 0.197568627 0.003
      vertex 0.221796417 0.196071895 0.003
    endloop
  endfacet
  facet normal 0 1 0
    outer loop
      vertex 0.221796417 0.197568627 0
      vertex 0.17847631 0.197568627 0
      vertex 0.17847631 0.197568627 0.003
    endloop
  endfacet
  facet normal 0 1 -0
    outer loop
      vertex 0.221796417 0.197568627 0
      vertex 0.17847631 0.197568627 0.003
      vertex 0.221796417 0.197568627 0.003
    endloop
  endfacet
  facet normal -1 0 0
    outer loop
      vertex 0.17847631 0.197568627 0
      vertex 0.17847631 0.196071895 0
      vertex 0.17847631 0.196071895 0.003
    endloop
  endfacet
  facet normal -1 0 0
    outer loop
      vertex 0.17847631 0.197568627 0
      vertex 0.17847631 0.196071895 0.003
      vertex 0.17847631 0.197568627 0.003
    endloop
  endfacet
  facet normal 0 0 -1
    outer loop
      vertex 0.225567219 0.196071895 0
      vertex 0.259 0.197568627 0
      vertex 0.259 0.196071895 0
    endloop
  endfacet
  facet normal 0 0 -1
    outer loop
      vertex 0.225567219 0.196071895 0
      vertex 0.225567219 0.197568627 0
      vertex 0.259 0.197568627 0
    endloop
  endfacet
  facet normal 0 0 1
    outer loop
      vertex 0.225567219 0.196071895 0.003
      vertex 0.259 0.196071895 0.003
      vertex 0.259 0.197568627 0.003
    endloop
  endfacet
  facet normal 0 0 1
    outer loop
      vertex 0.225567219 0.196071895 0.003
      vertex 0.259 0.197568627 0.003
      vertex 0.225567219 0.197568627 0.003
    endloop
  endfacet
  facet normal 0 -1 0
    outer loop
      vertex 0.225567219 0.196071895 0
      vertex 0.259 0.196071895 0
      vertex 0.259 0.196071895 0.003
    endloop
  endfacet
  facet normal 0 -1 0
    outer loop
      vertex 0.225567219 0.196071895 0
      vertex 0.259 0.196071895 0.003
      vertex 0.225567219 0.196071895 0.003
    endloop
  endfacet
  facet normal 1 0 0
    outer loop
      vertex 0.259 0.196071895 0
      vertex 0.259 0.197568627 0
      vertex 0.259 0.197568627 0.003
    endloop
  endfacet
  facet normal 1 0 0
    outer loop
      vertex 0.259 0.196071895 0
      vertex 0.259 0.197568627 0.003
      vertex 0.259 0.196071895 0.003
    endloop
  endfacet
  facet normal 0 1 0
    outer loop
      vertex 0.259 0.197568627 0
      vertex 0.225567219 0.197568627 0
      vertex 0.225567219 0.197568627 0.003
    endloop
  endfacet
  facet normal 0 1 -0
    outer loop
      vertex 0.259 0.197568627 0
      vertex 0.225567219 0.197568627 0.003
      vertex 0.259 0.197568627 0.003
    endloop
  endfacet
  facet normal -1 0 0
    outer loop
      vertex 0.225567219 0.197568627 0
      vertex 0.225567219 0.196071895 0
      vertex 0.225567219 0.196071895 0.003
    endloop
  endfacet
  facet normal -1 0 0
    outer loop
      vertex 0.225567219 0.197568627 0
      vertex 0.225567219 0.196071895 0.003
      vertex 0.225567219 0.197568627 0.003
    endloop
  endfacet
  facet normal 0 0 -1
    outer loop
      vertex 0 0.197568627 0
      vertex 0.259 0.199065359 0
      vertex 0.259 0.197568627 0
    endloop
  endfacet
  facet normal 0 0 -1
    outer loop
      vertex 0 0.197568627 0
      vertex 0 0.199065359 0
      vertex 0.259 0.199065359 0
    endloop
  endfacet
  facet normal 0 0 1
    outer loop
      vertex 0 0.197568627 0.003
      vertex 0.259 0.197568627 0.003
      vertex 0.259 0.199065359 0.003
    endloop
  endfacet
  facet normal 0 0 1
    outer loop
      vertex 0 0.197568627 0.003
      vertex 0.259 0.199065359 0.003
      vertex 0 0.199065359 0.003
    endloop
  endfacet
  facet normal 0 -1 0
    outer loop
      vertex 0 0.197568627 0
      vertex 0.259 0.197568627 0
      vertex 0.259 0.197568627 0.003
    endloop
  endfacet
  facet normal 0 -1 0
    outer loop
      vertex 0 0.197568627 0
      vertex 0.259 0.197568627 0.003
      vertex 0 0.197568627 0.003
    endloop
  endfacet
  facet normal 1 0 0
    outer loop
      vertex 0.259 0.197568627 0
      vertex 0.259 0.199065359 0
      vertex 0.259 0.199065359 0.003
    endloop
  endfacet
  facet normal 1 0 0
    outer loop
      vertex 0.259 0.197568627 0
      vertex 0.259 0.199065359 0.003
      vertex 0.259 0.197568627 0.003
    endloop
  endfacet
  facet normal 0 1 0
    outer loop
      vertex 0.259 0.199065359 0
      vertex 0 0.199065359 0
      vertex 0 0.199065359 0.003
    endloop
  endfacet
  facet normal 0 1 -0
    outer loop
      vertex 0.259 0.199065359 0
      vertex 0 0.199065359 0.003
      vertex 0.259 0.199065359 0.003
    endloop
  endfacet
  facet normal -1 0 0
    outer loop
      vertex 0 0.199065359 0
      vertex 0 0.197568627 0
      vertex 0 0.197568627 0.003
    endloop
  endfacet
  facet normal -1 0 0
    outer loop
      vertex 0 0.199065359 0
      vertex 0 0.197568627 0.003
      vertex 0 0.199065359 0.003
    endloop
  endfacet
  facet normal 0 0 -1
    outer loop
      vertex 0 0.199065359 0
      vertex 0.259 0.200562092 0
      vertex 0.259 0.199065359 0
    endloop
  endfacet
  facet normal 0 0 -1
    outer loop
      vertex 0 0.199065359 0
      vertex 0 0.200562092 0
      vertex 0.259 0.200562092 0
    endloop
  endfacet
  facet normal 0 0 1
    outer loop
      vertex 0 0.199065359 0.003
      vertex 0.259 0.199065359 0.003
      vertex 0.259 0.200562092 0.003
    endloop
  endfacet
  facet normal 0 0 1
    outer loop
      vertex 0 0.199065359 0.003
      vertex 0.259 0.200562092 0.003
      vertex 0 0.200562092 0.003
    endloop
  endfacet
  facet normal 0 -1 0
    outer loop
      vertex 0 0.199065359 0
      vertex 0.259 0.199065359 0
      vertex 0.259 0.199065359 0.003
    endloop
  endfacet
  facet normal 0 -1 0
    outer loop
      vertex 0 0.199065359 0
      vertex 0.259 0.199065359 0.003
      vertex 0 0.199065359 0.003
    endloop
  endfacet
  facet normal 1 0 0
    outer loop
      vertex 0.259 0.199065359 0
      vertex 0.259 0.200562092 0
      vertex 0.259 0.200562092 0.003
    endloop
  endfacet
  facet normal 1 0 0
    outer loop
      vertex 0.259 0.199065359 0
      vertex 0.259 0.200562092 0.003
      vertex 0.259 0.199065359 0.003
    endloop
  endfacet
  facet normal 0 1 0
    outer loop
      vertex 0.259 0.200562092 0
      vertex 0 0.200562092 0
      vertex 0 0.200562092 0.003
    endloop
  endfacet
  facet normal 0 1 -0
    outer loop
      vertex 0.259 0.200562092 0
      vertex 0 0.200562092 0.003
      vertex 0.259 0.200562092 0.003
    endloop
  endfacet
  facet normal -1 0 0
    outer loop
      vertex 0 0.200562092 0
      vertex 0 0.199065359 0
      vertex 0 0.199065359 0.003
    endloop
  endfacet
  facet normal -1 0 0
    outer loop
      vertex 0 0.200562092 0
      vertex 0 0.199065359 0.003
      vertex 0 0.200562092 0.003
    endloop
  endfacet
  facet normal 0 0 -1
    outer loop
      vertex 0 0.200562092 0
      vertex 0.259 0.202058824 0
      vertex 0.259 0.200562092 0
    endloop
  endfacet
  facet normal 0 0 -1
    outer loop
      vertex 0 0.200562092 0
      vertex 0 0.202058824 0
      vertex 0.259 0.202058824 0
    endloop
  endfacet
  facet normal 0 0 1
    outer loop
      vertex 0 0.200562092 0.003
      vertex 0.259 0.200562092 0.003
      vertex 0.259 0.202058824 0.003
    endloop
  endfacet
  facet normal 0 0 1
    outer loop
      vertex 0 0.200562092 0.003
      vertex 0.259 0.202058824 0.003
      vertex 0 0.202058824 0.003
    endloop
  endfacet
  facet normal 0 -1 0
    outer loop
      vertex 0 0.200562092 0
      vertex 0.259 0.200562092 0
      vertex 0.259 0.200562092 0.003
    endloop
  endfacet
  facet normal 0 -1 0
    outer loop
      vertex 0 0.200562092 0
      vertex 0.259 0.200562092 0.003
      vertex 0 0.200562092 0.003
    endloop
  endfacet
  facet normal 1 0 0
    outer loop
      vertex 0.259 0.200562092 0
      vertex 0.259 0.202058824 0
      vertex 0.259 0.202058824 0.003
    endloop
  endfacet
  facet normal 1 0 0
    outer loop
      vertex 0.259 0.200562092 0
      vertex 0.259 0.202058824 0.003
      vertex 0.259 0.200562092 0.003
    endloop
  endfacet
  facet normal 0 1 0
    outer loop
      vertex 0.259 0.202058824 0
      vertex 0 0.202058824 0
      vertex 0 0.202058824 0.003
    endloop
  endfacet
  facet normal 0 1 -0
    outer loop
      vertex 0.259 0.202058824 0
      vertex 0 0.202058824 0.003
      vertex 0.259 0.202058824 0.003
    endloop
  endfacet
  facet normal -1 0 0
    outer loop
      vertex 0 0.202058824 0
      vertex 0 0.200562092 0
      vertex 0 0.200562092 0.003
    endloop
  endfacet
  facet normal -1 0 0
    outer loop
      vertex 0 0.202058824 0
      vertex 0 0.200562092 0.003
      vertex 0 0.202058824 0.003
    endloop
  endfacet
  facet normal 0 0 -1
    outer loop
      vertex 0 0.202058824 0
      vertex 0.259 0.203555556 0
      vertex 0.259 0.202058824 0
    endloop
  endfacet
  facet normal 0 0 -1
    outer loop
      vertex 0 0.202058824 0
      vertex 0 0.203555556 0
      vertex 0.259 0.203555556 0
    endloop
  endfacet
  facet normal 0 0 1
    outer loop
      vertex 0 0.202058824 0.003
      vertex 0.259 0.202058824 0.003
      vertex 0.259 0.203555556 0.003
    endloop
  endfacet
  facet normal 0 0 1
    outer loop
      vertex 0 0.202058824 0.003
      vertex 0.259 0.203555556 0.003
      vertex 0 0.203555556 0.003
    endloop
  endfacet
  facet normal 0 -1 0
    outer loop
      vertex 0 0.202058824 0
      vertex 0.259 0.202058824 0
      vertex 0.259 0.202058824 0.003
    endloop
  endfacet
  facet normal 0 -1 0
    outer loop
      vertex 0 0.202058824 0
      vertex 0.259 0.202058824 0.003
      vertex 0 0.202058824 0.003
    endloop
  endfacet
  facet normal 1 0 0
    outer loop
      vertex 0.259 0.202058824 0
      vertex 0.259 0.203555556 0
      vertex 0.259 0.203555556 0.003
    endloop
  endfacet
  facet normal 1 0 0
    outer loop
      vertex 0.259 0.202058824 0
      vertex 0.259 0.203555556 0.003
      vertex 0.259 0.202058824 0.003
    endloop
  endfacet
  facet normal 0 1 0
    outer loop
      vertex 0.259 0.203555556 0
      vertex 0 0.203555556 0
      vertex 0 0.203555556 0.003
    endloop
  endfacet
  facet normal 0 1 -0
    outer loop
      vertex 0.259 0.203555556 0
      vertex 0 0.203555556 0.003
      vertex 0.259 0.203555556 0.003
    endloop
  endfacet
  facet normal -1 0 0
    outer loop
      vertex 0 0.203555556 0
      vertex 0 0.202058824 0
      vertex 0 0.202058824 0.003
    endloop
  endfacet
  facet normal -1 0 0
    outer loop
      vertex 0 0.203555556 0
      vertex 0 0.202058824 0.003
      vertex 0 0.203555556 0.003
    endloop
  endfacet
  facet normal 0 0 -1
    outer loop
      vertex 0 0.203555556 0
      vertex 0.259 0.205052288 0
      vertex 0.259 0.203555556 0
    endloop
  endfacet
  facet normal 0 0 -1
    outer loop
      vertex 0 0.203555556 0
      vertex 0 0.205052288 0
      vertex 0.259 0.205052288 0
    endloop
  endfacet
  facet normal 0 0 1
    outer loop
      vertex 0 0.203555556 0.003
      vertex 0.259 0.203555556 0.003
      vertex 0.259 0.205052288 0.003
    endloop
  endfacet
  facet normal 0 0 1
    outer loop
      vertex 0 0.203555556 0.003
      vertex 0.259 0.205052288 0.003
      vertex 0 0.205052288 0.003
    endloop
  endfacet
  facet normal 0 -1 0
    outer loop
      vertex 0 0.203555556 0
      vertex 0.259 0.203555556 0
      vertex 0.259 0.203555556 0.003
    endloop
  endfacet
  facet normal 0 -1 0
    outer loop
      vertex 0 0.203555556 0
      vertex 0.259 0.203555556 0.003
      vertex 0 0.203555556 0.003
    endloop
  endfacet
  facet normal 1 0 0
    outer loop
      vertex 0.259 0.203555556 0
      vertex 0.259 0.205052288 0
      vertex 0.259 0.205052288 0.003
    endloop
  endfacet
  facet normal 1 0 0
    outer loop
      vertex 0.259 0.203555556 0
      vertex 0.259 0.205052288 0.003
      vertex 0.259 0.203555556 0.003
    endloop
  endfacet
  facet normal 0 1 0
    outer loop
      vertex 0.259 0.205052288 0
      vertex 0 0.205052288 0
      vertex 0 0.205052288 0.003
    endloop
  endfacet
  facet normal 0 1 -0
    outer loop
      vertex 0.259 0.205052288 0
      vertex 0 0.205052288 0.003
      vertex 0.259 0.205052288 0.003
    endloop
  endfacet
  facet normal -1 0 0
    outer loop
      vertex 0 0.205052288 0
      vertex 0 0.203555556 0
      vertex 0 0.203555556 0.003
    endloop
  endfacet
  facet normal -1 0 0
    outer loop
      vertex 0 0.205052288 0
      vertex 0 0.203555556 0.003
      vertex 0 0.205052288 0.003
    endloop
  endfacet
  facet normal 0 0 -1
    outer loop
      vertex 0 0.205052288 0
      vertex 0.259 0.20654902 0
      vertex 0.259 0.205052288 0
    endloop
  endfacet
  facet normal 0 0 -1
    outer loop
      vertex 0 0.205052288 0
      vertex 0 0.20654902 0
      vertex 0.259 0.20654902 0
    endloop
  endfacet
  facet normal 0 0 1
    outer loop
      vertex 0 0.205052288 0.003
      vertex 0.259 0.205052288 0.003
      vertex 0.259 0.20654902 0.003
    endloop
  endfacet
  facet normal 0 0 1
    outer loop
      vertex 0 0.205052288 0.003
      vertex 0.259 0.20654902 0.003
      vertex 0 0.20654902 0.003
    endloop
  endfacet
  facet normal 0 -1 0
    outer loop
      vertex 0 0.205052288 0
      vertex 0.259 0.205052288 0
      vertex 0.259 0.205052288 0.003
    endloop
  endfacet
  facet normal 0 -1 0
    outer loop
      vertex 0 0.205052288 0
      vertex 0.259 0.205052288 0.003
      vertex 0 0.205052288 0.003
    endloop
  endfacet
  facet normal 1 0 0
    outer loop
      vertex 0.259 0.205052288 0
      vertex 0.259 0.20654902 0
      vertex 0.259 0.20654902 0.003
    endloop
  endfacet
  facet normal 1 0 0
    outer loop
      vertex 0.259 0.205052288 0
      vertex 0.259 0.20654902 0.003
      vertex 0.259 0.205052288 0.003
    endloop
  endfacet
  facet normal 0 1 0
    outer loop
      vertex 0.259 0.20654902 0
      vertex 0 0.20654902 0
      vertex 0 0.20654902 0.003
    endloop
  endfacet
  facet normal 0 1 -0
    outer loop
      vertex 0.259 0.20654902 0
      vertex 0 0.20654902 0.003
      vertex 0.259 0.20654902 0.003
    endloop
  endfacet
  facet normal -1 0 0
    outer loop
      vertex 0 0.20654902 0
      vertex 0 0.205052288 0
      vertex 0 0.205052288 0.003
    endloop
  endfacet
  facet normal -1 0 0
    outer loop
      vertex 0 0.20654902 0
      vertex 0 0.205052288 0.003
      vertex 0 0.20654902 0.003
    endloop
  endfacet
  facet normal 0 0 -1
    outer loop
      vertex 0 0.20654902 0
      vertex 0.259 0.208045752 0
      vertex 0.259 0.20654902 0
    endloop
  endfacet
  facet normal 0 0 -1
    outer loop
      vertex 0 0.20654902 0
      vertex 0 0.208045752 0
      vertex 0.259 0.208045752 0
    endloop
  endfacet
  facet normal 0 0 1
    outer loop
      vertex 0 0.20654902 0.003
      vertex 0.259 0.20654902 0.003
      vertex 0.259 0.208045752 0.003
    endloop
  endfacet
  facet normal 0 0 1
    outer loop
      vertex 0 0.20654902 0.003
      vertex 0.259 0.208045752 0.003
      vertex 0 0.208045752 0.003
    endloop
  endfacet
  facet normal 0 -1 0
    outer loop
      vertex 0 0.20654902 0
      vertex 0.259 0.20654902 0
      vertex 0.259 0.20654902 0.003
    endloop
  endfacet
  facet normal 0 -1 0
    outer loop
      vertex 0 0.20654902 0
      vertex 0.259 0.20654902 0.003
      vertex 0 0.20654902 0.003
    endloop
  endfacet
  facet normal 1 0 0
    outer loop
      vertex 0.259 0.20654902 0
      vertex 0.259 0.208045752 0
      vertex 0.259 0.208045752 0.003
    endloop
  endfacet
  facet normal 1 0 0
    outer loop
      vertex 0.259 0.20654902 0
      vertex 0.259 0.208045752 0.003
      vertex 0.259 0.20654902 0.003
    endloop
  endfacet
  facet normal 0 1 0
    outer loop
      vertex 0.259 0.208045752 0
      vertex 0 0.208045752 0
      vertex 0 0.208045752 0.003
    endloop
  endfacet
  facet normal 0 1 -0
    outer loop
      vertex 0.259 0.208045752 0
      vertex 0 0.208045752 0.003
      vertex 0.259 0.208045752 0.003
    endloop
  endfacet
  facet normal -1 0 0
    outer loop
      vertex 0 0.208045752 0
      vertex 0 0.20654902 0
      vertex 0 0.20654902 0.003
    endloop
  endfacet
  facet normal -1 0 0
    outer loop
      vertex 0 0.208045752 0
      vertex 0 0.20654902 0.003
      vertex 0 0.208045752 0.003
    endloop
  endfacet
  facet normal 0 0 -1
    outer loop
      vertex 0 0.208045752 0
      vertex 0.0230506505 0.209542484 0
      vertex 0.0230506505 0.208045752 0
    endloop
  endfacet
  facet normal 0 0 -1
    outer loop
      vertex 0 0.208045752 0
      vertex 0 0.209542484 0
      vertex 0.0230506505 0.209542484 0
    endloop
  endfacet
  facet normal 0 0 1
    outer loop
      vertex 0 0.208045752 0.003
      vertex 0.0230506505 0.208045752 0.003
      vertex 0.0230506505 0.209542484 0.003
    endloop
  endfacet
  facet normal 0 0 1
    outer loop
      vertex 0 0.208045752 0.003
      vertex 0.0230506505 0.209542484 0.003
      vertex 0 0.209542484 0.003
    endloop
  endfacet
  facet normal 0 -1 0
    outer loop
      vertex 0 0.208045752 0
      vertex 0.0230506505 0.208045752 0
      vertex 0.0230506505 0.208045752 0.003
    endloop
  endfacet
  facet normal 0 -1 0
    outer loop
      vertex 0 0.208045752 0
      vertex 0.0230506505 0.208045752 0.003
      vertex 0 0.208045752 0.003
    endloop
  endfacet
  facet normal 1 0 0
    outer loop
      vertex 0.0230506505 0.208045752 0
      vertex 0.0230506505 0.209542484 0
      vertex 0.0230506505 0.209542484 0.003
    endloop
  endfacet
  facet normal 1 0 0
    outer loop
      vertex 0.0230506505 0.208045752 0
      vertex 0.0230506505 0.209542484 0.003
      vertex 0.0230506505 0.208045752 0.003
    endloop
  endfacet
  facet normal 0 1 0
    outer loop
      vertex 0.0230506505 0.209542484 0
      vertex 0 0.209542484 0
      vertex 0 0.209542484 0.003
    endloop
  endfacet
  facet normal 0 1 -0
    outer loop
      vertex 0.0230506505 0.209542484 0
      vertex 0 0.209542484 0.003
      vertex 0.0230506505 0.209542484 0.003
    endloop
  endfacet
  facet normal -1 0 0
    outer loop
      vertex 0 0.209542484 0
      vertex 0 0.208045752 0
      vertex 0 0.208045752 0.003
    endloop
  endfacet
  facet normal -1 0 0
    outer loop
      vertex 0 0.209542484 0
      vertex 0 0.208045752 0.003
      vertex 0 0.209542484 0.003
    endloop
  endfacet
  facet normal 0 0 -1
    outer loop
      vertex 0.0240402586 0.208045752 0
      vertex 0.059546105 0.209542484 0
      vertex 0.059546105 0.208045752 0
    endloop
  endfacet
  facet normal 0 0 -1
    outer loop
      vertex 0.0240402586 0.208045752 0
      vertex 0.0240402586 0.209542484 0
      vertex 0.059546105 0.209542484 0
    endloop
  endfacet
  facet normal 0 0 1
    outer loop
      vertex 0.0240402586 0.208045752 0.003
      vertex 0.059546105 0.208045752 0.003
      vertex 0.059546105 0.209542484 0.003
    endloop
  endfacet
  facet normal 0 0 1
    outer loop
      vertex 0.0240402586 0.208045752 0.003
      vertex 0.059546105 0.209542484 0.003
      vertex 0.0240402586 0.209542484 0.003
    endloop
  endfacet
  facet normal 0 -1 0
    outer loop
      vertex 0.0240402586 0.208045752 0
      vertex 0.059546105 0.208045752 0
      vertex 0.059546105 0.208045752 0.003
    endloop
  endfacet
  facet normal 0 -1 0
    outer loop
      vertex 0.0240402586 0.208045752 0
      vertex 0.059546105 0.208045752 0.003
      vertex 0.0240402586 0.208045752 0.003
    endloop
  endfacet
  facet normal 1 0 0
    outer loop
      vertex 0.059546105 0.208045752 0
      vertex 0.059546105 0.209542484 0
      vertex 0.059546105 0.209542484 0.003
    endloop
  endfacet
  facet normal 1 0 0
    outer loop
      vertex 0.059546105 0.208045752 0
      vertex 0.059546105 0.209542484 0.003
      vertex 0.059546105 0.208045752 0.003
    endloop
  endfacet
  facet normal 0 1 0
    outer loop
      vertex 0.059546105 0.209542484 0
      vertex 0.0240402586 0.209542484 0
      vertex 0.0240402586 0.209542484 0.003
    endloop
  endfacet
  facet normal 0 1 -0
    outer loop
      vertex 0.059546105 0.209542484 0
      vertex 0.0240402586 0.209542484 0.003
      vertex 0.059546105 0.209542484 0.003
    endloop
  endfacet
  facet normal -1 0 0
    outer loop
      vertex 0.0240402586 0.209542484 0
      vertex 0.0240402586 0.208045752 0
      vertex 0.0240402586 0.208045752 0.003
    endloop
  endfacet
  facet normal -1 0 0
    outer loop
      vertex 0.0240402586 0.209542484 0
      vertex 0.0240402586 0.208045752 0.003
      vertex 0.0240402586 0.209542484 0.003
    endloop
  endfacet
  facet normal 0 0 -1
    outer loop
      vertex 0.0605357131 0.208045752 0
      vertex 0.211414287 0.209542484 0
      vertex 0.211414287 0.208045752 0
    endloop
  endfacet
  facet normal 0 0 -1
    outer loop
      vertex 0.0605357131 0.208045752 0
      vertex 0.0605357131 0.209542484 0
      vertex 0.211414287 0.209542484 0
    endloop
  endfacet
  facet normal 0 0 1
    outer loop
      vertex 0.0605357131 0.208045752 0.003
      vertex 0.211414287 0.208045752 0.003
      vertex 0.211414287 0.209542484 0.003
    endloop
  endfacet
  facet normal 0 0 1
    outer loop
      vertex 0.0605357131 0.208045752 0.003
      vertex 0.211414287 0.209542484 0.003
      vertex 0.0605357131 0.209542484 0.003
    endloop
  endfacet
  facet normal 0 -1 0
    outer loop
      vertex 0.0605357131 0.208045752 0
      vertex 0.211414287 0.208045752 0
      vertex 0.211414287 0.208045752 0.003
    endloop
  endfacet
  facet normal 0 -1 0
    outer loop
      vertex 0.0605357131 0.208045752 0
      vertex 0.211414287 0.208045752 0.003
      vertex 0.0605357131 0.208045752 0.003
    endloop
  endfacet
  facet normal 1 0 0
    outer loop
      vertex 0.211414287 0.208045752 0
      vertex 0.211414287 0.209542484 0
      vertex 0.211414287 0.209542484 0.003
    endloop
  endfacet
  facet normal 1 0 0
    outer loop
      vertex 0.211414287 0.208045752 0
      vertex 0.211414287 0.209542484 0.003
      vertex 0.211414287 0.208045752 0.003
    endloop
  endfacet
  facet normal 0 1 0
    outer loop
      vertex 0.211414287 0.209542484 0
      vertex 0.0605357131 0.209542484 0
      vertex 0.0605357131 0.209542484 0.003
    endloop
  endfacet
  facet normal 0 1 -0
    outer loop
      vertex 0.211414287 0.209542484 0
      vertex 0.0605357131 0.209542484 0.003
      vertex 0.211414287 0.209542484 0.003
    endloop
  endfacet
  facet normal -1 0 0
    outer loop
      vertex 0.0605357131 0.209542484 0
      vertex 0.0605357131 0.208045752 0
      vertex 0.0605357131 0.208045752 0.003
    endloop
  endfacet
  facet normal -1 0 0
    outer loop
      vertex 0.0605357131 0.209542484 0
      vertex 0.0605357131 0.208045752 0.003
      vertex 0.0605357131 0.209542484 0.003
    endloop
  endfacet
  facet normal 0 0 -1
    outer loop
      vertex 0.212403895 0.208045752 0
      vertex 0.259 0.209542484 0
      vertex 0.259 0.208045752 0
    endloop
  endfacet
  facet normal 0 0 -1
    outer loop
      vertex 0.212403895 0.208045752 0
      vertex 0.212403895 0.209542484 0
      vertex 0.259 0.209542484 0
    endloop
  endfacet
  facet normal 0 0 1
    outer loop
      vertex 0.212403895 0.208045752 0.003
      vertex 0.259 0.208045752 0.003
      vertex 0.259 0.209542484 0.003
    endloop
  endfacet
  facet normal 0 0 1
    outer loop
      vertex 0.212403895 0.208045752 0.003
      vertex 0.259 0.209542484 0.003
      vertex 0.212403895 0.209542484 0.003
    endloop
  endfacet
  facet normal 0 -1 0
    outer loop
      vertex 0.212403895 0.208045752 0
      vertex 0.259 0.208045752 0
      vertex 0.259 0.208045752 0.003
    endloop
  endfacet
  facet normal 0 -1 0
    outer loop
      vertex 0.212403895 0.208045752 0
      vertex 0.259 0.208045752 0.003
      vertex 0.212403895 0.208045752 0.003
    endloop
  endfacet
  facet normal 1 0 0
    outer loop
      vertex 0.259 0.208045752 0
      vertex 0.259 0.209542484 0
      vertex 0.259 0.209542484 0.003
    endloop
  endfacet
  facet normal 1 0 0
    outer loop
      vertex 0.259 0.208045752 0
      vertex 0.259 0.209542484 0.003
      vertex 0.259 0.208045752 0.003
    endloop
  endfacet
  facet normal 0 1 0
    outer loop
      vertex 0.259 0.209542484 0
      vertex 0.212403895 0.209542484 0
      vertex 0.212403895 0.209542484 0.003
    endloop
  endfacet
  facet normal 0 1 -0
    outer loop
      vertex 0.259 0.209542484 0
      vertex 0.212403895 0.209542484 0.003
      vertex 0.259 0.209542484 0.003
    endloop
  endfacet
  facet normal -1 0 0
    outer loop
      vertex 0.212403895 0.209542484 0
      vertex 0.212403895 0.208045752 0
      vertex 0.212403895 0.208045752 0.003
    endloop
  endfacet
  facet normal -1 0 0
    outer loop
      vertex 0.212403895 0.209542484 0
      vertex 0.212403895 0.208045752 0.003
      vertex 0.212403895 0.209542484 0.003
    endloop
  endfacet
  facet normal 0 0 -1
    outer loop
      vertex 0 0.209542484 0
      vertex 0.0190280779 0.211039216 0
      vertex 0.0190280779 0.209542484 0
    endloop
  endfacet
  facet normal 0 0 -1
    outer loop
      vertex 0 0.209542484 0
      vertex 0 0.211039216 0
      vertex 0.0190280779 0.211039216 0
    endloop
  endfacet
  facet normal 0 0 1
    outer loop
      vertex 0 0.209542484 0.003
      vertex 0.0190280779 0.209542484 0.003
      vertex 0.0190280779 0.211039216 0.003
    endloop
  endfacet
  facet normal 0 0 1
    outer loop
      vertex 0 0.209542484 0.003
      vertex 0.0190280779 0.211039216 0.003
      vertex 0 0.211039216 0.003
    endloop
  endfacet
  facet normal 0 -1 0
    outer loop
      vertex 0 0.209542484 0
      vertex 0.0190280779 0.209542484 0
      vertex 0.0190280779 0.209542484 0.003
    endloop
  endfacet
  facet normal 0 -1 0
    outer loop
      vertex 0 0.209542484 0
      vertex 0.0190280779 0.209542484 0.003
      vertex 0 0.209542484 0.003
    endloop
  endfacet
  facet normal 1 0 0
    outer loop
      vertex 0.0190280779 0.209542484 0
      vertex 0.0190280779 0.211039216 0
      vertex 0.0190280779 0.211039216 0.003
    endloop
  endfacet
  facet normal 1 0 0
    outer loop
      vertex 0.0190280779 0.209542484 0
      vertex 0.0190280779 0.211039216 0.003
      vertex 0.0190280779 0.209542484 0.003
    endloop
  endfacet
  facet normal 0 1 0
    outer loop
      vertex 0.0190280779 0.211039216 0
      vertex 0 0.211039216 0
      vertex 0 0.211039216 0.003
    endloop
  endfacet
  facet normal 0 1 -0
    outer loop
      vertex 0.0190280779 0.211039216 0
      vertex 0 0.211039216 0.003
      vertex 0.0190280779 0.211039216 0.003
    endloop
  endfacet
  facet normal -1 0 0
    outer loop
      vertex 0 0.211039216 0
      vertex 0 0.209542484 0
      vertex 0 0.209542484 0.003
    endloop
  endfacet
  facet normal -1 0 0
    outer loop
      vertex 0 0.211039216 0
      vertex 0 0.209542484 0.003
      vertex 0 0.211039216 0.003
    endloop
  endfacet
  facet normal 0 0 -1
    outer loop
      vertex 0.0280628312 0.209542484 0
      vertex 0.0555235324 0.211039216 0
      vertex 0.0555235324 0.209542484 0
    endloop
  endfacet
  facet normal 0 0 -1
    outer loop
      vertex 0.0280628312 0.209542484 0
      vertex 0.0280628312 0.211039216 0
      vertex 0.0555235324 0.211039216 0
    endloop
  endfacet
  facet normal 0 0 1
    outer loop
      vertex 0.0280628312 0.209542484 0.003
      vertex 0.0555235324 0.209542484 0.003
      vertex 0.0555235324 0.211039216 0.003
    endloop
  endfacet
  facet normal 0 0 1
    outer loop
      vertex 0.0280628312 0.209542484 0.003
      vertex 0.0555235324 0.211039216 0.003
      vertex 0.0280628312 0.211039216 0.003
    endloop
  endfacet
  facet normal 0 -1 0
    outer loop
      vertex 0.0280628312 0.209542484 0
      vertex 0.0555235324 0.209542484 0
      vertex 0.0555235324 0.209542484 0.003
    endloop
  endfacet
  facet normal 0 -1 0
    outer loop
      vertex 0.0280628312 0.209542484 0
      vertex 0.0555235324 0.209542484 0.003
      vertex 0.0280628312 0.209542484 0.003
    endloop
  endfacet
  facet normal 1 0 0
    outer loop
      vertex 0.0555235324 0.209542484 0
      vertex 0.0555235324 0.211039216 0
      vertex 0.0555235324 0.211039216 0.003
    endloop
  endfacet
  facet normal 1 0 0
    outer loop
      vertex 0.0555235324 0.209542484 0
      vertex 0.0555235324 0.211039216 0.003
      vertex 0.0555235324 0.209542484 0.003
    endloop
  endfacet
  facet normal 0 1 0
    outer loop
      vertex 0.0555235324 0.211039216 0
      vertex 0.0280628312 0.211039216 0
      vertex 0.0280628312 0.211039216 0.003
    endloop
  endfacet
  facet normal 0 1 -0
    outer loop
      vertex 0.0555235324 0.211039216 0
      vertex 0.0280628312 0.211039216 0.003
      vertex 0.0555235324 0.211039216 0.003
    endloop
  endfacet
  facet normal -1 0 0
    outer loop
      vertex 0.0280628312 0.211039216 0
      vertex 0.0280628312 0.209542484 0
      vertex 0.0280628312 0.209542484 0.003
    endloop
  endfacet
  facet normal -1 0 0
    outer loop
      vertex 0.0280628312 0.211039216 0
      vertex 0.0280628312 0.209542484 0.003
      vertex 0.0280628312 0.211039216 0.003
    endloop
  endfacet
  facet normal 0 0 -1
    outer loop
      vertex 0.0645582857 0.209542484 0
      vertex 0.207391714 0.211039216 0
      vertex 0.207391714 0.209542484 0
    endloop
  endfacet
  facet normal 0 0 -1
    outer loop
      vertex 0.0645582857 0.209542484 0
      vertex 0.0645582857 0.211039216 0
      vertex 0.207391714 0.211039216 0
    endloop
  endfacet
  facet normal 0 0 1
    outer loop
      vertex 0.0645582857 0.209542484 0.003
      vertex 0.207391714 0.209542484 0.003
      vertex 0.207391714 0.211039216 0.003
    endloop
  endfacet
  facet normal 0 0 1
    outer loop
      vertex 0.0645582857 0.209542484 0.003
      vertex 0.207391714 0.211039216 0.003
      vertex 0.0645582857 0.211039216 0.003
    endloop
  endfacet
  facet normal 0 -1 0
    outer loop
      vertex 0.0645582857 0.209542484 0
      vertex 0.207391714 0.209542484 0
      vertex 0.207391714 0.209542484 0.003
    endloop
  endfacet
  facet normal 0 -1 0
    outer loop
      vertex 0.0645582857 0.209542484 0
      vertex 0.207391714 0.209542484 0.003
      vertex 0.0645582857 0.209542484 0.003
    endloop
  endfacet
  facet normal 1 0 0
    outer loop
      vertex 0.207391714 0.209542484 0
      vertex 0.207391714 0.211039216 0
      vertex 0.207391714 0.211039216 0.003
    endloop
  endfacet
  facet normal 1 0 0
    outer loop
      vertex 0.207391714 0.209542484 0
      vertex 0.207391714 0.211039216 0.003
      vertex 0.207391714 0.209542484 0.003
    endloop
  endfacet
  facet normal 0 1 0
    outer loop
      vertex 0.207391714 0.211039216 0
      vertex 0.0645582857 0.211039216 0
      vertex 0.0645582857 0.211039216 0.003
    endloop
  endfacet
  facet normal 0 1 -0
    outer loop
      vertex 0.207391714 0.211039216 0
      vertex 0.0645582857 0.211039216 0.003
      vertex 0.207391714 0.211039216 0.003
    endloop
  endfacet
  facet normal -1 0 0
    outer loop
      vertex 0.0645582857 0.211039216 0
      vertex 0.0645582857 0.209542484 0
      vertex 0.0645582857 0.209542484 0.003
    endloop
  endfacet
  facet normal -1 0 0
    outer loop
      vertex 0.0645582857 0.211039216 0
      vertex 0.0645582857 0.209542484 0.003
      vertex 0.0645582857 0.211039216 0.003
    endloop
  endfacet
  facet normal 0 0 -1
    outer loop
      vertex 0.216426468 0.209542484 0
      vertex 0.259 0.211039216 0
      vertex 0.259 0.209542484 0
    endloop
  endfacet
  facet normal 0 0 -1
    outer loop
      vertex 0.216426468 0.209542484 0
      vertex 0.216426468 0.211039216 0
      vertex 0.259 0.211039216 0
    endloop
  endfacet
  facet normal 0 0 1
    outer loop
      vertex 0.216426468 0.209542484 0.003
      vertex 0.259 0.209542484 0.003
      vertex 0.259 0.211039216 0.003
    endloop
  endfacet
  facet normal 0 0 1
    outer loop
      vertex 0.216426468 0.209542484 0.003
      vertex 0.259 0.211039216 0.003
      vertex 0.216426468 0.211039216 0.003
    endloop
  endfacet
  facet normal 0 -1 0
    outer loop
      vertex 0.216426468 0.209542484 0
      vertex 0.259 0.209542484 0
      vertex 0.259 0.209542484 0.003
    endloop
  endfacet
  facet normal 0 -1 0
    outer loop
      vertex 0.216426468 0.209542484 0
      vertex 0.259 0.209542484 0.003
      vertex 0.216426468 0.209542484 0.003
    endloop
  endfacet
  facet normal 1 0 0
    outer loop
      vertex 0.259 0.209542484 0
      vertex 0.259 0.211039216 0
      vertex 0.259 0.211039216 0.003
    endloop
  endfacet
  facet normal 1 0 0
    outer loop
      vertex 0.259 0.209542484 0
      vertex 0.259 0.211039216 0.003
      vertex 0.259 0.209542484 0.003
    endloop
  endfacet
  facet normal 0 1 0
    outer loop
      vertex 0.259 0.211039216 0
      vertex 0.216426468 0.211039216 0
      vertex 0.216426468 0.211039216 0.003
    endloop
  endfacet
  facet normal 0 1 -0
    outer loop
      vertex 0.259 0.211039216 0
      vertex 0.216426468 0.211039216 0.003
      vertex 0.259 0.211039216 0.003
    endloop
  endfacet
  facet normal -1 0 0
    outer loop
      vertex 0.216426468 0.211039216 0
      vertex 0.216426468 0.209542484 0
      vertex 0.216426468 0.209542484 0.003
    endloop
  endfacet
  facet normal -1 0 0
    outer loop
      vertex 0.216426468 0.211039216 0
      vertex 0.216426468 0.209542484 0.003
      vertex 0.216426468 0.211039216 0.003
    endloop
  endfacet
  facet normal 0 0 -1
    outer loop
      vertex 0 0.211039216 0
      vertex 0.0175381141 0.212535948 0
      vertex 0.0175381141 0.211039216 0
    endloop
  endfacet
  facet normal 0 0 -1
    outer loop
      vertex 0 0.211039216 0
      vertex 0 0.212535948 0
      vertex 0.0175381141 0.212535948 0
    endloop
  endfacet
  facet normal 0 0 1
    outer loop
      vertex 0 0.211039216 0.003
      vertex 0.0175381141 0.211039216 0.003
      vertex 0.0175381141 0.212535948 0.003
    endloop
  endfacet
  facet normal 0 0 1
    outer loop
      vertex 0 0.211039216 0.003
      vertex 0.0175381141 0.212535948 0.003
      vertex 0 0.212535948 0.003
    endloop
  endfacet
  facet normal 0 -1 0
    outer loop
      vertex 0 0.211039216 0
      vertex 0.0175381141 0.211039216 0
      vertex 0.0175381141 0.211039216 0.003
    endloop
  endfacet
  facet normal 0 -1 0
    outer loop
      vertex 0 0.211039216 0
      vertex 0.0175381141 0.211039216 0.003
      vertex 0 0.211039216 0.003
    endloop
  endfacet
  facet normal 1 0 0
    outer loop
      vertex 0.0175381141 0.211039216 0
      vertex 0.0175381141 0.212535948 0
      vertex 0.0175381141 0.212535948 0.003
    endloop
  endfacet
  facet normal 1 0 0
    outer loop
      vertex 0.0175381141 0.211039216 0
      vertex 0.0175381141 0.212535948 0.003
      vertex 0.0175381141 0.211039216 0.003
    endloop
  endfacet
  facet normal 0 1 0
    outer loop
      vertex 0.0175381141 0.212535948 0
      vertex 0 0.212535948 0
      vertex 0 0.212535948 0.003
    endloop
  endfacet
  facet normal 0 1 -0
    outer loop
      vertex 0.0175381141 0.212535948 0
      vertex 0 0.212535948 0.003
      vertex 0.0175381141 0.212535948 0.003
    endloop
  endfacet
  facet normal -1 0 0
    outer loop
      vertex 0 0.212535948 0
      vertex 0 0.211039216 0
      vertex 0 0.211039216 0.003
    endloop
  endfacet
  facet normal -1 0 0
    outer loop
      vertex 0 0.212535948 0
      vertex 0 0.211039216 0.003
      vertex 0 0.212535948 0.003
    endloop
  endfacet
  facet normal 0 0 -1
    outer loop
      vertex 0.029552795 0.211039216 0
      vertex 0.0540335686 0.212535948 0
      vertex 0.0540335686 0.211039216 0
    endloop
  endfacet
  facet normal 0 0 -1
    outer loop
      vertex 0.029552795 0.211039216 0
      vertex 0.029552795 0.212535948 0
      vertex 0.0540335686 0.212535948 0
    endloop
  endfacet
  facet normal 0 0 1
    outer loop
      vertex 0.029552795 0.211039216 0.003
      vertex 0.0540335686 0.211039216 0.003
      vertex 0.0540335686 0.212535948 0.003
    endloop
  endfacet
  facet normal 0 0 1
    outer loop
      vertex 0.029552795 0.211039216 0.003
      vertex 0.0540335686 0.212535948 0.003
      vertex 0.029552795 0.212535948 0.003
    endloop
  endfacet
  facet normal 0 -1 0
    outer loop
      vertex 0.029552795 0.211039216 0
      vertex 0.0540335686 0.211039216 0
      vertex 0.0540335686 0.211039216 0.003
    endloop
  endfacet
  facet normal 0 -1 0
    outer loop
      vertex 0.029552795 0.211039216 0
      vertex 0.0540335686 0.211039216 0.003
      vertex 0.029552795 0.211039216 0.003
    endloop
  endfacet
  facet normal 1 0 0
    outer loop
      vertex 0.0540335686 0.211039216 0
      vertex 0.0540335686 0.212535948 0
      vertex 0.0540335686 0.212535948 0.003
    endloop
  endfacet
  facet normal 1 0 0
    outer loop
      vertex 0.0540335686 0.211039216 0
      vertex 0.0540335686 0.212535948 0.003
      vertex 0.0540335686 0.211039216 0.003
    endloop
  endfacet
  facet normal 0 1 0
    outer loop
      vertex 0.0540335686 0.212535948 0
      vertex 0.029552795 0.212535948 0
      vertex 0.029552795 0.212535948 0.003
    endloop
  endfacet
  facet normal 0 1 -0
    outer loop
      vertex 0.0540335686 0.212535948 0
      vertex 0.029552795 0.212535948 0.003
      vertex 0.0540335686 0.212535948 0.003
    endloop
  endfacet
  facet normal -1 0 0
    outer loop
      vertex 0.029552795 0.212535948 0
      vertex 0.029552795 0.211039216 0
      vertex 0.029552795 0.211039216 0.003
    endloop
  endfacet
  facet normal -1 0 0
    outer loop
      vertex 0.029552795 0.212535948 0
      vertex 0.029552795 0.211039216 0.003
      vertex 0.029552795 0.212535948 0.003
    endloop
  endfacet
  facet normal 0 0 -1
    outer loop
      vertex 0.0660482495 0.211039216 0
      vertex 0.20590175 0.212535948 0
      vertex 0.20590175 0.211039216 0
    endloop
  endfacet
  facet normal 0 0 -1
    outer loop
      vertex 0.0660482495 0.211039216 0
      vertex 0.0660482495 0.212535948 0
      vertex 0.20590175 0.212535948 0
    endloop
  endfacet
  facet normal 0 0 1
    outer loop
      vertex 0.0660482495 0.211039216 0.003
      vertex 0.20590175 0.211039216 0.003
      vertex 0.20590175 0.212535948 0.003
    endloop
  endfacet
  facet normal 0 0 1
    outer loop
      vertex 0.0660482495 0.211039216 0.003
      vertex 0.20590175 0.212535948 0.003
      vertex 0.0660482495 0.212535948 0.003
    endloop
  endfacet
  facet normal 0 -1 0
    outer loop
      vertex 0.0660482495 0.211039216 0
      vertex 0.20590175 0.211039216 0
      vertex 0.20590175 0.211039216 0.003
    endloop
  endfacet
  facet normal 0 -1 0
    outer loop
      vertex 0.0660482495 0.211039216 0
      vertex 0.20590175 0.211039216 0.003
      vertex 0.0660482495 0.211039216 0.003
    endloop
  endfacet
  facet normal 1 0 0
    outer loop
      vertex 0.20590175 0.211039216 0
      vertex 0.20590175 0.212535948 0
      vertex 0.20590175 0.212535948 0.003
    endloop
  endfacet
  facet normal 1 0 0
    outer loop
      vertex 0.20590175 0.211039216 0
      vertex 0.20590175 0.212535948 0.003
      vertex 0.20590175 0.211039216 0.003
    endloop
  endfacet
  facet normal 0 1 0
    outer loop
      vertex 0.20590175 0.212535948 0
      vertex 0.0660482495 0.212535948 0
      vertex 0.0660482495 0.212535948 0.003
    endloop
  endfacet
  facet normal 0 1 -0
    outer loop
      vertex 0.20590175 0.212535948 0
      vertex 0.0660482495 0.212535948 0.003
      vertex 0.20590175 0.212535948 0.003
    endloop
  endfacet
  facet normal -1 0 0
    outer loop
      vertex 0.0660482495 0.212535948 0
      vertex 0.0660482495 0.211039216 0
      vertex 0.0660482495 0.211039216 0.003
    endloop
  endfacet
  facet normal -1 0 0
    outer loop
      vertex 0.0660482495 0.212535948 0
      vertex 0.0660482495 0.211039216 0.003
      vertex 0.0660482495 0.212535948 0.003
    endloop
  endfacet
  facet normal 0 0 -1
    outer loop
      vertex 0.217916431 0.211039216 0
      vertex 0.259 0.212535948 0
      vertex 0.259 0.211039216 0
    endloop
  endfacet
  facet normal 0 0 -1
    outer loop
      vertex 0.217916431 0.211039216 0
      vertex 0.217916431 0.212535948 0
      vertex 0.259 0.212535948 0
    endloop
  endfacet
  facet normal 0 0 1
    outer loop
      vertex 0.217916431 0.211039216 0.003
      vertex 0.259 0.211039216 0.003
      vertex 0.259 0.212535948 0.003
    endloop
  endfacet
  facet normal 0 0 1
    outer loop
      vertex 0.217916431 0.211039216 0.003
      vertex 0.259 0.212535948 0.003
      vertex 0.217916431 0.212535948 0.003
    endloop
  endfacet
  facet normal 0 -1 0
    outer loop
      vertex 0.217916431 0.211039216 0
      vertex 0.259 0.211039216 0
      vertex 0.259 0.211039216 0.003
    endloop
  endfacet
  facet normal 0 -1 0
    outer loop
      vertex 0.217916431 0.211039216 0
      vertex 0.259 0.211039216 0.003
      vertex 0.217916431 0.211039216 0.003
    endloop
  endfacet
  facet normal 1 0 0
    outer loop
      vertex 0.259 0.211039216 0
      vertex 0.259 0.212535948 0
      vertex 0.259 0.212535948 0.003
    endloop
  endfacet
  facet normal 1 0 0
    outer loop
      vertex 0.259 0.211039216 0
      vertex 0.259 0.212535948 0.003
      vertex 0.259 0.211039216 0.003
    endloop
  endfacet
  facet normal 0 1 0
    outer loop
      vertex 0.259 0.212535948 0
      vertex 0.217916431 0.212535948 0
      vertex 0.217916431 0.212535948 0.003
    endloop
  endfacet
  facet normal 0 1 -0
    outer loop
      vertex 0.259 0.212535948 0
      vertex 0.217916431 0.212535948 0.003
      vertex 0.259 0.212535948 0.003
    endloop
  endfacet
  facet normal -1 0 0
    outer loop
      vertex 0.217916431 0.212535948 0
      vertex 0.217916431 0.211039216 0
      vertex 0.217916431 0.211039216 0.003
    endloop
  endfacet
  facet normal -1 0 0
    outer loop
      vertex 0.217916431 0.212535948 0
      vertex 0.217916431 0.211039216 0.003
      vertex 0.217916431 0.212535948 0.003
    endloop
  endfacet
  facet normal 0 0 -1
    outer loop
      vertex 0 0.212535948 0
      vertex 0.0166687422 0.21403268 0
      vertex 0.0166687422 0.212535948 0
    endloop
  endfacet
  facet normal 0 0 -1
    outer loop
      vertex 0 0.212535948 0
      vertex 0 0.21403268 0
      vertex 0.0166687422 0.21403268 0
    endloop
  endfacet
  facet normal 0 0 1
    outer loop
      vertex 0 0.212535948 0.003
      vertex 0.0166687422 0.212535948 0.003
      vertex 0.0166687422 0.21403268 0.003
    endloop
  endfacet
  facet normal 0 0 1
    outer loop
      vertex 0 0.212535948 0.003
      vertex 0.0166687422 0.21403268 0.003
      vertex 0 0.21403268 0.003
    endloop
  endfacet
  facet normal 0 -1 0
    outer loop
      vertex 0 0.212535948 0
      vertex 0.0166687422 0.212535948 0
      vertex 0.0166687422 0.212535948 0.003
    endloop
  endfacet
  facet normal 0 -1 0
    outer loop
      vertex 0 0.212535948 0
      vertex 0.0166687422 0.212535948 0.003
      vertex 0 0.212535948 0.003
    endloop
  endfacet
  facet normal 1 0 0
    outer loop
      vertex 0.0166687422 0.212535948 0
      vertex 0.0166687422 0.21403268 0
      vertex 0.0166687422 0.21403268 0.003
    endloop
  endfacet
  facet normal 1 0 0
    outer loop
      vertex 0.0166687422 0.212535948 0
      vertex 0.0166687422 0.21403268 0.003
      vertex 0.0166687422 0.212535948 0.003
    endloop
  endfacet
  facet normal 0 1 0
    outer loop
      vertex 0.0166687422 0.21403268 0
      vertex 0 0.21403268 0
      vertex 0 0.21403268 0.003
    endloop
  endfacet
  facet normal 0 1 -0
    outer loop
      vertex 0.0166687422 0.21403268 0
      vertex 0 0.21403268 0.003
      vertex 0.0166687422 0.21403268 0.003
    endloop
  endfacet
  facet normal -1 0 0
    outer loop
      vertex 0 0.21403268 0
      vertex 0 0.212535948 0
      vertex 0 0.212535948 0.003
    endloop
  endfacet
  facet normal -1 0 0
    outer loop
      vertex 0 0.21403268 0
      vertex 0 0.212535948 0.003
      vertex 0 0.21403268 0.003
    endloop
  endfacet
  facet normal 0 0 -1
    outer loop
      vertex 0.0304221669 0.212535948 0
      vertex 0.0531641967 0.21403268 0
      vertex 0.0531641967 0.212535948 0
    endloop
  endfacet
  facet normal 0 0 -1
    outer loop
      vertex 0.0304221669 0.212535948 0
      vertex 0.0304221669 0.21403268 0
      vertex 0.0531641967 0.21403268 0
    endloop
  endfacet
  facet normal 0 0 1
    outer loop
      vertex 0.0304221669 0.212535948 0.003
      vertex 0.0531641967 0.212535948 0.003
      vertex 0.0531641967 0.21403268 0.003
    endloop
  endfacet
  facet normal 0 0 1
    outer loop
      vertex 0.0304221669 0.212535948 0.003
      vertex 0.0531641967 0.21403268 0.003
      vertex 0.0304221669 0.21403268 0.003
    endloop
  endfacet
  facet normal 0 -1 0
    outer loop
      vertex 0.0304221669 0.212535948 0
      vertex 0.0531641967 0.212535948 0
      vertex 0.0531641967 0.212535948 0.003
    endloop
  endfacet
  facet normal 0 -1 0
    outer loop
      vertex 0.0304221669 0.212535948 0
      vertex 0.0531641967 0.212535948 0.003
      vertex 0.0304221669 0.212535948 0.003
    endloop
  endfacet
  facet normal 1 0 0
    outer loop
      vertex 0.0531641967 0.212535948 0
      vertex 0.0531641967 0.21403268 0
      vertex 0.0531641967 0.21403268 0.003
    endloop
  endfacet
  facet normal 1 0 0
    outer loop
      vertex 0.0531641967 0.212535948 0
      vertex 0.0531641967 0.21403268 0.003
      vertex 0.0531641967 0.212535948 0.003
    endloop
  endfacet
  facet normal 0 1 0
    outer loop
      vertex 0.0531641967 0.21403268 0
      vertex 0.0304221669 0.21403268 0
      vertex 0.0304221669 0.21403268 0.003
    endloop
  endfacet
  facet normal 0 1 -0
    outer loop
      vertex 0.0531641967 0.21403268 0
      vertex 0.0304221669 0.21403268 0.003
      vertex 0.0531641967 0.21403268 0.003
    endloop
  endfacet
  facet normal -1 0 0
    outer loop
      vertex 0.0304221669 0.21403268 0
      vertex 0.0304221669 0.212535948 0
      vertex 0.0304221669 0.212535948 0.003
    endloop
  endfacet
  facet normal -1 0 0
    outer loop
      vertex 0.0304221669 0.21403268 0
      vertex 0.0304221669 0.212535948 0.003
      vertex 0.0304221669 0.21403268 0.003
    endloop
  endfacet
  facet normal 0 0 -1
    outer loop
      vertex 0.0669176215 0.212535948 0
      vertex 0.205032379 0.21403268 0
      vertex 0.205032379 0.212535948 0
    endloop
  endfacet
  facet normal 0 0 -1
    outer loop
      vertex 0.0669176215 0.212535948 0
      vertex 0.0669176215 0.21403268 0
      vertex 0.205032379 0.21403268 0
    endloop
  endfacet
  facet normal 0 0 1
    outer loop
      vertex 0.0669176215 0.212535948 0.003
      vertex 0.205032379 0.212535948 0.003
      vertex 0.205032379 0.21403268 0.003
    endloop
  endfacet
  facet normal 0 0 1
    outer loop
      vertex 0.0669176215 0.212535948 0.003
      vertex 0.205032379 0.21403268 0.003
      vertex 0.0669176215 0.21403268 0.003
    endloop
  endfacet
  facet normal 0 -1 0
    outer loop
      vertex 0.0669176215 0.212535948 0
      vertex 0.205032379 0.212535948 0
      vertex 0.205032379 0.212535948 0.003
    endloop
  endfacet
  facet normal 0 -1 0
    outer loop
      vertex 0.0669176215 0.212535948 0
      vertex 0.205032379 0.212535948 0.003
      vertex 0.0669176215 0.212535948 0.003
    endloop
  endfacet
  facet normal 1 0 0
    outer loop
      vertex 0.205032379 0.212535948 0
      vertex 0.205032379 0.21403268 0
      vertex 0.205032379 0.21403268 0.003
    endloop
  endfacet
  facet normal 1 0 0
    outer loop
      vertex 0.205032379 0.212535948 0
      vertex 0.205032379 0.21403268 0.003
      vertex 0.205032379 0.212535948 0.003
    endloop
  endfacet
  facet normal 0 1 0
    outer loop
      vertex 0.205032379 0.21403268 0
      vertex 0.0669176215 0.21403268 0
      vertex 0.0669176215 0.21403268 0.003
    endloop
  endfacet
  facet normal 0 1 -0
    outer loop
      vertex 0.205032379 0.21403268 0
      vertex 0.0669176215 0.21403268 0.003
      vertex 0.205032379 0.21403268 0.003
    endloop
  endfacet
  facet normal -1 0 0
    outer loop
      vertex 0.0669176215 0.21403268 0
      vertex 0.0669176215 0.212535948 0
      vertex 0.0669176215 0.212535948 0.003
    endloop
  endfacet
  facet normal -1 0 0
    outer loop
      vertex 0.0669176215 0.21403268 0
      vertex 0.0669176215 0.212535948 0.003
      vertex 0.0669176215 0.21403268 0.003
    endloop
  endfacet
  facet normal 0 0 -1
    outer loop
      vertex 0.218785803 0.212535948 0
      vertex 0.259 0.21403268 0
      vertex 0.259 0.212535948 0
    endloop
  endfacet
  facet normal 0 0 -1
    outer loop
      vertex 0.218785803 0.212535948 0
      vertex 0.218785803 0.21403268 0
      vertex 0.259 0.21403268 0
    endloop
  endfacet
  facet normal 0 0 1
    outer loop
      vertex 0.218785803 0.212535948 0.003
      vertex 0.259 0.212535948 0.003
      vertex 0.259 0.21403268 0.003
    endloop
  endfacet
  facet normal 0 0 1
    outer loop
      vertex 0.218785803 0.212535948 0.003
      vertex 0.259 0.21403268 0.003
      vertex 0.218785803 0.21403268 0.003
    endloop
  endfacet
  facet normal 0 -1 0
    outer loop
      vertex 0.218785803 0.212535948 0
      vertex 0.259 0.212535948 0
      vertex 0.259 0.212535948 0.003
    endloop
  endfacet
  facet normal 0 -1 0
    outer loop
      vertex 0.218785803 0.212535948 0
      vertex 0.259 0.212535948 0.003
      vertex 0.218785803 0.212535948 0.003
    endloop
  endfacet
  facet normal 1 0 0
    outer loop
      vertex 0.259 0.212535948 0
      vertex 0.259 0.21403268 0
      vertex 0.259 0.21403268 0.003
    endloop
  endfacet
  facet normal 1 0 0
    outer loop
      vertex 0.259 0.212535948 0
      vertex 0.259 0.21403268 0.003
      vertex 0.259 0.212535948 0.003
    endloop
  endfacet
  facet normal 0 1 0
    outer loop
      vertex 0.259 0.21403268 0
      vertex 0.218785803 0.21403268 0
      vertex 0.218785803 0.21403268 0.003
    endloop
  endfacet
  facet normal 0 1 -0
    outer loop
      vertex 0.259 0.21403268 0
      vertex 0.218785803 0.21403268 0.003
      vertex 0.259 0.21403268 0.003
    endloop
  endfacet
  facet normal -1 0 0
    outer loop
      vertex 0.218785803 0.21403268 0
      vertex 0.218785803 0.212535948 0
      vertex 0.218785803 0.212535948 0.003
    endloop
  endfacet
  facet normal -1 0 0
    outer loop
      vertex 0.218785803 0.21403268 0
      vertex 0.218785803 0.212535948 0.003
      vertex 0.218785803 0.21403268 0.003
    endloop
  endfacet
  facet normal 0 0 -1
    outer loop
      vertex 0 0.21403268 0
      vertex 0.016196319 0.215529412 0
      vertex 0.016196319 0.21403268 0
    endloop
  endfacet
  facet normal 0 0 -1
    outer loop
      vertex 0 0.21403268 0
      vertex 0 0.215529412 0
      vertex 0.016196319 0.215529412 0
    endloop
  endfacet
  facet normal 0 0 1
    outer loop
      vertex 0 0.21403268 0.003
      vertex 0.016196319 0.21403268 0.003
      vertex 0.016196319 0.215529412 0.003
    endloop
  endfacet
  facet normal 0 0 1
    outer loop
      vertex 0 0.21403268 0.003
      vertex 0.016196319 0.215529412 0.003
      vertex 0 0.215529412 0.003
    endloop
  endfacet
  facet normal 0 -1 0
    outer loop
      vertex 0 0.21403268 0
      vertex 0.016196319 0.21403268 0
      vertex 0.016196319 0.21403268 0.003
    endloop
  endfacet
  facet normal 0 -1 0
    outer loop
      vertex 0 0.21403268 0
      vertex 0.016196319 0.21403268 0.003
      vertex 0 0.21403268 0.003
    endloop
  endfacet
  facet normal 1 0 0
    outer loop
      vertex 0.016196319 0.21403268 0
      vertex 0.016196319 0.215529412 0
      vertex 0.016196319 0.215529412 0.003
    endloop
  endfacet
  facet normal 1 0 0
    outer loop
      vertex 0.016196319 0.21403268 0
      vertex 0.016196319 0.215529412 0.003
      vertex 0.016196319 0.21403268 0.003
    endloop
  endfacet
  facet normal 0 1 0
    outer loop
      vertex 0.016196319 0.215529412 0
      vertex 0 0.215529412 0
      vertex 0 0.215529412 0.003
    endloop
  endfacet
  facet normal 0 1 -0
    outer loop
      vertex 0.016196319 0.215529412 0
      vertex 0 0.215529412 0.003
      vertex 0.016196319 0.215529412 0.003
    endloop
  endfacet
  facet normal -1 0 0
    outer loop
      vertex 0 0.215529412 0
      vertex 0 0.21403268 0
      vertex 0 0.21403268 0.003
    endloop
  endfacet
  facet normal -1 0 0
    outer loop
      vertex 0 0.215529412 0
      vertex 0 0.21403268 0.003
      vertex 0 0.215529412 0.003
    endloop
  endfacet
  facet normal 0 0 -1
    outer loop
      vertex 0.0308945901 0.21403268 0
      vertex 0.0526917735 0.215529412 0
      vertex 0.0526917735 0.21403268 0
    endloop
  endfacet
  facet normal 0 0 -1
    outer loop
      vertex 0.0308945901 0.21403268 0
      vertex 0.0308945901 0.215529412 0
      vertex 0.0526917735 0.215529412 0
    endloop
  endfacet
  facet normal 0 0 1
    outer loop
      vertex 0.0308945901 0.21403268 0.003
      vertex 0.0526917735 0.21403268 0.003
      vertex 0.0526917735 0.215529412 0.003
    endloop
  endfacet
  facet normal 0 0 1
    outer loop
      vertex 0.0308945901 0.21403268 0.003
      vertex 0.0526917735 0.215529412 0.003
      vertex 0.0308945901 0.215529412 0.003
    endloop
  endfacet
  facet normal 0 -1 0
    outer loop
      vertex 0.0308945901 0.21403268 0
      vertex 0.0526917735 0.21403268 0
      vertex 0.0526917735 0.21403268 0.003
    endloop
  endfacet
  facet normal 0 -1 0
    outer loop
      vertex 0.0308945901 0.21403268 0
      vertex 0.0526917735 0.21403268 0.003
      vertex 0.0308945901 0.21403268 0.003
    endloop
  endfacet
  facet normal 1 0 0
    outer loop
      vertex 0.0526917735 0.21403268 0
      vertex 0.0526917735 0.215529412 0
      vertex 0.0526917735 0.215529412 0.003
    endloop
  endfacet
  facet normal 1 0 0
    outer loop
      vertex 0.0526917735 0.21403268 0
      vertex 0.0526917735 0.215529412 0.003
      vertex 0.0526917735 0.21403268 0.003
    endloop
  endfacet
  facet normal 0 1 0
    outer loop
      vertex 0.0526917735 0.215529412 0
      vertex 0.0308945901 0.215529412 0
      vertex 0.0308945901 0.215529412 0.003
    endloop
  endfacet
  facet normal 0 1 -0
    outer loop
      vertex 0.0526917735 0.215529412 0
      vertex 0.0308945901 0.215529412 0.003
      vertex 0.0526917735 0.215529412 0.003
    endloop
  endfacet
  facet normal -1 0 0
    outer loop
      vertex 0.0308945901 0.215529412 0
      vertex 0.0308945901 0.21403268 0
      vertex 0.0308945901 0.21403268 0.003
    endloop
  endfacet
  facet normal -1 0 0
    outer loop
      vertex 0.0308945901 0.215529412 0
      vertex 0.0308945901 0.21403268 0.003
      vertex 0.0308945901 0.215529412 0.003
    endloop
  endfacet
  facet normal 0 0 -1
    outer loop
      vertex 0.0673900446 0.21403268 0
      vertex 0.204559955 0.215529412 0
      vertex 0.204559955 0.21403268 0
    endloop
  endfacet
  facet normal 0 0 -1
    outer loop
      vertex 0.0673900446 0.21403268 0
      vertex 0.0673900446 0.215529412 0
      vertex 0.204559955 0.215529412 0
    endloop
  endfacet
  facet normal 0 0 1
    outer loop
      vertex 0.0673900446 0.21403268 0.003
      vertex 0.204559955 0.21403268 0.003
      vertex 0.204559955 0.215529412 0.003
    endloop
  endfacet
  facet normal 0 0 1
    outer loop
      vertex 0.0673900446 0.21403268 0.003
      vertex 0.204559955 0.215529412 0.003
      vertex 0.0673900446 0.215529412 0.003
    endloop
  endfacet
  facet normal 0 -1 0
    outer loop
      vertex 0.0673900446 0.21403268 0
      vertex 0.204559955 0.21403268 0
      vertex 0.204559955 0.21403268 0.003
    endloop
  endfacet
  facet normal 0 -1 0
    outer loop
      vertex 0.0673900446 0.21403268 0
      vertex 0.204559955 0.21403268 0.003
      vertex 0.0673900446 0.21403268 0.003
    endloop
  endfacet
  facet normal 1 0 0
    outer loop
      vertex 0.204559955 0.21403268 0
      vertex 0.204559955 0.215529412 0
      vertex 0.204559955 0.215529412 0.003
    endloop
  endfacet
  facet normal 1 0 0
    outer loop
      vertex 0.204559955 0.21403268 0
      vertex 0.204559955 0.215529412 0.003
      vertex 0.204559955 0.21403268 0.003
    endloop
  endfacet
  facet normal 0 1 0
    outer loop
      vertex 0.204559955 0.215529412 0
      vertex 0.0673900446 0.215529412 0
      vertex 0.0673900446 0.215529412 0.003
    endloop
  endfacet
  facet normal 0 1 -0
    outer loop
      vertex 0.204559955 0.215529412 0
      vertex 0.0673900446 0.215529412 0.003
      vertex 0.204559955 0.215529412 0.003
    endloop
  endfacet
  facet normal -1 0 0
    outer loop
      vertex 0.0673900446 0.215529412 0
      vertex 0.0673900446 0.21403268 0
      vertex 0.0673900446 0.21403268 0.003
    endloop
  endfacet
  facet normal -1 0 0
    outer loop
      vertex 0.0673900446 0.215529412 0
      vertex 0.0673900446 0.21403268 0.003
      vertex 0.0673900446 0.215529412 0.003
    endloop
  endfacet
  facet normal 0 0 -1
    outer loop
      vertex 0.219258226 0.21403268 0
      vertex 0.259 0.215529412 0
      vertex 0.259 0.21403268 0
    endloop
  endfacet
  facet normal 0 0 -1
    outer loop
      vertex 0.219258226 0.21403268 0
      vertex 0.219258226 0.215529412 0
      vertex 0.259 0.215529412 0
    endloop
  endfacet
  facet normal 0 0 1
    outer loop
      vertex 0.219258226 0.21403268 0.003
      vertex 0.259 0.21403268 0.003
      vertex 0.259 0.215529412 0.003
    endloop
  endfacet
  facet normal 0 0 1
    outer loop
      vertex 0.219258226 0.21403268 0.003
      vertex 0.259 0.215529412 0.003
      vertex 0.219258226 0.215529412 0.003
    endloop
  endfacet
  facet normal 0 -1 0
    outer loop
      vertex 0.219258226 0.21403268 0
      vertex 0.259 0.21403268 0
      vertex 0.259 0.21403268 0.003
    endloop
  endfacet
  facet normal 0 -1 0
    outer loop
      vertex 0.219258226 0.21403268 0
      vertex 0.259 0.21403268 0.003
      vertex 0.219258226 0.21403268 0.003
    endloop
  endfacet
  facet normal 1 0 0
    outer loop
      vertex 0.259 0.21403268 0
      vertex 0.259 0.215529412 0
      vertex 0.259 0.215529412 0.003
    endloop
  endfacet
  facet normal 1 0 0
    outer loop
      vertex 0.259 0.21403268 0
      vertex 0.259 0.215529412 0.003
      vertex 0.259 0.21403268 0.003
    endloop
  endfacet
  facet normal 0 1 0
    outer loop
      vertex 0.259 0.215529412 0
      vertex 0.219258226 0.215529412 0
      vertex 0.219258226 0.215529412 0.003
    endloop
  endfacet
  facet normal 0 1 -0
    outer loop
      vertex 0.259 0.215529412 0
      vertex 0.219258226 0.215529412 0.003
      vertex 0.259 0.215529412 0.003
    endloop
  endfacet
  facet normal -1 0 0
    outer loop
      vertex 0.219258226 0.215529412 0
      vertex 0.219258226 0.21403268 0
      vertex 0.219258226 0.21403268 0.003
    endloop
  endfacet
  facet normal -1 0 0
    outer loop
      vertex 0.219258226 0.215529412 0
      vertex 0.219258226 0.21403268 0.003
      vertex 0.219258226 0.215529412 0.003
    endloop
  endfacet
  facet normal 0 0 -1
    outer loop
      vertex 0 0.215529412 0
      vertex 0.0160454545 0.217026144 0
      vertex 0.0160454545 0.215529412 0
    endloop
  endfacet
  facet normal 0 0 -1
    outer loop
      vertex 0 0.215529412 0
      vertex 0 0.217026144 0
      vertex 0.0160454545 0.217026144 0
    endloop
  endfacet
  facet normal 0 0 1
    outer loop
      vertex 0 0.215529412 0.003
      vertex 0.0160454545 0.215529412 0.003
      vertex 0.0160454545 0.217026144 0.003
    endloop
  endfacet
  facet normal 0 0 1
    outer loop
      vertex 0 0.215529412 0.003
      vertex 0.0160454545 0.217026144 0.003
      vertex 0 0.217026144 0.003
    endloop
  endfacet
  facet normal 0 -1 0
    outer loop
      vertex 0 0.215529412 0
      vertex 0.0160454545 0.215529412 0
      vertex 0.0160454545 0.215529412 0.003
    endloop
  endfacet
  facet normal 0 -1 0
    outer loop
      vertex 0 0.215529412 0
      vertex 0.0160454545 0.215529412 0.003
      vertex 0 0.215529412 0.003
    endloop
  endfacet
  facet normal 1 0 0
    outer loop
      vertex 0.0160454545 0.215529412 0
      vertex 0.0160454545 0.217026144 0
      vertex 0.0160454545 0.217026144 0.003
    endloop
  endfacet
  facet normal 1 0 0
    outer loop
      vertex 0.0160454545 0.215529412 0
      vertex 0.0160454545 0.217026144 0.003
      vertex 0.0160454545 0.215529412 0.003
    endloop
  endfacet
  facet normal 0 1 0
    outer loop
      vertex 0.0160454545 0.217026144 0
      vertex 0 0.217026144 0
      vertex 0 0.217026144 0.003
    endloop
  endfacet
  facet normal 0 1 -0
    outer loop
      vertex 0.0160454545 0.217026144 0
      vertex 0 0.217026144 0.003
      vertex 0.0160454545 0.217026144 0.003
    endloop
  endfacet
  facet normal -1 0 0
    outer loop
      vertex 0 0.217026144 0
      vertex 0 0.215529412 0
      vertex 0 0.215529412 0.003
    endloop
  endfacet
  facet normal -1 0 0
    outer loop
      vertex 0 0.217026144 0
      vertex 0 0.215529412 0.003
      vertex 0 0.217026144 0.003
    endloop
  endfacet
  facet normal 0 0 -1
    outer loop
      vertex 0.0310454545 0.215529412 0
      vertex 0.0525409091 0.217026144 0
      vertex 0.0525409091 0.215529412 0
    endloop
  endfacet
  facet normal 0 0 -1
    outer loop
      vertex 0.0310454545 0.215529412 0
      vertex 0.0310454545 0.217026144 0
      vertex 0.0525409091 0.217026144 0
    endloop
  endfacet
  facet normal 0 0 1
    outer loop
      vertex 0.0310454545 0.215529412 0.003
      vertex 0.0525409091 0.215529412 0.003
      vertex 0.0525409091 0.217026144 0.003
    endloop
  endfacet
  facet normal 0 0 1
    outer loop
      vertex 0.0310454545 0.215529412 0.003
      vertex 0.0525409091 0.217026144 0.003
      vertex 0.0310454545 0.217026144 0.003
    endloop
  endfacet
  facet normal 0 -1 0
    outer loop
      vertex 0.0310454545 0.215529412 0
      vertex 0.0525409091 0.215529412 0
      vertex 0.0525409091 0.215529412 0.003
    endloop
  endfacet
  facet normal 0 -1 0
    outer loop
      vertex 0.0310454545 0.215529412 0
      vertex 0.0525409091 0.215529412 0.003
      vertex 0.0310454545 0.215529412 0.003
    endloop
  endfacet
  facet normal 1 0 0
    outer loop
      vertex 0.0525409091 0.215529412 0
      vertex 0.0525409091 0.217026144 0
      vertex 0.0525409091 0.217026144 0.003
    endloop
  endfacet
  facet normal 1 0 0
    outer loop
      vertex 0.0525409091 0.215529412 0
      vertex 0.0525409091 0.217026144 0.003
      vertex 0.0525409091 0.215529412 0.003
    endloop
  endfacet
  facet normal 0 1 0
    outer loop
      vertex 0.0525409091 0.217026144 0
      vertex 0.0310454545 0.217026144 0
      vertex 0.0310454545 0.217026144 0.003
    endloop
  endfacet
  facet normal 0 1 -0
    outer loop
      vertex 0.0525409091 0.217026144 0
      vertex 0.0310454545 0.217026144 0.003
      vertex 0.0525409091 0.217026144 0.003
    endloop
  endfacet
  facet normal -1 0 0
    outer loop
      vertex 0.0310454545 0.217026144 0
      vertex 0.0310454545 0.215529412 0
      vertex 0.0310454545 0.215529412 0.003
    endloop
  endfacet
  facet normal -1 0 0
    outer loop
      vertex 0.0310454545 0.217026144 0
      vertex 0.0310454545 0.215529412 0.003
      vertex 0.0310454545 0.217026144 0.003
    endloop
  endfacet
  facet normal 0 0 -1
    outer loop
      vertex 0.0675409091 0.215529412 0
      vertex 0.204409091 0.217026144 0
      vertex 0.204409091 0.215529412 0
    endloop
  endfacet
  facet normal 0 0 -1
    outer loop
      vertex 0.0675409091 0.215529412 0
      vertex 0.0675409091 0.217026144 0
      vertex 0.204409091 0.217026144 0
    endloop
  endfacet
  facet normal 0 0 1
    outer loop
      vertex 0.0675409091 0.215529412 0.003
      vertex 0.204409091 0.215529412 0.003
      vertex 0.204409091 0.217026144 0.003
    endloop
  endfacet
  facet normal 0 0 1
    outer loop
      vertex 0.0675409091 0.215529412 0.003
      vertex 0.204409091 0.217026144 0.003
      vertex 0.0675409091 0.217026144 0.003
    endloop
  endfacet
  facet normal 0 -1 0
    outer loop
      vertex 0.0675409091 0.215529412 0
      vertex 0.204409091 0.215529412 0
      vertex 0.204409091 0.215529412 0.003
    endloop
  endfacet
  facet normal 0 -1 0
    outer loop
      vertex 0.0675409091 0.215529412 0
      vertex 0.204409091 0.215529412 0.003
      vertex 0.0675409091 0.215529412 0.003
    endloop
  endfacet
  facet normal 1 0 0
    outer loop
      vertex 0.204409091 0.215529412 0
      vertex 0.204409091 0.217026144 0
      vertex 0.204409091 0.217026144 0.003
    endloop
  endfacet
  facet normal 1 0 0
    outer loop
      vertex 0.204409091 0.215529412 0
      vertex 0.204409091 0.217026144 0.003
      vertex 0.204409091 0.215529412 0.003
    endloop
  endfacet
  facet normal 0 1 0
    outer loop
      vertex 0.204409091 0.217026144 0
      vertex 0.0675409091 0.217026144 0
      vertex 0.0675409091 0.217026144 0.003
    endloop
  endfacet
  facet normal 0 1 -0
    outer loop
      vertex 0.204409091 0.217026144 0
      vertex 0.0675409091 0.217026144 0.003
      vertex 0.204409091 0.217026144 0.003
    endloop
  endfacet
  facet normal -1 0 0
    outer loop
      vertex 0.0675409091 0.217026144 0
      vertex 0.0675409091 0.215529412 0
      vertex 0.0675409091 0.215529412 0.003
    endloop
  endfacet
  facet normal -1 0 0
    outer loop
      vertex 0.0675409091 0.217026144 0
      vertex 0.0675409091 0.215529412 0.003
      vertex 0.0675409091 0.217026144 0.003
    endloop
  endfacet
  facet normal 0 0 -1
    outer loop
      vertex 0.219409091 0.215529412 0
      vertex 0.259 0.217026144 0
      vertex 0.259 0.215529412 0
    endloop
  endfacet
  facet normal 0 0 -1
    outer loop
      vertex 0.219409091 0.215529412 0
      vertex 0.219409091 0.217026144 0
      vertex 0.259 0.217026144 0
    endloop
  endfacet
  facet normal 0 0 1
    outer loop
      vertex 0.219409091 0.215529412 0.003
      vertex 0.259 0.215529412 0.003
      vertex 0.259 0.217026144 0.003
    endloop
  endfacet
  facet normal 0 0 1
    outer loop
      vertex 0.219409091 0.215529412 0.003
      vertex 0.259 0.217026144 0.003
      vertex 0.219409091 0.217026144 0.003
    endloop
  endfacet
  facet normal 0 -1 0
    outer loop
      vertex 0.219409091 0.215529412 0
      vertex 0.259 0.215529412 0
      vertex 0.259 0.215529412 0.003
    endloop
  endfacet
  facet normal 0 -1 0
    outer loop
      vertex 0.219409091 0.215529412 0
      vertex 0.259 0.215529412 0.003
      vertex 0.219409091 0.215529412 0.003
    endloop
  endfacet
  facet normal 1 0 0
    outer loop
      vertex 0.259 0.215529412 0
      vertex 0.259 0.217026144 0
      vertex 0.259 0.217026144 0.003
    endloop
  endfacet
  facet normal 1 0 0
    outer loop
      vertex 0.259 0.215529412 0
      vertex 0.259 0.217026144 0.003
      vertex 0.259 0.215529412 0.003
    endloop
  endfacet
  facet normal 0 1 0
    outer loop
      vertex 0.259 0.217026144 0
      vertex 0.219409091 0.217026144 0
      vertex 0.219409091 0.217026144 0.003
    endloop
  endfacet
  facet normal 0 1 -0
    outer loop
      vertex 0.259 0.217026144 0
      vertex 0.219409091 0.217026144 0.003
      vertex 0.259 0.217026144 0.003
    endloop
  endfacet
  facet normal -1 0 0
    outer loop
      vertex 0.219409091 0.217026144 0
      vertex 0.219409091 0.215529412 0
      vertex 0.219409091 0.215529412 0.003
    endloop
  endfacet
  facet normal -1 0 0
    outer loop
      vertex 0.219409091 0.217026144 0
      vertex 0.219409091 0.215529412 0.003
      vertex 0.219409091 0.217026144 0.003
    endloop
  endfacet
  facet normal 0 0 -1
    outer loop
      vertex 0 0.217026144 0
      vertex 0.016196319 0.218522876 0
      vertex 0.016196319 0.217026144 0
    endloop
  endfacet
  facet normal 0 0 -1
    outer loop
      vertex 0 0.217026144 0
      vertex 0 0.218522876 0
      vertex 0.016196319 0.218522876 0
    endloop
  endfacet
  facet normal 0 0 1
    outer loop
      vertex 0 0.217026144 0.003
      vertex 0.016196319 0.217026144 0.003
      vertex 0.016196319 0.218522876 0.003
    endloop
  endfacet
  facet normal 0 0 1
    outer loop
      vertex 0 0.217026144 0.003
      vertex 0.016196319 0.218522876 0.003
      vertex 0 0.218522876 0.003
    endloop
  endfacet
  facet normal 0 -1 0
    outer loop
      vertex 0 0.217026144 0
      vertex 0.016196319 0.217026144 0
      vertex 0.016196319 0.217026144 0.003
    endloop
  endfacet
  facet normal 0 -1 0
    outer loop
      vertex 0 0.217026144 0
      vertex 0.016196319 0.217026144 0.003
      vertex 0 0.217026144 0.003
    endloop
  endfacet
  facet normal 1 0 0
    outer loop
      vertex 0.016196319 0.217026144 0
      vertex 0.016196319 0.218522876 0
      vertex 0.016196319 0.218522876 0.003
    endloop
  endfacet
  facet normal 1 0 0
    outer loop
      vertex 0.016196319 0.217026144 0
      vertex 0.016196319 0.218522876 0.003
      vertex 0.016196319 0.217026144 0.003
    endloop
  endfacet
  facet normal 0 1 0
    outer loop
      vertex 0.016196319 0.218522876 0
      vertex 0 0.218522876 0
      vertex 0 0.218522876 0.003
    endloop
  endfacet
  facet normal 0 1 -0
    outer loop
      vertex 0.016196319 0.218522876 0
      vertex 0 0.218522876 0.003
      vertex 0.016196319 0.218522876 0.003
    endloop
  endfacet
  facet normal -1 0 0
    outer loop
      vertex 0 0.218522876 0
      vertex 0 0.217026144 0
      vertex 0 0.217026144 0.003
    endloop
  endfacet
  facet normal -1 0 0
    outer loop
      vertex 0 0.218522876 0
      vertex 0 0.217026144 0.003
      vertex 0 0.218522876 0.003
    endloop
  endfacet
  facet normal 0 0 -1
    outer loop
      vertex 0.0308945901 0.217026144 0
      vertex 0.0526917735 0.218522876 0
      vertex 0.0526917735 0.217026144 0
    endloop
  endfacet
  facet normal 0 0 -1
    outer loop
      vertex 0.0308945901 0.217026144 0
      vertex 0.0308945901 0.218522876 0
      vertex 0.0526917735 0.218522876 0
    endloop
  endfacet
  facet normal 0 0 1
    outer loop
      vertex 0.0308945901 0.217026144 0.003
      vertex 0.0526917735 0.217026144 0.003
      vertex 0.0526917735 0.218522876 0.003
    endloop
  endfacet
  facet normal 0 0 1
    outer loop
      vertex 0.0308945901 0.217026144 0.003
      vertex 0.0526917735 0.218522876 0.003
      vertex 0.0308945901 0.218522876 0.003
    endloop
  endfacet
  facet normal 0 -1 0
    outer loop
      vertex 0.0308945901 0.217026144 0
      vertex 0.0526917735 0.217026144 0
      vertex 0.0526917735 0.217026144 0.003
    endloop
  endfacet
  facet normal 0 -1 0
    outer loop
      vertex 0.0308945901 0.217026144 0
      vertex 0.0526917735 0.217026144 0.003
      vertex 0.0308945901 0.217026144 0.003
    endloop
  endfacet
  facet normal 1 0 0
    outer loop
      vertex 0.0526917735 0.217026144 0
      vertex 0.0526917735 0.218522876 0
      vertex 0.0526917735 0.218522876 0.003
    endloop
  endfacet
  facet normal 1 0 0
    outer loop
      vertex 0.0526917735 0.217026144 0
      vertex 0.0526917735 0.218522876 0.003
      vertex 0.0526917735 0.217026144 0.003
    endloop
  endfacet
  facet normal 0 1 0
    outer loop
      vertex 0.0526917735 0.218522876 0
      vertex 0.0308945901 0.218522876 0
      vertex 0.0308945901 0.218522876 0.003
    endloop
  endfacet
  facet normal 0 1 -0
    outer loop
      vertex 0.0526917735 0.218522876 0
      vertex 0.0308945901 0.218522876 0.003
      vertex 0.0526917735 0.218522876 0.003
    endloop
  endfacet
  facet normal -1 0 0
    outer loop
      vertex 0.0308945901 0.218522876 0
      vertex 0.0308945901 0.217026144 0
      vertex 0.0308945901 0.217026144 0.003
    endloop
  endfacet
  facet normal -1 0 0
    outer loop
      vertex 0.0308945901 0.218522876 0
      vertex 0.0308945901 0.217026144 0.003
      vertex 0.0308945901 0.218522876 0.003
    endloop
  endfacet
  facet normal 0 0 -1
    outer loop
      vertex 0.0673900446 0.217026144 0
      vertex 0.204559955 0.218522876 0
      vertex 0.204559955 0.217026144 0
    endloop
  endfacet
  facet normal 0 0 -1
    outer loop
      vertex 0.0673900446 0.217026144 0
      vertex 0.0673900446 0.218522876 0
      vertex 0.204559955 0.218522876 0
    endloop
  endfacet
  facet normal 0 0 1
    outer loop
      vertex 0.0673900446 0.217026144 0.003
      vertex 0.204559955 0.217026144 0.003
      vertex 0.204559955 0.218522876 0.003
    endloop
  endfacet
  facet normal 0 0 1
    outer loop
      vertex 0.0673900446 0.217026144 0.003
      vertex 0.204559955 0.218522876 0.003
      vertex 0.0673900446 0.218522876 0.003
    endloop
  endfacet
  facet normal 0 -1 0
    outer loop
      vertex 0.0673900446 0.217026144 0
      vertex 0.204559955 0.217026144 0
      vertex 0.204559955 0.217026144 0.003
    endloop
  endfacet
  facet normal 0 -1 0
    outer loop
      vertex 0.0673900446 0.217026144 0
      vertex 0.204559955 0.217026144 0.003
      vertex 0.0673900446 0.217026144 0.003
    endloop
  endfacet
  facet normal 1 0 0
    outer loop
      vertex 0.204559955 0.217026144 0
      vertex 0.204559955 0.218522876 0
      vertex 0.204559955 0.218522876 0.003
    endloop
  endfacet
  facet normal 1 0 0
    outer loop
      vertex 0.204559955 0.217026144 0
      vertex 0.204559955 0.218522876 0.003
      vertex 0.204559955 0.217026144 0.003
    endloop
  endfacet
  facet normal 0 1 0
    outer loop
      vertex 0.204559955 0.218522876 0
      vertex 0.0673900446 0.218522876 0
      vertex 0.0673900446 0.218522876 0.003
    endloop
  endfacet
  facet normal 0 1 -0
    outer loop
      vertex 0.204559955 0.218522876 0
      vertex 0.0673900446 0.218522876 0.003
      vertex 0.204559955 0.218522876 0.003
    endloop
  endfacet
  facet normal -1 0 0
    outer loop
      vertex 0.0673900446 0.218522876 0
      vertex 0.0673900446 0.217026144 0
      vertex 0.0673900446 0.217026144 0.003
    endloop
  endfacet
  facet normal -1 0 0
    outer loop
      vertex 0.0673900446 0.218522876 0
      vertex 0.0673900446 0.217026144 0.003
      vertex 0.0673900446 0.218522876 0.003
    endloop
  endfacet
  facet normal 0 0 -1
    outer loop
      vertex 0.219258226 0.217026144 0
      vertex 0.259 0.218522876 0
      vertex 0.259 0.217026144 0
    endloop
  endfacet
  facet normal 0 0 -1
    outer loop
      vertex 0.219258226 0.217026144 0
      vertex 0.219258226 0.218522876 0
      vertex 0.259 0.218522876 0
    endloop
  endfacet
  facet normal 0 0 1
    outer loop
      vertex 0.219258226 0.217026144 0.003
      vertex 0.259 0.217026144 0.003
      vertex 0.259 0.218522876 0.003
    endloop
  endfacet
  facet normal 0 0 1
    outer loop
      vertex 0.219258226 0.217026144 0.003
      vertex 0.259 0.218522876 0.003
      vertex 0.219258226 0.218522876 0.003
    endloop
  endfacet
  facet normal 0 -1 0
    outer loop
      vertex 0.219258226 0.217026144 0
      vertex 0.259 0.217026144 0
      vertex 0.259 0.217026144 0.003
    endloop
  endfacet
  facet normal 0 -1 0
    outer loop
      vertex 0.219258226 0.217026144 0
      vertex 0.259 0.217026144 0.003
      vertex 0.219258226 0.217026144 0.003
    endloop
  endfacet
  facet normal 1 0 0
    outer loop
      vertex 0.259 0.217026144 0
      vertex 0.259 0.218522876 0
      vertex 0.259 0.218522876 0.003
    endloop
  endfacet
  facet normal 1 0 0
    outer loop
      vertex 0.259 0.217026144 0
      vertex 0.259 0.218522876 0.003
      vertex 0.259 0.217026144 0.003
    endloop
  endfacet
  facet normal 0 1 0
    outer loop
      vertex 0.259 0.218522876 0
      vertex 0.219258226 0.218522876 0
      vertex 0.219258226 0.218522876 0.003
    endloop
  endfacet
  facet normal 0 1 -0
    outer loop
      vertex 0.259 0.218522876 0
      vertex 0.219258226 0.218522876 0.003
      vertex 0.259 0.218522876 0.003
    endloop
  endfacet
  facet normal -1 0 0
    outer loop
      vertex 0.219258226 0.218522876 0
      vertex 0.219258226 0.217026144 0
      vertex 0.219258226 0.217026144 0.003
    endloop
  endfacet
  facet normal -1 0 0
    outer loop
      vertex 0.219258226 0.218522876 0
      vertex 0.219258226 0.217026144 0.003
      vertex 0.219258226 0.218522876 0.003
    endloop
  endfacet
  facet normal 0 0 -1
    outer loop
      vertex 0 0.218522876 0
      vertex 0.0166687422 0.220019608 0
      vertex 0.0166687422 0.218522876 0
    endloop
  endfacet
  facet normal 0 0 -1
    outer loop
      vertex 0 0.218522876 0
      vertex 0 0.220019608 0
      vertex 0.0166687422 0.220019608 0
    endloop
  endfacet
  facet normal 0 0 1
    outer loop
      vertex 0 0.218522876 0.003
      vertex 0.0166687422 0.218522876 0.003
      vertex 0.0166687422 0.220019608 0.003
    endloop
  endfacet
  facet normal 0 0 1
    outer loop
      vertex 0 0.218522876 0.003
      vertex 0.0166687422 0.220019608 0.003
      vertex 0 0.220019608 0.003
    endloop
  endfacet
  facet normal 0 -1 0
    outer loop
      vertex 0 0.218522876 0
      vertex 0.0166687422 0.218522876 0
      vertex 0.0166687422 0.218522876 0.003
    endloop
  endfacet
  facet normal 0 -1 0
    outer loop
      vertex 0 0.218522876 0
      vertex 0.0166687422 0.218522876 0.003
      vertex 0 0.218522876 0.003
    endloop
  endfacet
  facet normal 1 0 0
    outer loop
      vertex 0.0166687422 0.218522876 0
      vertex 0.0166687422 0.220019608 0
      vertex 0.0166687422 0.220019608 0.003
    endloop
  endfacet
  facet normal 1 0 0
    outer loop
      vertex 0.0166687422 0.218522876 0
      vertex 0.0166687422 0.220019608 0.003
      vertex 0.0166687422 0.218522876 0.003
    endloop
  endfacet
  facet normal 0 1 0
    outer loop
      vertex 0.0166687422 0.220019608 0
      vertex 0 0.220019608 0
      vertex 0 0.220019608 0.003
    endloop
  endfacet
  facet normal 0 1 -0
    outer loop
      vertex 0.0166687422 0.220019608 0
      vertex 0 0.220019608 0.003
      vertex 0.0166687422 0.220019608 0.003
    endloop
  endfacet
  facet normal -1 0 0
    outer loop
      vertex 0 0.220019608 0
      vertex 0 0.218522876 0
      vertex 0 0.218522876 0.003
    endloop
  endfacet
  facet normal -1 0 0
    outer loop
      vertex 0 0.220019608 0
      vertex 0 0.218522876 0.003
      vertex 0 0.220019608 0.003
    endloop
  endfacet
  facet normal 0 0 -1
    outer loop
      vertex 0.0304221669 0.218522876 0
      vertex 0.0531641967 0.220019608 0
      vertex 0.0531641967 0.218522876 0
    endloop
  endfacet
  facet normal 0 0 -1
    outer loop
      vertex 0.0304221669 0.218522876 0
      vertex 0.0304221669 0.220019608 0
      vertex 0.0531641967 0.220019608 0
    endloop
  endfacet
  facet normal 0 0 1
    outer loop
      vertex 0.0304221669 0.218522876 0.003
      vertex 0.0531641967 0.218522876 0.003
      vertex 0.0531641967 0.220019608 0.003
    endloop
  endfacet
  facet normal 0 0 1
    outer loop
      vertex 0.0304221669 0.218522876 0.003
      vertex 0.0531641967 0.220019608 0.003
      vertex 0.0304221669 0.220019608 0.003
    endloop
  endfacet
  facet normal 0 -1 0
    outer loop
      vertex 0.0304221669 0.218522876 0
      vertex 0.0531641967 0.218522876 0
      vertex 0.0531641967 0.218522876 0.003
    endloop
  endfacet
  facet normal 0 -1 0
    outer loop
      vertex 0.0304221669 0.218522876 0
      vertex 0.0531641967 0.218522876 0.003
      vertex 0.0304221669 0.218522876 0.003
    endloop
  endfacet
  facet normal 1 0 0
    outer loop
      vertex 0.0531641967 0.218522876 0
      vertex 0.0531641967 0.220019608 0
      vertex 0.0531641967 0.220019608 0.003
    endloop
  endfacet
  facet normal 1 0 0
    outer loop
      vertex 0.0531641967 0.218522876 0
      vertex 0.0531641967 0.220019608 0.003
      vertex 0.0531641967 0.218522876 0.003
    endloop
  endfacet
  facet normal 0 1 0
    outer loop
      vertex 0.0531641967 0.220019608 0
      vertex 0.0304221669 0.220019608 0
      vertex 0.0304221669 0.220019608 0.003
    endloop
  endfacet
  facet normal 0 1 -0
    outer loop
      vertex 0.0531641967 0.220019608 0
      vertex 0.0304221669 0.220019608 0.003
      vertex 0.0531641967 0.220019608 0.003
    endloop
  endfacet
  facet normal -1 0 0
    outer loop
      vertex 0.0304221669 0.220019608 0
      vertex 0.0304221669 0.218522876 0
      vertex 0.0304221669 0.218522876 0.003
    endloop
  endfacet
  facet normal -1 0 0
    outer loop
      vertex 0.0304221669 0.220019608 0
      vertex 0.0304221669 0.218522876 0.003
      vertex 0.0304221669 0.220019608 0.003
    endloop
  endfacet
  facet normal 0 0 -1
    outer loop
      vertex 0.0669176215 0.218522876 0
      vertex 0.205032379 0.220019608 0
      vertex 0.205032379 0.218522876 0
    endloop
  endfacet
  facet normal 0 0 -1
    outer loop
      vertex 0.0669176215 0.218522876 0
      vertex 0.0669176215 0.220019608 0
      vertex 0.205032379 0.220019608 0
    endloop
  endfacet
  facet normal 0 0 1
    outer loop
      vertex 0.0669176215 0.218522876 0.003
      vertex 0.205032379 0.218522876 0.003
      vertex 0.205032379 0.220019608 0.003
    endloop
  endfacet
  facet normal 0 0 1
    outer loop
      vertex 0.0669176215 0.218522876 0.003
      vertex 0.205032379 0.220019608 0.003
      vertex 0.0669176215 0.220019608 0.003
    endloop
  endfacet
  facet normal 0 -1 0
    outer loop
      vertex 0.0669176215 0.218522876 0
      vertex 0.205032379 0.218522876 0
      vertex 0.205032379 0.218522876 0.003
    endloop
  endfacet
  facet normal 0 -1 0
    outer loop
      vertex 0.0669176215 0.218522876 0
      vertex 0.205032379 0.218522876 0.003
      vertex 0.0669176215 0.218522876 0.003
    endloop
  endfacet
  facet normal 1 0 0
    outer loop
      vertex 0.205032379 0.218522876 0
      vertex 0.205032379 0.220019608 0
      vertex 0.205032379 0.220019608 0.003
    endloop
  endfacet
  facet normal 1 0 0
    outer loop
      vertex 0.205032379 0.218522876 0
      vertex 0.205032379 0.220019608 0.003
      vertex 0.205032379 0.218522876 0.003
    endloop
  endfacet
  facet normal 0 1 0
    outer loop
      vertex 0.205032379 0.220019608 0
      vertex 0.0669176215 0.220019608 0
      vertex 0.0669176215 0.220019608 0.003
    endloop
  endfacet
  facet normal 0 1 -0
    outer loop
      vertex 0.205032379 0.220019608 0
      vertex 0.0669176215 0.220019608 0.003
      vertex 0.205032379 0.220019608 0.003
    endloop
  endfacet
  facet normal -1 0 0
    outer loop
      vertex 0.0669176215 0.220019608 0
      vertex 0.0669176215 0.218522876 0
      vertex 0.0669176215 0.218522876 0.003
    endloop
  endfacet
  facet normal -1 0 0
    outer loop
      vertex 0.0669176215 0.220019608 0
      vertex 0.0669176215 0.218522876 0.003
      vertex 0.0669176215 0.220019608 0.003
    endloop
  endfacet
  facet normal 0 0 -1
    outer loop
      vertex 0.218785803 0.218522876 0
      vertex 0.259 0.220019608 0
      vertex 0.259 0.218522876 0
    endloop
  endfacet
  facet normal 0 0 -1
    outer loop
      vertex 0.218785803 0.218522876 0
      vertex 0.218785803 0.220019608 0
      vertex 0.259 0.220019608 0
    endloop
  endfacet
  facet normal 0 0 1
    outer loop
      vertex 0.218785803 0.218522876 0.003
      vertex 0.259 0.218522876 0.003
      vertex 0.259 0.220019608 0.003
    endloop
  endfacet
  facet normal 0 0 1
    outer loop
      vertex 0.218785803 0.218522876 0.003
      vertex 0.259 0.220019608 0.003
      vertex 0.218785803 0.220019608 0.003
    endloop
  endfacet
  facet normal 0 -1 0
    outer loop
      vertex 0.218785803 0.218522876 0
      vertex 0.259 0.218522876 0
      vertex 0.259 0.218522876 0.003
    endloop
  endfacet
  facet normal 0 -1 0
    outer loop
      vertex 0.218785803 0.218522876 0
      vertex 0.259 0.218522876 0.003
      vertex 0.218785803 0.218522876 0.003
    endloop
  endfacet
  facet normal 1 0 0
    outer loop
      vertex 0.259 0.218522876 0
      vertex 0.259 0.220019608 0
      vertex 0.259 0.220019608 0.003
    endloop
  endfacet
  facet normal 1 0 0
    outer loop
      vertex 0.259 0.218522876 0
      vertex 0.259 0.220019608 0.003
      vertex 0.259 0.218522876 0.003
    endloop
  endfacet
  facet normal 0 1 0
    outer loop
      vertex 0.259 0.220019608 0
      vertex 0.218785803 0.220019608 0
      vertex 0.218785803 0.220019608 0.003
    endloop
  endfacet
  facet normal 0 1 -0
    outer loop
      vertex 0.259 0.220019608 0
      vertex 0.218785803 0.220019608 0.003
      vertex 0.259 0.220019608 0.003
    endloop
  endfacet
  facet normal -1 0 0
    outer loop
      vertex 0.218785803 0.220019608 0
      vertex 0.218785803 0.218522876 0
      vertex 0.218785803 0.218522876 0.003
    endloop
  endfacet
  facet normal -1 0 0
    outer loop
      vertex 0.218785803 0.220019608 0
      vertex 0.218785803 0.218522876 0.003
      vertex 0.218785803 0.220019608 0.003
    endloop
  endfacet
  facet normal 0 0 -1
    outer loop
      vertex 0 0.220019608 0
      vertex 0.0175381141 0.22151634 0
      vertex 0.0175381141 0.220019608 0
    endloop
  endfacet
  facet normal 0 0 -1
    outer loop
      vertex 0 0.220019608 0
      vertex 0 0.22151634 0
      vertex 0.0175381141 0.22151634 0
    endloop
  endfacet
  facet normal 0 0 1
    outer loop
      vertex 0 0.220019608 0.003
      vertex 0.0175381141 0.220019608 0.003
      vertex 0.0175381141 0.22151634 0.003
    endloop
  endfacet
  facet normal 0 0 1
    outer loop
      vertex 0 0.220019608 0.003
      vertex 0.0175381141 0.22151634 0.003
      vertex 0 0.22151634 0.003
    endloop
  endfacet
  facet normal 0 -1 0
    outer loop
      vertex 0 0.220019608 0
      vertex 0.0175381141 0.220019608 0
      vertex 0.0175381141 0.220019608 0.003
    endloop
  endfacet
  facet normal 0 -1 0
    outer loop
      vertex 0 0.220019608 0
      vertex 0.0175381141 0.220019608 0.003
      vertex 0 0.220019608 0.003
    endloop
  endfacet
  facet normal 1 0 0
    outer loop
      vertex 0.0175381141 0.220019608 0
      vertex 0.0175381141 0.22151634 0
      vertex 0.0175381141 0.22151634 0.003
    endloop
  endfacet
  facet normal 1 0 0
    outer loop
      vertex 0.0175381141 0.220019608 0
      vertex 0.0175381141 0.22151634 0.003
      vertex 0.0175381141 0.220019608 0.003
    endloop
  endfacet
  facet normal 0 1 0
    outer loop
      vertex 0.0175381141 0.22151634 0
      vertex 0 0.22151634 0
      vertex 0 0.22151634 0.003
    endloop
  endfacet
  facet normal 0 1 -0
    outer loop
      vertex 0.0175381141 0.22151634 0
      vertex 0 0.22151634 0.003
      vertex 0.0175381141 0.22151634 0.003
    endloop
  endfacet
  facet normal -1 0 0
    outer loop
      vertex 0 0.22151634 0
      vertex 0 0.220019608 0
      vertex 0 0.220019608 0.003
    endloop
  endfacet
  facet normal -1 0 0
    outer loop
      vertex 0 0.22151634 0
      vertex 0 0.220019608 0.003
      vertex 0 0.22151634 0.003
    endloop
  endfacet
  facet normal 0 0 -1
    outer loop
      vertex 0.029552795 0.220019608 0
      vertex 0.0540335686 0.22151634 0
      vertex 0.0540335686 0.220019608 0
    endloop
  endfacet
  facet normal 0 0 -1
    outer loop
      vertex 0.029552795 0.220019608 0
      vertex 0.029552795 0.22151634 0
      vertex 0.0540335686 0.22151634 0
    endloop
  endfacet
  facet normal 0 0 1
    outer loop
      vertex 0.029552795 0.220019608 0.003
      vertex 0.0540335686 0.220019608 0.003
      vertex 0.0540335686 0.22151634 0.003
    endloop
  endfacet
  facet normal 0 0 1
    outer loop
      vertex 0.029552795 0.220019608 0.003
      vertex 0.0540335686 0.22151634 0.003
      vertex 0.029552795 0.22151634 0.003
    endloop
  endfacet
  facet normal 0 -1 0
    outer loop
      vertex 0.029552795 0.220019608 0
      vertex 0.0540335686 0.220019608 0
      vertex 0.0540335686 0.220019608 0.003
    endloop
  endfacet
  facet normal 0 -1 0
    outer loop
      vertex 0.029552795 0.220019608 0
      vertex 0.0540335686 0.220019608 0.003
      vertex 0.029552795 0.220019608 0.003
    endloop
  endfacet
  facet normal 1 0 0
    outer loop
      vertex 0.0540335686 0.220019608 0
      vertex 0.0540335686 0.22151634 0
      vertex 0.0540335686 0.22151634 0.003
    endloop
  endfacet
  facet normal 1 0 0
    outer loop
      vertex 0.0540335686 0.220019608 0
      vertex 0.0540335686 0.22151634 0.003
      vertex 0.0540335686 0.220019608 0.003
    endloop
  endfacet
  facet normal 0 1 0
    outer loop
      vertex 0.0540335686 0.22151634 0
      vertex 0.029552795 0.22151634 0
      vertex 0.029552795 0.22151634 0.003
    endloop
  endfacet
  facet normal 0 1 -0
    outer loop
      vertex 0.0540335686 0.22151634 0
      vertex 0.029552795 0.22151634 0.003
      vertex 0.0540335686 0.22151634 0.003
    endloop
  endfacet
  facet normal -1 0 0
    outer loop
      vertex 0.029552795 0.22151634 0
      vertex 0.029552795 0.220019608 0
      vertex 0.029552795 0.220019608 0.003
    endloop
  endfacet
  facet normal -1 0 0
    outer loop
      vertex 0.029552795 0.22151634 0
      vertex 0.029552795 0.220019608 0.003
      vertex 0.029552795 0.22151634 0.003
    endloop
  endfacet
  facet normal 0 0 -1
    outer loop
      vertex 0.0660482495 0.220019608 0
      vertex 0.20590175 0.22151634 0
      vertex 0.20590175 0.220019608 0
    endloop
  endfacet
  facet normal 0 0 -1
    outer loop
      vertex 0.0660482495 0.220019608 0
      vertex 0.0660482495 0.22151634 0
      vertex 0.20590175 0.22151634 0
    endloop
  endfacet
  facet normal 0 0 1
    outer loop
      vertex 0.0660482495 0.220019608 0.003
      vertex 0.20590175 0.220019608 0.003
      vertex 0.20590175 0.22151634 0.003
    endloop
  endfacet
  facet normal 0 0 1
    outer loop
      vertex 0.0660482495 0.220019608 0.003
      vertex 0.20590175 0.22151634 0.003
      vertex 0.0660482495 0.22151634 0.003
    endloop
  endfacet
  facet normal 0 -1 0
    outer loop
      vertex 0.0660482495 0.220019608 0
      vertex 0.20590175 0.220019608 0
      vertex 0.20590175 0.220019608 0.003
    endloop
  endfacet
  facet normal 0 -1 0
    outer loop
      vertex 0.0660482495 0.220019608 0
      vertex 0.20590175 0.220019608 0.003
      vertex 0.0660482495 0.220019608 0.003
    endloop
  endfacet
  facet normal 1 0 0
    outer loop
      vertex 0.20590175 0.220019608 0
      vertex 0.20590175 0.22151634 0
      vertex 0.20590175 0.22151634 0.003
    endloop
  endfacet
  facet normal 1 0 0
    outer loop
      vertex 0.20590175 0.220019608 0
      vertex 0.20590175 0.22151634 0.003
      vertex 0.20590175 0.220019608 0.003
    endloop
  endfacet
  facet normal 0 1 0
    outer loop
      vertex 0.20590175 0.22151634 0
      vertex 0.0660482495 0.22151634 0
      vertex 0.0660482495 0.22151634 0.003
    endloop
  endfacet
  facet normal 0 1 -0
    outer loop
      vertex 0.20590175 0.22151634 0
      vertex 0.0660482495 0.22151634 0.003
      vertex 0.20590175 0.22151634 0.003
    endloop
  endfacet
  facet normal -1 0 0
    outer loop
      vertex 0.0660482495 0.22151634 0
      vertex 0.0660482495 0.220019608 0
      vertex 0.0660482495 0.220019608 0.003
    endloop
  endfacet
  facet normal -1 0 0
    outer loop
      vertex 0.0660482495 0.22151634 0
      vertex 0.0660482495 0.220019608 0.003
      vertex 0.0660482495 0.22151634 0.003
    endloop
  endfacet
  facet normal 0 0 -1
    outer loop
      vertex 0.217916431 0.220019608 0
      vertex 0.259 0.22151634 0
      vertex 0.259 0.220019608 0
    endloop
  endfacet
  facet normal 0 0 -1
    outer loop
      vertex 0.217916431 0.220019608 0
      vertex 0.217916431 0.22151634 0
      vertex 0.259 0.22151634 0
    endloop
  endfacet
  facet normal 0 0 1
    outer loop
      vertex 0.217916431 0.220019608 0.003
      vertex 0.259 0.220019608 0.003
      vertex 0.259 0.22151634 0.003
    endloop
  endfacet
  facet normal 0 0 1
    outer loop
      vertex 0.217916431 0.220019608 0.003
      vertex 0.259 0.22151634 0.003
      vertex 0.217916431 0.22151634 0.003
    endloop
  endfacet
  facet normal 0 -1 0
    outer loop
      vertex 0.217916431 0.220019608 0
      vertex 0.259 0.220019608 0
      vertex 0.259 0.220019608 0.003
    endloop
  endfacet
  facet normal 0 -1 0
    outer loop
      vertex 0.217916431 0.220019608 0
      vertex 0.259 0.220019608 0.003
      vertex 0.217916431 0.220019608 0.003
    endloop
  endfacet
  facet normal 1 0 0
    outer loop
      vertex 0.259 0.220019608 0
      vertex 0.259 0.22151634 0
      vertex 0.259 0.22151634 0.003
    endloop
  endfacet
  facet normal 1 0 0
    outer loop
      vertex 0.259 0.220019608 0
      vertex 0.259 0.22151634 0.003
      vertex 0.259 0.220019608 0.003
    endloop
  endfacet
  facet normal 0 1 0
    outer loop
      vertex 0.259 0.22151634 0
      vertex 0.217916431 0.22151634 0
      vertex 0.217916431 0.22151634 0.003
    endloop
  endfacet
  facet normal 0 1 -0
    outer loop
      vertex 0.259 0.22151634 0
      vertex 0.217916431 0.22151634 0.003
      vertex 0.259 0.22151634 0.003
    endloop
  endfacet
  facet normal -1 0 0
    outer loop
      vertex 0.217916431 0.22151634 0
      vertex 0.217916431 0.220019608 0
      vertex 0.217916431 0.220019608 0.003
    endloop
  endfacet
  facet normal -1 0 0
    outer loop
      vertex 0.217916431 0.22151634 0
      vertex 0.217916431 0.220019608 0.003
      vertex 0.217916431 0.22151634 0.003
    endloop
  endfacet
  facet normal 0 0 -1
    outer loop
      vertex 0 0.22151634 0
      vertex 0.0190280779 0.223013072 0
      vertex 0.0190280779 0.22151634 0
    endloop
  endfacet
  facet normal 0 0 -1
    outer loop
      vertex 0 0.22151634 0
      vertex 0 0.223013072 0
      vertex 0.0190280779 0.223013072 0
    endloop
  endfacet
  facet normal 0 0 1
    outer loop
      vertex 0 0.22151634 0.003
      vertex 0.0190280779 0.22151634 0.003
      vertex 0.0190280779 0.223013072 0.003
    endloop
  endfacet
  facet normal 0 0 1
    outer loop
      vertex 0 0.22151634 0.003
      vertex 0.0190280779 0.223013072 0.003
      vertex 0 0.223013072 0.003
    endloop
  endfacet
  facet normal 0 -1 0
    outer loop
      vertex 0 0.22151634 0
      vertex 0.0190280779 0.22151634 0
      vertex 0.0190280779 0.22151634 0.003
    endloop
  endfacet
  facet normal 0 -1 0
    outer loop
      vertex 0 0.22151634 0
      vertex 0.0190280779 0.22151634 0.003
      vertex 0 0.22151634 0.003
    endloop
  endfacet
  facet normal 1 0 0
    outer loop
      vertex 0.0190280779 0.22151634 0
      vertex 0.0190280779 0.223013072 0
      vertex 0.0190280779 0.223013072 0.003
    endloop
  endfacet
  facet normal 1 0 0
    outer loop
      vertex 0.0190280779 0.22151634 0
      vertex 0.0190280779 0.223013072 0.003
      vertex 0.0190280779 0.22151634 0.003
    endloop
  endfacet
  facet normal 0 1 0
    outer loop
      vertex 0.0190280779 0.223013072 0
      vertex 0 0.223013072 0
      vertex 0 0.223013072 0.003
    endloop
  endfacet
  facet normal 0 1 -0
    outer loop
      vertex 0.0190280779 0.223013072 0
      vertex 0 0.223013072 0.003
      vertex 0.0190280779 0.223013072 0.003
    endloop
  endfacet
  facet normal -1 0 0
    outer loop
      vertex 0 0.223013072 0
      vertex 0 0.22151634 0
      vertex 0 0.22151634 0.003
    endloop
  endfacet
  facet normal -1 0 0
    outer loop
      vertex 0 0.223013072 0
      vertex 0 0.22151634 0.003
      vertex 0 0.223013072 0.003
    endloop
  endfacet
  facet normal 0 0 -1
    outer loop
      vertex 0.0280628312 0.22151634 0
      vertex 0.0555235324 0.223013072 0
      vertex 0.0555235324 0.22151634 0
    endloop
  endfacet
  facet normal 0 0 -1
    outer loop
      vertex 0.0280628312 0.22151634 0
      vertex 0.0280628312 0.223013072 0
      vertex 0.0555235324 0.223013072 0
    endloop
  endfacet
  facet normal 0 0 1
    outer loop
      vertex 0.0280628312 0.22151634 0.003
      vertex 0.0555235324 0.22151634 0.003
      vertex 0.0555235324 0.223013072 0.003
    endloop
  endfacet
  facet normal 0 0 1
    outer loop
      vertex 0.0280628312 0.22151634 0.003
      vertex 0.0555235324 0.223013072 0.003
      vertex 0.0280628312 0.223013072 0.003
    endloop
  endfacet
  facet normal 0 -1 0
    outer loop
      vertex 0.0280628312 0.22151634 0
      vertex 0.0555235324 0.22151634 0
      vertex 0.0555235324 0.22151634 0.003
    endloop
  endfacet
  facet normal 0 -1 0
    outer loop
      vertex 0.0280628312 0.22151634 0
      vertex 0.0555235324 0.22151634 0.003
      vertex 0.0280628312 0.22151634 0.003
    endloop
  endfacet
  facet normal 1 0 0
    outer loop
      vertex 0.0555235324 0.22151634 0
      vertex 0.0555235324 0.223013072 0
      vertex 0.0555235324 0.223013072 0.003
    endloop
  endfacet
  facet normal 1 0 0
    outer loop
      vertex 0.0555235324 0.22151634 0
      vertex 0.0555235324 0.223013072 0.003
      vertex 0.0555235324 0.22151634 0.003
    endloop
  endfacet
  facet normal 0 1 0
    outer loop
      vertex 0.0555235324 0.223013072 0
      vertex 0.0280628312 0.223013072 0
      vertex 0.0280628312 0.223013072 0.003
    endloop
  endfacet
  facet normal 0 1 -0
    outer loop
      vertex 0.0555235324 0.223013072 0
      vertex 0.0280628312 0.223013072 0.003
      vertex 0.0555235324 0.223013072 0.003
    endloop
  endfacet
  facet normal -1 0 0
    outer loop
      vertex 0.0280628312 0.223013072 0
      vertex 0.0280628312 0.22151634 0
      vertex 0.0280628312 0.22151634 0.003
    endloop
  endfacet
  facet normal -1 0 0
    outer loop
      vertex 0.0280628312 0.223013072 0
      vertex 0.0280628312 0.22151634 0.003
      vertex 0.0280628312 0.223013072 0.003
    endloop
  endfacet
  facet normal 0 0 -1
    outer loop
      vertex 0.0645582857 0.22151634 0
      vertex 0.207391714 0.223013072 0
      vertex 0.207391714 0.22151634 0
    endloop
  endfacet
  facet normal 0 0 -1
    outer loop
      vertex 0.0645582857 0.22151634 0
      vertex 0.0645582857 0.223013072 0
      vertex 0.207391714 0.223013072 0
    endloop
  endfacet
  facet normal 0 0 1
    outer loop
      vertex 0.0645582857 0.22151634 0.003
      vertex 0.207391714 0.22151634 0.003
      vertex 0.207391714 0.223013072 0.003
    endloop
  endfacet
  facet normal 0 0 1
    outer loop
      vertex 0.0645582857 0.22151634 0.003
      vertex 0.207391714 0.223013072 0.003
      vertex 0.0645582857 0.223013072 0.003
    endloop
  endfacet
  facet normal 0 -1 0
    outer loop
      vertex 0.0645582857 0.22151634 0
      vertex 0.207391714 0.22151634 0
      vertex 0.207391714 0.22151634 0.003
    endloop
  endfacet
  facet normal 0 -1 0
    outer loop
      vertex 0.0645582857 0.22151634 0
      vertex 0.207391714 0.22151634 0.003
      vertex 0.0645582857 0.22151634 0.003
    endloop
  endfacet
  facet normal 1 0 0
    outer loop
      vertex 0.207391714 0.22151634 0
      vertex 0.207391714 0.223013072 0
      vertex 0.207391714 0.223013072 0.003
    endloop
  endfacet
  facet normal 1 0 0
    outer loop
      vertex 0.207391714 0.22151634 0
      vertex 0.207391714 0.223013072 0.003
      vertex 0.207391714 0.22151634 0.003
    endloop
  endfacet
  facet normal 0 1 0
    outer loop
      vertex 0.207391714 0.223013072 0
      vertex 0.0645582857 0.223013072 0
      vertex 0.0645582857 0.223013072 0.003
    endloop
  endfacet
  facet normal 0 1 -0
    outer loop
      vertex 0.207391714 0.223013072 0
      vertex 0.0645582857 0.223013072 0.003
      vertex 0.207391714 0.223013072 0.003
    endloop
  endfacet
  facet normal -1 0 0
    outer loop
      vertex 0.0645582857 0.223013072 0
      vertex 0.0645582857 0.22151634 0
      vertex 0.0645582857 0.22151634 0.003
    endloop
  endfacet
  facet normal -1 0 0
    outer loop
      vertex 0.0645582857 0.223013072 0
      vertex 0.0645582857 0.22151634 0.003
      vertex 0.0645582857 0.223013072 0.003
    endloop
  endfacet
  facet normal 0 0 -1
    outer loop
      vertex 0.216426468 0.22151634 0
      vertex 0.259 0.223013072 0
      vertex 0.259 0.22151634 0
    endloop
  endfacet
  facet normal 0 0 -1
    outer loop
      vertex 0.216426468 0.22151634 0
      vertex 0.216426468 0.223013072 0
      vertex 0.259 0.223013072 0
    endloop
  endfacet
  facet normal 0 0 1
    outer loop
      vertex 0.216426468 0.22151634 0.003
      vertex 0.259 0.22151634 0.003
      vertex 0.259 0.223013072 0.003
    endloop
  endfacet
  facet normal 0 0 1
    outer loop
      vertex 0.216426468 0.22151634 0.003
      vertex 0.259 0.223013072 0.003
      vertex 0.216426468 0.223013072 0.003
    endloop
  endfacet
  facet normal 0 -1 0
    outer loop
      vertex 0.216426468 0.22151634 0
      vertex 0.259 0.22151634 0
      vertex 0.259 0.22151634 0.003
    endloop
  endfacet
  facet normal 0 -1 0
    outer loop
      vertex 0.216426468 0.22151634 0
      vertex 0.259 0.22151634 0.003
      vertex 0.216426468 0.22151634 0.003
    endloop
  endfacet
  facet normal 1 0 0
    outer loop
      vertex 0.259 0.22151634 0
      vertex 0.259 0.223013072 0
      vertex 0.259 0.223013072 0.003
    endloop
  endfacet
  facet normal 1 0 0
    outer loop
      vertex 0.259 0.22151634 0
      vertex 0.259 0.223013072 0.003
      vertex 0.259 0.22151634 0.003
    endloop
  endfacet
  facet normal 0 1 0
    outer loop
      vertex 0.259 0.223013072 0
      vertex 0.216426468 0.223013072 0
      vertex 0.216426468 0.223013072 0.003
    endloop
  endfacet
  facet normal 0 1 -0
    outer loop
      vertex 0.259 0.223013072 0
      vertex 0.216426468 0.223013072 0.003
      vertex 0.259 0.223013072 0.003
    endloop
  endfacet
  facet normal -1 0 0
    outer loop
      vertex 0.216426468 0.223013072 0
      vertex 0.216426468 0.22151634 0
      vertex 0.216426468 0.22151634 0.003
    endloop
  endfacet
  facet normal -1 0 0
    outer loop
      vertex 0.216426468 0.223013072 0
      vertex 0.216426468 0.22151634 0.003
      vertex 0.216426468 0.223013072 0.003
    endloop
  endfacet
  facet normal 0 0 -1
    outer loop
      vertex 0 0.223013072 0
      vertex 0.0230506505 0.224509804 0
      vertex 0.0230506505 0.223013072 0
    endloop
  endfacet
  facet normal 0 0 -1
    outer loop
      vertex 0 0.223013072 0
      vertex 0 0.224509804 0
      vertex 0.0230506505 0.224509804 0
    endloop
  endfacet
  facet normal 0 0 1
    outer loop
      vertex 0 0.223013072 0.003
      vertex 0.0230506505 0.223013072 0.003
      vertex 0.0230506505 0.224509804 0.003
    endloop
  endfacet
  facet normal 0 0 1
    outer loop
      vertex 0 0.223013072 0.003
      vertex 0.0230506505 0.224509804 0.003
      vertex 0 0.224509804 0.003
    endloop
  endfacet
  facet normal 0 -1 0
    outer loop
      vertex 0 0.223013072 0
      vertex 0.0230506505 0.223013072 0
      vertex 0.0230506505 0.223013072 0.003
    endloop
  endfacet
  facet normal 0 -1 0
    outer loop
      vertex 0 0.223013072 0
      vertex 0.0230506505 0.223013072 0.003
      vertex 0 0.223013072 0.003
    endloop
  endfacet
  facet normal 1 0 0
    outer loop
      vertex 0.0230506505 0.223013072 0
      vertex 0.0230506505 0.224509804 0
      vertex 0.0230506505 0.224509804 0.003
    endloop
  endfacet
  facet normal 1 0 0
    outer loop
      vertex 0.0230506505 0.223013072 0
      vertex 0.0230506505 0.224509804 0.003
      vertex 0.0230506505 0.223013072 0.003
    endloop
  endfacet
  facet normal 0 1 0
    outer loop
      vertex 0.0230506505 0.224509804 0
      vertex 0 0.224509804 0
      vertex 0 0.224509804 0.003
    endloop
  endfacet
  facet normal 0 1 -0
    outer loop
      vertex 0.0230506505 0.224509804 0
      vertex 0 0.224509804 0.003
      vertex 0.0230506505 0.224509804 0.003
    endloop
  endfacet
  facet normal -1 0 0
    outer loop
      vertex 0 0.224509804 0
      vertex 0 0.223013072 0
      vertex 0 0.223013072 0.003
    endloop
  endfacet
  facet normal -1 0 0
    outer loop
      vertex 0 0.224509804 0
      vertex 0 0.223013072 0.003
      vertex 0 0.224509804 0.003
    endloop
  endfacet
  facet normal 0 0 -1
    outer loop
      vertex 0.0240402586 0.223013072 0
      vertex 0.059546105 0.224509804 0
      vertex 0.059546105 0.223013072 0
    endloop
  endfacet
  facet normal 0 0 -1
    outer loop
      vertex 0.0240402586 0.223013072 0
      vertex 0.0240402586 0.224509804 0
      vertex 0.059546105 0.224509804 0
    endloop
  endfacet
  facet normal 0 0 1
    outer loop
      vertex 0.0240402586 0.223013072 0.003
      vertex 0.059546105 0.223013072 0.003
      vertex 0.059546105 0.224509804 0.003
    endloop
  endfacet
  facet normal 0 0 1
    outer loop
      vertex 0.0240402586 0.223013072 0.003
      vertex 0.059546105 0.224509804 0.003
      vertex 0.0240402586 0.224509804 0.003
    endloop
  endfacet
  facet normal 0 -1 0
    outer loop
      vertex 0.0240402586 0.223013072 0
      vertex 0.059546105 0.223013072 0
      vertex 0.059546105 0.223013072 0.003
    endloop
  endfacet
  facet normal 0 -1 0
    outer loop
      vertex 0.0240402586 0.223013072 0
      vertex 0.059546105 0.223013072 0.003
      vertex 0.0240402586 0.223013072 0.003
    endloop
  endfacet
  facet normal 1 0 0
    outer loop
      vertex 0.059546105 0.223013072 0
      vertex 0.059546105 0.224509804 0
      vertex 0.059546105 0.224509804 0.003
    endloop
  endfacet
  facet normal 1 0 0
    outer loop
      vertex 0.059546105 0.223013072 0
      vertex 0.059546105 0.224509804 0.003
      vertex 0.059546105 0.223013072 0.003
    endloop
  endfacet
  facet normal 0 1 0
    outer loop
      vertex 0.059546105 0.224509804 0
      vertex 0.0240402586 0.224509804 0
      vertex 0.0240402586 0.224509804 0.003
    endloop
  endfacet
  facet normal 0 1 -0
    outer loop
      vertex 0.059546105 0.224509804 0
      vertex 0.0240402586 0.224509804 0.003
      vertex 0.059546105 0.224509804 0.003
    endloop
  endfacet
  facet normal -1 0 0
    outer loop
      vertex 0.0240402586 0.224509804 0
      vertex 0.0240402586 0.223013072 0
      vertex 0.0240402586 0.223013072 0.003
    endloop
  endfacet
  facet normal -1 0 0
    outer loop
      vertex 0.0240402586 0.224509804 0
      vertex 0.0240402586 0.223013072 0.003
      vertex 0.0240402586 0.224509804 0.003
    endloop
  endfacet
  facet normal 0 0 -1
    outer loop
      vertex 0.0605357131 0.223013072 0
      vertex 0.211414287 0.224509804 0
      vertex 0.211414287 0.223013072 0
    endloop
  endfacet
  facet normal 0 0 -1
    outer loop
      vertex 0.0605357131 0.223013072 0
      vertex 0.0605357131 0.224509804 0
      vertex 0.211414287 0.224509804 0
    endloop
  endfacet
  facet normal 0 0 1
    outer loop
      vertex 0.0605357131 0.223013072 0.003
      vertex 0.211414287 0.223013072 0.003
      vertex 0.211414287 0.224509804 0.003
    endloop
  endfacet
  facet normal 0 0 1
    outer loop
      vertex 0.0605357131 0.223013072 0.003
      vertex 0.211414287 0.224509804 0.003
      vertex 0.0605357131 0.224509804 0.003
    endloop
  endfacet
  facet normal 0 -1 0
    outer loop
      vertex 0.0605357131 0.223013072 0
      vertex 0.211414287 0.223013072 0
      vertex 0.211414287 0.223013072 0.003
    endloop
  endfacet
  facet normal 0 -1 0
    outer loop
      vertex 0.0605357131 0.223013072 0
      vertex 0.211414287 0.223013072 0.003
      vertex 0.0605357131 0.223013072 0.003
    endloop
  endfacet
  facet normal 1 0 0
    outer loop
      vertex 0.211414287 0.223013072 0
      vertex 0.211414287 0.224509804 0
      vertex 0.211414287 0.224509804 0.003
    endloop
  endfacet
  facet normal 1 0 0
    outer loop
      vertex 0.211414287 0.223013072 0
      vertex 0.211414287 0.224509804 0.003
      vertex 0.211414287 0.223013072 0.003
    endloop
  endfacet
  facet normal 0 1 0
    outer loop
      vertex 0.211414287 0.224509804 0
      vertex 0.0605357131 0.224509804 0
      vertex 0.0605357131 0.224509804 0.003
    endloop
  endfacet
  facet normal 0 1 -0
    outer loop
      vertex 0.211414287 0.224509804 0
      vertex 0.0605357131 0.224509804 0.003
      vertex 0.211414287 0.224509804 0.003
    endloop
  endfacet
  facet normal -1 0 0
    outer loop
      vertex 0.0605357131 0.224509804 0
      vertex 0.0605357131 0.223013072 0
      vertex 0.0605357131 0.223013072 0.003
    endloop
  endfacet
  facet normal -1 0 0
    outer loop
      vertex 0.0605357131 0.224509804 0
      vertex 0.0605357131 0.223013072 0.003
      vertex 0.0605357131 0.224509804 0.003
    endloop
  endfacet
  facet normal 0 0 -1
    outer loop
      vertex 0.212403895 0.223013072 0
      vertex 0.259 0.224509804 0
      vertex 0.259 0.223013072 0
    endloop
  endfacet
  facet normal 0 0 -1
    outer loop
      vertex 0.212403895 0.223013072 0
      vertex 0.212403895 0.224509804 0
      vertex 0.259 0.224509804 0
    endloop
  endfacet
  facet normal 0 0 1
    outer loop
      vertex 0.212403895 0.223013072 0.003
      vertex 0.259 0.223013072 0.003
      vertex 0.259 0.224509804 0.003
    endloop
  endfacet
  facet normal 0 0 1
    outer loop
      vertex 0.212403895 0.223013072 0.003
      vertex 0.259 0.224509804 0.003
      vertex 0.212403895 0.224509804 0.003
    endloop
  endfacet
  facet normal 0 -1 0
    outer loop
      vertex 0.212403895 0.223013072 0
      vertex 0.259 0.223013072 0
      vertex 0.259 0.223013072 0.003
    endloop
  endfacet
  facet normal 0 -1 0
    outer loop
      vertex 0.212403895 0.223013072 0
      vertex 0.259 0.223013072 0.003
      vertex 0.212403895 0.223013072 0.003
    endloop
  endfacet
  facet normal 1 0 0
    outer loop
      vertex 0.259 0.223013072 0
      vertex 0.259 0.224509804 0
      vertex 0.259 0.224509804 0.003
    endloop
  endfacet
  facet normal 1 0 0
    outer loop
      vertex 0.259 0.223013072 0
      vertex 0.259 0.224509804 0.003
      vertex 0.259 0.223013072 0.003
    endloop
  endfacet
  facet normal 0 1 0
    outer loop
      vertex 0.259 0.224509804 0
      vertex 0.212403895 0.224509804 0
      vertex 0.212403895 0.224509804 0.003
    endloop
  endfacet
  facet normal 0 1 -0
    outer loop
      vertex 0.259 0.224509804 0
      vertex 0.212403895 0.224509804 0.003
      vertex 0.259 0.224509804 0.003
    endloop
  endfacet
  facet normal -1 0 0
    outer loop
      vertex 0.212403895 0.224509804 0
      vertex 0.212403895 0.223013072 0
      vertex 0.212403895 0.223013072 0.003
    endloop
  endfacet
  facet normal -1 0 0
    outer loop
      vertex 0.212403895 0.224509804 0
      vertex 0.212403895 0.223013072 0.003
      vertex 0.212403895 0.224509804 0.003
    endloop
  endfacet
  facet normal 0 0 -1
    outer loop
      vertex 0 0.224509804 0
      vertex 0.259 0.226006536 0
      vertex 0.259 0.224509804 0
    endloop
  endfacet
  facet normal 0 0 -1
    outer loop
      vertex 0 0.224509804 0
      vertex 0 0.226006536 0
      vertex 0.259 0.226006536 0
    endloop
  endfacet
  facet normal 0 0 1
    outer loop
      vertex 0 0.224509804 0.003
      vertex 0.259 0.224509804 0.003
      vertex 0.259 0.226006536 0.003
    endloop
  endfacet
  facet normal 0 0 1
    outer loop
      vertex 0 0.224509804 0.003
      vertex 0.259 0.226006536 0.003
      vertex 0 0.226006536 0.003
    endloop
  endfacet
  facet normal 0 -1 0
    outer loop
      vertex 0 0.224509804 0
      vertex 0.259 0.224509804 0
      vertex 0.259 0.224509804 0.003
    endloop
  endfacet
  facet normal 0 -1 0
    outer loop
      vertex 0 0.224509804 0
      vertex 0.259 0.224509804 0.003
      vertex 0 0.224509804 0.003
    endloop
  endfacet
  facet normal 1 0 0
    outer loop
      vertex 0.259 0.224509804 0
      vertex 0.259 0.226006536 0
      vertex 0.259 0.226006536 0.003
    endloop
  endfacet
  facet normal 1 0 0
    outer loop
      vertex 0.259 0.224509804 0
      vertex 0.259 0.226006536 0.003
      vertex 0.259 0.224509804 0.003
    endloop
  endfacet
  facet normal 0 1 0
    outer loop
      vertex 0.259 0.226006536 0
      vertex 0 0.226006536 0
      vertex 0 0.226006536 0.003
    endloop
  endfacet
  facet normal 0 1 -0
    outer loop
      vertex 0.259 0.226006536 0
      vertex 0 0.226006536 0.003
      vertex 0.259 0.226006536 0.003
    endloop
  endfacet
  facet normal -1 0 0
    outer loop
      vertex 0 0.226006536 0
      vertex 0 0.224509804 0
      vertex 0 0.224509804 0.003
    endloop
  endfacet
  facet normal -1 0 0
    outer loop
      vertex 0 0.226006536 0
      vertex 0 0.224509804 0.003
      vertex 0 0.226006536 0.003
    endloop
  endfacet
  facet normal 0 0 -1
    outer loop
      vertex 0 0.226006536 0
      vertex 0.259 0.227503268 0
      vertex 0.259 0.226006536 0
    endloop
  endfacet
  facet normal 0 0 -1
    outer loop
      vertex 0 0.226006536 0
      vertex 0 0.227503268 0
      vertex 0.259 0.227503268 0
    endloop
  endfacet
  facet normal 0 0 1
    outer loop
      vertex 0 0.226006536 0.003
      vertex 0.259 0.226006536 0.003
      vertex 0.259 0.227503268 0.003
    endloop
  endfacet
  facet normal 0 0 1
    outer loop
      vertex 0 0.226006536 0.003
      vertex 0.259 0.227503268 0.003
      vertex 0 0.227503268 0.003
    endloop
  endfacet
  facet normal 0 -1 0
    outer loop
      vertex 0 0.226006536 0
      vertex 0.259 0.226006536 0
      vertex 0.259 0.226006536 0.003
    endloop
  endfacet
  facet normal 0 -1 0
    outer loop
      vertex 0 0.226006536 0
      vertex 0.259 0.226006536 0.003
      vertex 0 0.226006536 0.003
    endloop
  endfacet
  facet normal 1 0 0
    outer loop
      vertex 0.259 0.226006536 0
      vertex 0.259 0.227503268 0
      vertex 0.259 0.227503268 0.003
    endloop
  endfacet
  facet normal 1 0 0
    outer loop
      vertex 0.259 0.226006536 0
      vertex 0.259 0.227503268 0.003
      vertex 0.259 0.226006536 0.003
    endloop
  endfacet
  facet normal 0 1 0
    outer loop
      vertex 0.259 0.227503268 0
      vertex 0 0.227503268 0
      vertex 0 0.227503268 0.003
    endloop
  endfacet
  facet normal 0 1 -0
    outer loop
      vertex 0.259 0.227503268 0
      vertex 0 0.227503268 0.003
      vertex 0.259 0.227503268 0.003
    endloop
  endfacet
  facet normal -1 0 0
    outer loop
      vertex 0 0.227503268 0
      vertex 0 0.226006536 0
      vertex 0 0.226006536 0.003
    endloop
  endfacet
  facet normal -1 0 0
    outer loop
      vertex 0 0.227503268 0
      vertex 0 0.226006536 0.003
      vertex 0 0.227503268 0.003
    endloop
  endfacet
  facet normal 0 0 -1
    outer loop
      vertex 0 0.227503268 0
      vertex 0.259 0.229 0
      vertex 0.259 0.227503268 0
    endloop
  endfacet
  facet normal 0 0 -1
    outer loop
      vertex 0 0.227503268 0
      vertex 0 0.229 0
      vertex 0.259 0.229 0
    endloop
  endfacet
  facet normal 0 0 1
    outer loop
      vertex 0 0.227503268 0.003
      vertex 0.259 0.227503268 0.003
      vertex 0.259 0.229 0.003
    endloop
  endfacet
  facet normal 0 0 1
    outer loop
      vertex 0 0.227503268 0.003
      vertex 0.259 0.229 0.003
      vertex 0 0.229 0.003
    endloop
  endfacet
  facet normal 0 -1 0
    outer loop
      vertex 0 0.227503268 0
      vertex 0.259 0.227503268 0
      vertex 0.259 0.227503268 0.003
    endloop
  endfacet
  facet normal 0 -1 0
    outer loop
      vertex 0 0.227503268 0
      vertex 0.259 0.227503268 0.003
      vertex 0 0.227503268 0.003
    endloop
  endfacet
  facet normal 1 0 0
    outer loop
      vertex 0.259 0.227503268 0
      vertex 0.259 0.229 0
      vertex 0.259 0.229 0.003
    endloop
  endfacet
  facet normal 1 0 0
    outer loop
      vertex 0.259 0.227503268 0
      vertex 0.259 0.229 0.003
      vertex 0.259 0.227503268 0.003
    endloop
  endfacet
  facet normal 0 1 0
    outer loop
      vertex 0.259 0.229 0
      vertex 0 0.229 0
      vertex 0 0.229 0.003
    endloop
  endfacet
  facet normal 0 1 -0
    outer loop
      vertex 0.259 0.229 0
      vertex 0 0.229 0.003
      vertex 0.259 0.229 0.003
    endloop
  endfacet
  facet normal -1 0 0
    outer loop
      vertex 0 0.229 0
      vertex 0 0.227503268 0
      vertex 0 0.227503268 0.003
    endloop
  endfacet
  facet normal -1 0 0
    outer loop
      vertex 0 0.229 0
      vertex 0 0.227503268 0.003
      vertex 0 0.229 0.003
    endloop
  endfacet
  facet normal 0 0 -1
    outer loop
      vertex 0 0.0239444444 0.003
      vertex 0.0235454545 0.0269444444 0.003
      vertex 0.0235454545 0.0239444444 0.003
    endloop
  endfacet
  facet normal 0 0 -1
    outer loop
      vertex 0 0.0239444444 0.003
      vertex 0 0.0269444444 0.003
      vertex 0.0235454545 0.0269444444 0.003
    endloop
  endfacet
  facet normal 0 0 1
    outer loop
      vertex 0 0.0239444444 0.011
      vertex 0.0235454545 0.0239444444 0.011
      vertex 0.0235454545 0.0269444444 0.011
    endloop
  endfacet
  facet normal 0 0 1
    outer loop
      vertex 0 0.0239444444 0.011
      vertex 0.0235454545 0.0269444444 0.011
      vertex 0 0.0269444444 0.011
    endloop
  endfacet
  facet normal 0 -1 0
    outer loop
      vertex 0 0.0239444444 0.003
      vertex 0.0235454545 0.0239444444 0.003
      vertex 0.0235454545 0.0239444444 0.011
    endloop
  endfacet
  facet normal 0 -1 0
    outer loop
      vertex 0 0.0239444444 0.003
      vertex 0.0235454545 0.0239444444 0.011
      vertex 0 0.0239444444 0.011
    endloop
  endfacet
  facet normal 1 0 0
    outer loop
      vertex 0.0235454545 0.0239444444 0.003
      vertex 0.0235454545 0.0269444444 0.003
      vertex 0.0235454545 0.0269444444 0.011
    endloop
  endfacet
  facet normal 1 0 0
    outer loop
      vertex 0.0235454545 0.0239444444 0.003
      vertex 0.0235454545 0.0269444444 0.011
      vertex 0.0235454545 0.0239444444 0.011
    endloop
  endfacet
  facet normal 0 1 0
    outer loop
      vertex 0.0235454545 0.0269444444 0.003
      vertex 0 0.0269444444 0.003
      vertex 0 0.0269444444 0.011
    endloop
  endfacet
  facet normal 0 1 -0
    outer loop
      vertex 0.0235454545 0.0269444444 0.003
      vertex 0 0.0269444444 0.011
      vertex 0.0235454545 0.0269444444 0.011
    endloop
  endfacet
  facet normal -1 0 0
    outer loop
      vertex 0 0.0269444444 0.003
      vertex 0 0.0239444444 0.003
      vertex 0 0.0239444444 0.011
    endloop
  endfacet
  facet normal -1 0 0
    outer loop
      vertex 0 0.0269444444 0.003
      vertex 0 0.0239444444 0.011
      vertex 0 0.0269444444 0.011
    endloop
  endfacet
  facet normal 0 0 -1
    outer loop
      vertex 0.0470909091 0.0239444444 0.003
      vertex 0.0706363636 0.0269444444 0.003
      vertex 0.0706363636 0.0239444444 0.003
    endloop
  endfacet
  facet normal 0 0 -1
    outer loop
      vertex 0.0470909091 0.0239444444 0.003
      vertex 0.0470909091 0.0269444444 0.003
      vertex 0.0706363636 0.0269444444 0.003
    endloop
  endfacet
  facet normal 0 0 1
    outer loop
      vertex 0.0470909091 0.0239444444 0.011
      vertex 0.0706363636 0.0239444444 0.011
      vertex 0.0706363636 0.0269444444 0.011
    endloop
  endfacet
  facet normal 0 0 1
    outer loop
      vertex 0.0470909091 0.0239444444 0.011
      vertex 0.0706363636 0.0269444444 0.011
      vertex 0.0470909091 0.0269444444 0.011
    endloop
  endfacet
  facet normal 0 -1 0
    outer loop
      vertex 0.0470909091 0.0239444444 0.003
      vertex 0.0706363636 0.0239444444 0.003
      vertex 0.0706363636 0.0239444444 0.011
    endloop
  endfacet
  facet normal 0 -1 0
    outer loop
      vertex 0.0470909091 0.0239444444 0.003
      vertex 0.0706363636 0.0239444444 0.011
      vertex 0.0470909091 0.0239444444 0.011
    endloop
  endfacet
  facet normal 1 0 0
    outer loop
      vertex 0.0706363636 0.0239444444 0.003
      vertex 0.0706363636 0.0269444444 0.003
      vertex 0.0706363636 0.0269444444 0.011
    endloop
  endfacet
  facet normal 1 0 0
    outer loop
      vertex 0.0706363636 0.0239444444 0.003
      vertex 0.0706363636 0.0269444444 0.011
      vertex 0.0706363636 0.0239444444 0.011
    endloop
  endfacet
  facet normal 0 1 0
    outer loop
      vertex 0.0706363636 0.0269444444 0.003
      vertex 0.0470909091 0.0269444444 0.003
      vertex 0.0470909091 0.0269444444 0.011
    endloop
  endfacet
  facet normal 0 1 -0
    outer loop
      vertex 0.0706363636 0.0269444444 0.003
      vertex 0.0470909091 0.0269444444 0.011
      vertex 0.0706363636 0.0269444444 0.011
    endloop
  endfacet
  facet normal -1 0 0
    outer loop
      vertex 0.0470909091 0.0269444444 0.003
      vertex 0.0470909091 0.0239444444 0.003
      vertex 0.0470909091 0.0239444444 0.011
    endloop
  endfacet
  facet normal -1 0 0
    outer loop
      vertex 0.0470909091 0.0269444444 0.003
      vertex 0.0470909091 0.0239444444 0.011
      vertex 0.0470909091 0.0269444444 0.011
    endloop
  endfacet
  facet normal 0 0 -1
    outer loop
      vertex 0.235454545 0.0239444444 0.003
      vertex 0.259 0.0269444444 0.003
      vertex 0.259 0.0239444444 0.003
    endloop
  endfacet
  facet normal 0 0 -1
    outer loop
      vertex 0.235454545 0.0239444444 0.003
      vertex 0.235454545 0.0269444444 0.003
      vertex 0.259 0.0269444444 0.003
    endloop
  endfacet
  facet normal 0 0 1
    outer loop
      vertex 0.235454545 0.0239444444 0.011
      vertex 0.259 0.0239444444 0.011
      vertex 0.259 0.0269444444 0.011
    endloop
  endfacet
  facet normal 0 0 1
    outer loop
      vertex 0.235454545 0.0239444444 0.011
      vertex 0.259 0.0269444444 0.011
      vertex 0.235454545 0.0269444444 0.011
    endloop
  endfacet
  facet normal 0 -1 0
    outer loop
      vertex 0.235454545 0.0239444444 0.003
      vertex 0.259 0.0239444444 0.003
      vertex 0.259 0.0239444444 0.011
    endloop
  endfacet
  facet normal 0 -1 0
    outer loop
      vertex 0.235454545 0.0239444444 0.003
      vertex 0.259 0.0239444444 0.011
      vertex 0.235454545 0.0239444444 0.011
    endloop
  endfacet
  facet normal 1 0 0
    outer loop
      vertex 0.259 0.0239444444 0.003
      vertex 0.259 0.0269444444 0.003
      vertex 0.259 0.0269444444 0.011
    endloop
  endfacet
  facet normal 1 0 0
    outer loop
      vertex 0.259 0.0239444444 0.003
      vertex 0.259 0.0269444444 0.011
      vertex 0.259 0.0239444444 0.011
    endloop
  endfacet
  facet normal 0 1 0
    outer loop
      vertex 0.259 0.0269444444 0.003
      vertex 0.235454545 0.0269444444 0.003
      vertex 0.235454545 0.0269444444 0.011
    endloop
  endfacet
  facet normal 0 1 -0
    outer loop
      vertex 0.259 0.0269444444 0.003
      vertex 0.235454545 0.0269444444 0.011
      vertex 0.259 0.0269444444 0.011
    endloop
  endfacet
  facet normal -1 0 0
    outer loop
      vertex 0.235454545 0.0269444444 0.003
      vertex 0.235454545 0.0239444444 0.003
      vertex 0.235454545 0.0239444444 0.011
    endloop
  endfacet
  facet normal -1 0 0
    outer loop
      vertex 0.235454545 0.0269444444 0.003
      vertex 0.235454545 0.0239444444 0.011
      vertex 0.235454545 0.0269444444 0.011
    endloop
  endfacet
  facet normal 0 0 -1
    outer loop
      vertex 0 0.0748333333 0.003
      vertex 0.0235454545 0.0778333333 0.003
      vertex 0.0235454545 0.0748333333 0.003
    endloop
  endfacet
  facet normal 0 0 -1
    outer loop
      vertex 0 0.0748333333 0.003
      vertex 0 0.0778333333 0.003
      vertex 0.0235454545 0.0778333333 0.003
    endloop
  endfacet
  facet normal 0 0 1
    outer loop
      vertex 0 0.0748333333 0.011
      vertex 0.0235454545 0.0748333333 0.011
      vertex 0.0235454545 0.0778333333 0.011
    endloop
  endfacet
  facet normal 0 0 1
    outer loop
      vertex 0 0.0748333333 0.011
      vertex 0.0235454545 0.0778333333 0.011
      vertex 0 0.0778333333 0.011
    endloop
  endfacet
  facet normal 0 -1 0
    outer loop
      vertex 0 0.0748333333 0.003
      vertex 0.0235454545 0.0748333333 0.003
      vertex 0.0235454545 0.0748333333 0.011
    endloop
  endfacet
  facet normal 0 -1 0
    outer loop
      vertex 0 0.0748333333 0.003
      vertex 0.0235454545 0.0748333333 0.011
      vertex 0 0.0748333333 0.011
    endloop
  endfacet
  facet normal 1 0 0
    outer loop
      vertex 0.0235454545 0.0748333333 0.003
      vertex 0.0235454545 0.0778333333 0.003
      vertex 0.0235454545 0.0778333333 0.011
    endloop
  endfacet
  facet normal 1 0 0
    outer loop
      vertex 0.0235454545 0.0748333333 0.003
      vertex 0.0235454545 0.0778333333 0.011
      vertex 0.0235454545 0.0748333333 0.011
    endloop
  endfacet
  facet normal 0 1 0
    outer loop
      vertex 0.0235454545 0.0778333333 0.003
      vertex 0 0.0778333333 0.003
      vertex 0 0.0778333333 0.011
    endloop
  endfacet
  facet normal 0 1 -0
    outer loop
      vertex 0.0235454545 0.0778333333 0.003
      vertex 0 0.0778333333 0.011
      vertex 0.0235454545 0.0778333333 0.011
    endloop
  endfacet
  facet normal -1 0 0
    outer loop
      vertex 0 0.0778333333 0.003
      vertex 0 0.0748333333 0.003
      vertex 0 0.0748333333 0.011
    endloop
  endfacet
  facet normal -1 0 0
    outer loop
      vertex 0 0.0778333333 0.003
      vertex 0 0.0748333333 0.011
      vertex 0 0.0778333333 0.011
    endloop
  endfacet
  facet normal 0 0 -1
    outer loop
      vertex 0.0706363636 0.0748333333 0.003
      vertex 0.0941818182 0.0778333333 0.003
      vertex 0.0941818182 0.0748333333 0.003
    endloop
  endfacet
  facet normal 0 0 -1
    outer loop
      vertex 0.0706363636 0.0748333333 0.003
      vertex 0.0706363636 0.0778333333 0.003
      vertex 0.0941818182 0.0778333333 0.003
    endloop
  endfacet
  facet normal 0 0 1
    outer loop
      vertex 0.0706363636 0.0748333333 0.011
      vertex 0.0941818182 0.0748333333 0.011
      vertex 0.0941818182 0.0778333333 0.011
    endloop
  endfacet
  facet normal 0 0 1
    outer loop
      vertex 0.0706363636 0.0748333333 0.011
      vertex 0.0941818182 0.0778333333 0.011
      vertex 0.0706363636 0.0778333333 0.011
    endloop
  endfacet
  facet normal 0 -1 0
    outer loop
      vertex 0.0706363636 0.0748333333 0.003
      vertex 0.0941818182 0.0748333333 0.003
      vertex 0.0941818182 0.0748333333 0.011
    endloop
  endfacet
  facet normal 0 -1 0
    outer loop
      vertex 0.0706363636 0.0748333333 0.003
      vertex 0.0941818182 0.0748333333 0.011
      vertex 0.0706363636 0.0748333333 0.011
    endloop
  endfacet
  facet normal 1 0 0
    outer loop
      vertex 0.0941818182 0.0748333333 0.003
      vertex 0.0941818182 0.0778333333 0.003
      vertex 0.0941818182 0.0778333333 0.011
    endloop
  endfacet
  facet normal 1 0 0
    outer loop
      vertex 0.0941818182 0.0748333333 0.003
      vertex 0.0941818182 0.0778333333 0.011
      vertex 0.0941818182 0.0748333333 0.011
    endloop
  endfacet
  facet normal 0 1 0
    outer loop
      vertex 0.0941818182 0.0778333333 0.003
      vertex 0.0706363636 0.0778333333 0.003
      vertex 0.0706363636 0.0778333333 0.011
    endloop
  endfacet
  facet normal 0 1 -0
    outer loop
      vertex 0.0941818182 0.0778333333 0.003
      vertex 0.0706363636 0.0778333333 0.011
      vertex 0.0941818182 0.0778333333 0.011
    endloop
  endfacet
  facet normal -1 0 0
    outer loop
      vertex 0.0706363636 0.0778333333 0.003
      vertex 0.0706363636 0.0748333333 0.003
      vertex 0.0706363636 0.0748333333 0.011
    endloop
  endfacet
  facet normal -1 0 0
    outer loop
      vertex 0.0706363636 0.0778333333 0.003
      vertex 0.0706363636 0.0748333333 0.011
      vertex 0.0706363636 0.0778333333 0.011
    endloop
  endfacet
  facet normal 0 0 -1
    outer loop
      vertex 0.117727273 0.0748333333 0.003
      vertex 0.164818182 0.0778333333 0.003
      vertex 0.164818182 0.0748333333 0.003
    endloop
  endfacet
  facet normal 0 0 -1
    outer loop
      vertex 0.117727273 0.0748333333 0.003
      vertex 0.117727273 0.0778333333 0.003
      vertex 0.164818182 0.0778333333 0.003
    endloop
  endfacet
  facet normal 0 0 1
    outer loop
      vertex 0.117727273 0.0748333333 0.011
      vertex 0.164818182 0.0748333333 0.011
      vertex 0.164818182 0.0778333333 0.011
    endloop
  endfacet
  facet normal 0 0 1
    outer loop
      vertex 0.117727273 0.0748333333 0.011
      vertex 0.164818182 0.0778333333 0.011
      vertex 0.117727273 0.0778333333 0.011
    endloop
  endfacet
  facet normal 0 -1 0
    outer loop
      vertex 0.117727273 0.0748333333 0.003
      vertex 0.164818182 0.0748333333 0.003
      vertex 0.164818182 0.0748333333 0.011
    endloop
  endfacet
  facet normal 0 -1 0
    outer loop
      vertex 0.117727273 0.0748333333 0.003
      vertex 0.164818182 0.0748333333 0.011
      vertex 0.117727273 0.0748333333 0.011
    endloop
  endfacet
  facet normal 1 0 0
    outer loop
      vertex 0.164818182 0.0748333333 0.003
      vertex 0.164818182 0.0778333333 0.003
      vertex 0.164818182 0.0778333333 0.011
    endloop
  endfacet
  facet normal 1 0 0
    outer loop
      vertex 0.164818182 0.0748333333 0.003
      vertex 0.164818182 0.0778333333 0.011
      vertex 0.164818182 0.0748333333 0.011
    endloop
  endfacet
  facet normal 0 1 0
    outer loop
      vertex 0.164818182 0.0778333333 0.003
      vertex 0.117727273 0.0778333333 0.003
      vertex 0.117727273 0.0778333333 0.011
    endloop
  endfacet
  facet normal 0 1 -0
    outer loop
      vertex 0.164818182 0.0778333333 0.003
      vertex 0.117727273 0.0778333333 0.011
      vertex 0.164818182 0.0778333333 0.011
    endloop
  endfacet
  facet normal -1 0 0
    outer loop
      vertex 0.117727273 0.0778333333 0.003
      vertex 0.117727273 0.0748333333 0.003
      vertex 0.117727273 0.0748333333 0.011
    endloop
  endfacet
  facet normal -1 0 0
    outer loop
      vertex 0.117727273 0.0778333333 0.003
      vertex 0.117727273 0.0748333333 0.011
      vertex 0.117727273 0.0778333333 0.011
    endloop
  endfacet
  facet normal 0 0 -1
    outer loop
      vertex 0 0.202055556 0.003
      vertex 0.0235454545 0.205055556 0.003
      vertex 0.0235454545 0.202055556 0.003
    endloop
  endfacet
  facet normal 0 0 -1
    outer loop
      vertex 0 0.202055556 0.003
      vertex 0 0.205055556 0.003
      vertex 0.0235454545 0.205055556 0.003
    endloop
  endfacet
  facet normal 0 0 1
    outer loop
      vertex 0 0.202055556 0.011
      vertex 0.0235454545 0.202055556 0.011
      vertex 0.0235454545 0.205055556 0.011
    endloop
  endfacet
  facet normal 0 0 1
    outer loop
      vertex 0 0.202055556 0.011
      vertex 0.0235454545 0.205055556 0.011
      vertex 0 0.205055556 0.011
    endloop
  endfacet
  facet normal 0 -1 0
    outer loop
      vertex 0 0.202055556 0.003
      vertex 0.0235454545 0.202055556 0.003
      vertex 0.0235454545 0.202055556 0.011
    endloop
  endfacet
  facet normal 0 -1 0
    outer loop
      vertex 0 0.202055556 0.003
      vertex 0.0235454545 0.202055556 0.011
      vertex 0 0.202055556 0.011
    endloop
  endfacet
  facet normal 1 0 0
    outer loop
      vertex 0.0235454545 0.202055556 0.003
      vertex 0.0235454545 0.205055556 0.003
      vertex 0.0235454545 0.205055556 0.011
    endloop
  endfacet
  facet normal 1 0 0
    outer loop
      vertex 0.0235454545 0.202055556 0.003
      vertex 0.0235454545 0.205055556 0.011
      vertex 0.0235454545 0.202055556 0.011
    endloop
  endfacet
  facet normal 0 1 0
    outer loop
      vertex 0.0235454545 0.205055556 0.003
      vertex 0 0.205055556 0.003
      vertex 0 0.205055556 0.011
    endloop
  endfacet
  facet normal 0 1 -0
    outer loop
      vertex 0.0235454545 0.205055556 0.003
      vertex 0 0.205055556 0.011
      vertex 0.0235454545 0.205055556 0.011
    endloop
  endfacet
  facet normal -1 0 0
    outer loop
      vertex 0 0.205055556 0.003
      vertex 0 0.202055556 0.003
      vertex 0 0.202055556 0.011
    endloop
  endfacet
  facet normal -1 0 0
    outer loop
      vertex 0 0.205055556 0.003
      vertex 0 0.202055556 0.011
      vertex 0 0.205055556 0.011
    endloop
  endfacet
  facet normal 0 0 -1
    outer loop
      vertex 0.0941818182 0.202055556 0.003
      vertex 0.141272727 0.205055556 0.003
      vertex 0.141272727 0.202055556 0.003
    endloop
  endfacet
  facet normal 0 0 -1
    outer loop
      vertex 0.0941818182 0.202055556 0.003
      vertex 0.0941818182 0.205055556 0.003
      vertex 0.141272727 0.205055556 0.003
    endloop
  endfacet
  facet normal 0 0 1
    outer loop
      vertex 0.0941818182 0.202055556 0.011
      vertex 0.141272727 0.202055556 0.011
      vertex 0.141272727 0.205055556 0.011
    endloop
  endfacet
  facet normal 0 0 1
    outer loop
      vertex 0.0941818182 0.202055556 0.011
      vertex 0.141272727 0.205055556 0.011
      vertex 0.0941818182 0.205055556 0.011
    endloop
  endfacet
  facet normal 0 -1 0
    outer loop
      vertex 0.0941818182 0.202055556 0.003
      vertex 0.141272727 0.202055556 0.003
      vertex 0.141272727 0.202055556 0.011
    endloop
  endfacet
  facet normal 0 -1 0
    outer loop
      vertex 0.0941818182 0.202055556 0.003
      vertex 0.141272727 0.202055556 0.011
      vertex 0.0941818182 0.202055556 0.011
    endloop
  endfacet
  facet normal 1 0 0
    outer loop
      vertex 0.141272727 0.202055556 0.003
      vertex 0.141272727 0.205055556 0.003
      vertex 0.141272727 0.205055556 0.011
    endloop
  endfacet
  facet normal 1 0 0
    outer loop
      vertex 0.141272727 0.202055556 0.003
      vertex 0.141272727 0.205055556 0.011
      vertex 0.141272727 0.202055556 0.011
    endloop
  endfacet
  facet normal 0 1 0
    outer loop
      vertex 0.141272727 0.205055556 0.003
      vertex 0.0941818182 0.205055556 0.003
      vertex 0.0941818182 0.205055556 0.011
    endloop
  endfacet
  facet normal 0 1 -0
    outer loop
      vertex 0.141272727 0.205055556 0.003
      vertex 0.0941818182 0.205055556 0.011
      vertex 0.141272727 0.205055556 0.011
    endloop
  endfacet
  facet normal -1 0 0
    outer loop
      vertex 0.0941818182 0.205055556 0.003
      vertex 0.0941818182 0.202055556 0.003
      vertex 0.0941818182 0.202055556 0.011
    endloop
  endfacet
  facet normal -1 0 0
    outer loop
      vertex 0.0941818182 0.205055556 0.003
      vertex 0.0941818182 0.202055556 0.011
      vertex 0.0941818182 0.205055556 0.011
    endloop
  endfacet
  facet normal 0 0 -1
    outer loop
      vertex 0.164818182 0.202055556 0.003
      vertex 0.188363636 0.205055556 0.003
      vertex 0.188363636 0.202055556 0.003
    endloop
  endfacet
  facet normal 0 0 -1
    outer loop
      vertex 0.164818182 0.202055556 0.003
      vertex 0.164818182 0.205055556 0.003
      vertex 0.188363636 0.205055556 0.003
    endloop
  endfacet
  facet normal 0 0 1
    outer loop
      vertex 0.164818182 0.202055556 0.011
      vertex 0.188363636 0.202055556 0.011
      vertex 0.188363636 0.205055556 0.011
    endloop
  endfacet
  facet normal 0 0 1
    outer loop
      vertex 0.164818182 0.202055556 0.011
      vertex 0.188363636 0.205055556 0.011
      vertex 0.164818182 0.205055556 0.011
    endloop
  endfacet
  facet normal 0 -1 0
    outer loop
      vertex 0.164818182 0.202055556 0.003
      vertex 0.188363636 0.202055556 0.003
      vertex 0.188363636 0.202055556 0.011
    endloop
  endfacet
  facet normal 0 -1 0
    outer loop
      vertex 0.164818182 0.202055556 0.003
      vertex 0.188363636 0.202055556 0.011
      vertex 0.164818182 0.202055556 0.011
    endloop
  endfacet
  facet normal 1 0 0
    outer loop
      vertex 0.188363636 0.202055556 0.003
      vertex 0.188363636 0.205055556 0.003
      vertex 0.188363636 0.205055556 0.011
    endloop
  endfacet
  facet normal 1 0 0
    outer loop
      vertex 0.188363636 0.202055556 0.003
      vertex 0.188363636 0.205055556 0.011
      vertex 0.188363636 0.202055556 0.011
    endloop
  endfacet
  facet normal 0 1 0
    outer loop
      vertex 0.188363636 0.205055556 0.003
      vertex 0.164818182 0.205055556 0.003
      vertex 0.164818182 0.205055556 0.011
    endloop
  endfacet
  facet normal 0 1 -0
    outer loop
      vertex 0.188363636 0.205055556 0.003
      vertex 0.164818182 0.205055556 0.011
      vertex 0.188363636 0.205055556 0.011
    endloop
  endfacet
  facet normal -1 0 0
    outer loop
      vertex 0.164818182 0.205055556 0.003
      vertex 0.164818182 0.202055556 0.003
      vertex 0.164818182 0.202055556 0.011
    endloop
  endfacet
  facet normal -1 0 0
    outer loop
      vertex 0.164818182 0.205055556 0.003
      vertex 0.164818182 0.202055556 0.011
      vertex 0.164818182 0.205055556 0.011
    endloop
  endfacet
  facet normal 0 0 -1
    outer loop
      vertex 0.235454545 0.202055556 0.003
      vertex 0.259 0.205055556 0.003
      vertex 0.259 0.202055556 0.003
    endloop
  endfacet
  facet normal 0 0 -1
    outer loop
      vertex 0.235454545 0.202055556 0.003
      vertex 0.235454545 0.205055556 0.003
      vertex 0.259 0.205055556 0.003
    endloop
  endfacet
  facet normal 0 0 1
    outer loop
      vertex 0.235454545 0.202055556 0.011
      vertex 0.259 0.202055556 0.011
      vertex 0.259 0.205055556 0.011
    endloop
  endfacet
  facet normal 0 0 1
    outer loop
      vertex 0.235454545 0.202055556 0.011
      vertex 0.259 0.205055556 0.011
      vertex 0.235454545 0.205055556 0.011
    endloop
  endfacet
  facet normal 0 -1 0
    outer loop
      vertex 0.235454545 0.202055556 0.003
      vertex 0.259 0.202055556 0.003
      vertex 0.259 0.202055556 0.011
    endloop
  endfacet
  facet normal 0 -1 0
    outer loop
      vertex 0.235454545 0.202055556 0.003
      vertex 0.259 0.202055556 0.011
      vertex 0.235454545 0.202055556 0.011
    endloop
  endfacet
  facet normal 1 0 0
    outer loop
      vertex 0.259 0.202055556 0.003
      vertex 0.259 0.205055556 0.003
      vertex 0.259 0.205055556 0.011
    endloop
  endfacet
  facet normal 1 0 0
    outer loop
      vertex 0.259 0.202055556 0.003
      vertex 0.259 0.205055556 0.011
      vertex 0.259 0.202055556 0.011
    endloop
  endfacet
  facet normal 0 1 0
    outer loop
      vertex 0.259 0.205055556 0.003
      vertex 0.235454545 0.205055556 0.003
      vertex 0.235454545 0.205055556 0.011
    endloop
  endfacet
  facet normal 0 1 -0
    outer loop
      vertex 0.259 0.205055556 0.003
      vertex 0.235454545 0.205055556 0.011
      vertex 0.259 0.205055556 0.011
    endloop
  endfacet
  facet normal -1 0 0
    outer loop
      vertex 0.235454545 0.205055556 0.003
      vertex 0.235454545 0.202055556 0.003
      vertex 0.235454545 0.202055556 0.011
    endloop
  endfacet
  facet normal -1 0 0
    outer loop
      vertex 0.235454545 0.205055556 0.003
      vertex 0.235454545 0.202055556 0.011
      vertex 0.235454545 0.205055556 0.011
    endloop
  endfacet
  facet normal 0 0 -1
    outer loop
      vertex 0.0235454545 0.100277778 0.003
      vertex 0.0706363636 0.103277778 0.003
      vertex 0.0706363636 0.100277778 0.003
    endloop
  endfacet
  facet normal 0 0 -1
    outer loop
      vertex 0.0235454545 0.100277778 0.003
      vertex 0.0235454545 0.103277778 0.003
      vertex 0.0706363636 0.103277778 0.003
    endloop
  endfacet
  facet normal 0 0 1
    outer loop
      vertex 0.0235454545 0.100277778 0.011
      vertex 0.0706363636 0.100277778 0.011
      vertex 0.0706363636 0.103277778 0.011
    endloop
  endfacet
  facet normal 0 0 1
    outer loop
      vertex 0.0235454545 0.100277778 0.011
      vertex 0.0706363636 0.103277778 0.011
      vertex 0.0235454545 0.103277778 0.011
    endloop
  endfacet
  facet normal 0 -1 0
    outer loop
      vertex 0.0235454545 0.100277778 0.003
      vertex 0.0706363636 0.100277778 0.003
      vertex 0.0706363636 0.100277778 0.011
    endloop
  endfacet
  facet normal 0 -1 0
    outer loop
      vertex 0.0235454545 0.100277778 0.003
      vertex 0.0706363636 0.100277778 0.011
      vertex 0.0235454545 0.100277778 0.011
    endloop
  endfacet
  facet normal 1 0 0
    outer loop
      vertex 0.0706363636 0.100277778 0.003
      vertex 0.0706363636 0.103277778 0.003
      vertex 0.0706363636 0.103277778 0.011
    endloop
  endfacet
  facet normal 1 0 0
    outer loop
      vertex 0.0706363636 0.100277778 0.003
      vertex 0.0706363636 0.103277778 0.011
      vertex 0.0706363636 0.100277778 0.011
    endloop
  endfacet
  facet normal 0 1 0
    outer loop
      vertex 0.0706363636 0.103277778 0.003
      vertex 0.0235454545 0.103277778 0.003
      vertex 0.0235454545 0.103277778 0.011
    endloop
  endfacet
  facet normal 0 1 -0
    outer loop
      vertex 0.0706363636 0.103277778 0.003
      vertex 0.0235454545 0.103277778 0.011
      vertex 0.0706363636 0.103277778 0.011
    endloop
  endfacet
  facet normal -1 0 0
    outer loop
      vertex 0.0235454545 0.103277778 0.003
      vertex 0.0235454545 0.100277778 0.003
      vertex 0.0235454545 0.100277778 0.011
    endloop
  endfacet
  facet normal -1 0 0
    outer loop
      vertex 0.0235454545 0.103277778 0.003
      vertex 0.0235454545 0.100277778 0.011
      vertex 0.0235454545 0.103277778 0.011
    endloop
  endfacet
  facet normal 0 0 -1
    outer loop
      vertex 0.0941818182 0.100277778 0.003
      vertex 0.141272727 0.103277778 0.003
      vertex 0.141272727 0.100277778 0.003
    endloop
  endfacet
  facet normal 0 0 -1
    outer loop
      vertex 0.0941818182 0.100277778 0.003
      vertex 0.0941818182 0.103277778 0.003
      vertex 0.141272727 0.103277778 0.003
    endloop
  endfacet
  facet normal 0 0 1
    outer loop
      vertex 0.0941818182 0.100277778 0.011
      vertex 0.141272727 0.100277778 0.011
      vertex 0.141272727 0.103277778 0.011
    endloop
  endfacet
  facet normal 0 0 1
    outer loop
      vertex 0.0941818182 0.100277778 0.011
      vertex 0.141272727 0.103277778 0.011
      vertex 0.0941818182 0.103277778 0.011
    endloop
  endfacet
  facet normal 0 -1 0
    outer loop
      vertex 0.0941818182 0.100277778 0.003
      vertex 0.141272727 0.100277778 0.003
      vertex 0.141272727 0.100277778 0.011
    endloop
  endfacet
  facet normal 0 -1 0
    outer loop
      vertex 0.0941818182 0.100277778 0.003
      vertex 0.141272727 0.100277778 0.011
      vertex 0.0941818182 0.100277778 0.011
    endloop
  endfacet
  facet normal 1 0 0
    outer loop
      vertex 0.141272727 0.100277778 0.003
      vertex 0.141272727 0.103277778 0.003
      vertex 0.141272727 0.103277778 0.011
    endloop
  endfacet
  facet normal 1 0 0
    outer loop
      vertex 0.141272727 0.100277778 0.003
      vertex 0.141272727 0.103277778 0.011
      vertex 0.141272727 0.100277778 0.011
    endloop
  endfacet
  facet normal 0 1 0
    outer loop
      vertex 0.141272727 0.103277778 0.003
      vertex 0.0941818182 0.103277778 0.003
      vertex 0.0941818182 0.103277778 0.011
    endloop
  endfacet
  facet normal 0 1 -0
    outer loop
      vertex 0.141272727 0.103277778 0.003
      vertex 0.0941818182 0.103277778 0.011
      vertex 0.141272727 0.103277778 0.011
    endloop
  endfacet
  facet normal -1 0 0
    outer loop
      vertex 0.0941818182 0.103277778 0.003
      vertex 0.0941818182 0.100277778 0.003
      vertex 0.0941818182 0.100277778 0.011
    endloop
  endfacet
  facet normal -1 0 0
    outer loop
      vertex 0.0941818182 0.103277778 0.003
      vertex 0.0941818182 0.100277778 0.011
      vertex 0.0941818182 0.103277778 0.011
    endloop
  endfacet
  facet normal 0 0 -1
    outer loop
      vertex 0.164818182 0.100277778 0.003
      vertex 0.235454545 0.103277778 0.003
      vertex 0.235454545 0.100277778 0.003
    endloop
  endfacet
  facet normal 0 0 -1
    outer loop
      vertex 0.164818182 0.100277778 0.003
      vertex 0.164818182 0.103277778 0.003
      vertex 0.235454545 0.103277778 0.003
    endloop
  endfacet
  facet normal 0 0 1
    outer loop
      vertex 0.164818182 0.100277778 0.011
      vertex 0.235454545 0.100277778 0.011
      vertex 0.235454545 0.103277778 0.011
    endloop
  endfacet
  facet normal 0 0 1
    outer loop
      vertex 0.164818182 0.100277778 0.011
      vertex 0.235454545 0.103277778 0.011
      vertex 0.164818182 0.103277778 0.011
    endloop
  endfacet
  facet normal 0 -1 0
    outer loop
      vertex 0.164818182 0.100277778 0.003
      vertex 0.235454545 0.100277778 0.003
      vertex 0.235454545 0.100277778 0.011
    endloop
  endfacet
  facet normal 0 -1 0
    outer loop
      vertex 0.164818182 0.100277778 0.003
      vertex 0.235454545 0.100277778 0.011
      vertex 0.164818182 0.100277778 0.011
    endloop
  endfacet
  facet normal 1 0 0
    outer loop
      vertex 0.235454545 0.100277778 0.003
      vertex 0.235454545 0.103277778 0.003
      vertex 0.235454545 0.103277778 0.011
    endloop
  endfacet
  facet normal 1 0 0
    outer loop
      vertex 0.235454545 0.100277778 0.003
      vertex 0.235454545 0.103277778 0.011
      vertex 0.235454545 0.100277778 0.011
    endloop
  endfacet
  facet normal 0 1 0
    outer loop
      vertex 0.235454545 0.103277778 0.003
      vertex 0.164818182 0.103277778 0.003
      vertex 0.164818182 0.103277778 0.011
    endloop
  endfacet
  facet normal 0 1 -0
    outer loop
      vertex 0.235454545 0.103277778 0.003
      vertex 0.164818182 0.103277778 0.011
      vertex 0.235454545 0.103277778 0.011
    endloop
  endfacet
  facet normal -1 0 0
    outer loop
      vertex 0.164818182 0.103277778 0.003
      vertex 0.164818182 0.100277778 0.003
      vertex 0.164818182 0.100277778 0.011
    endloop
  endfacet
  facet normal -1 0 0
    outer loop
      vertex 0.164818182 0.103277778 0.003
      vertex 0.164818182 0.100277778 0.011
      vertex 0.164818182 0.103277778 0.011
    endloop
  endfacet
  facet normal 0 0 -1
    outer loop
      vertex 0.0235454545 0.125722222 0.003
      vertex 0.0941818182 0.128722222 0.003
      vertex 0.0941818182 0.125722222 0.003
    endloop
  endfacet
  facet normal 0 0 -1
    outer loop
      vertex 0.0235454545 0.125722222 0.003
      vertex 0.0235454545 0.128722222 0.003
      vertex 0.0941818182 0.128722222 0.003
    endloop
  endfacet
  facet normal 0 0 1
    outer loop
      vertex 0.0235454545 0.125722222 0.011
      vertex 0.0941818182 0.125722222 0.011
      vertex 0.0941818182 0.128722222 0.011
    endloop
  endfacet
  facet normal 0 0 1
    outer loop
      vertex 0.0235454545 0.125722222 0.011
      vertex 0.0941818182 0.128722222 0.011
      vertex 0.0235454545 0.128722222 0.011
    endloop
  endfacet
  facet normal 0 -1 0
    outer loop
      vertex 0.0235454545 0.125722222 0.003
      vertex 0.0941818182 0.125722222 0.003
      vertex 0.0941818182 0.125722222 0.011
    endloop
  endfacet
  facet normal 0 -1 0
    outer loop
      vertex 0.0235454545 0.125722222 0.003
      vertex 0.0941818182 0.125722222 0.011
      vertex 0.0235454545 0.125722222 0.011
    endloop
  endfacet
  facet normal 1 0 0
    outer loop
      vertex 0.0941818182 0.125722222 0.003
      vertex 0.0941818182 0.128722222 0.003
      vertex 0.0941818182 0.128722222 0.011
    endloop
  endfacet
  facet normal 1 0 0
    outer loop
      vertex 0.0941818182 0.125722222 0.003
      vertex 0.0941818182 0.128722222 0.011
      vertex 0.0941818182 0.125722222 0.011
    endloop
  endfacet
  facet normal 0 1 0
    outer loop
      vertex 0.0941818182 0.128722222 0.003
      vertex 0.0235454545 0.128722222 0.003
      vertex 0.0235454545 0.128722222 0.011
    endloop
  endfacet
  facet normal 0 1 -0
    outer loop
      vertex 0.0941818182 0.128722222 0.003
      vertex 0.0235454545 0.128722222 0.011
      vertex 0.0941818182 0.128722222 0.011
    endloop
  endfacet
  facet normal -1 0 0
    outer loop
      vertex 0.0235454545 0.128722222 0.003
      vertex 0.0235454545 0.125722222 0.003
      vertex 0.0235454545 0.125722222 0.011
    endloop
  endfacet
  facet normal -1 0 0
    outer loop
      vertex 0.0235454545 0.128722222 0.003
      vertex 0.0235454545 0.125722222 0.011
      vertex 0.0235454545 0.128722222 0.011
    endloop
  endfacet
  facet normal 0 0 -1
    outer loop
      vertex 0.117727273 0.125722222 0.003
      vertex 0.164818182 0.128722222 0.003
      vertex 0.164818182 0.125722222 0.003
    endloop
  endfacet
  facet normal 0 0 -1
    outer loop
      vertex 0.117727273 0.125722222 0.003
      vertex 0.117727273 0.128722222 0.003
      vertex 0.164818182 0.128722222 0.003
    endloop
  endfacet
  facet normal 0 0 1
    outer loop
      vertex 0.117727273 0.125722222 0.011
      vertex 0.164818182 0.125722222 0.011
      vertex 0.164818182 0.128722222 0.011
    endloop
  endfacet
  facet normal 0 0 1
    outer loop
      vertex 0.117727273 0.125722222 0.011
      vertex 0.164818182 0.128722222 0.011
      vertex 0.117727273 0.128722222 0.011
    endloop
  endfacet
  facet normal 0 -1 0
    outer loop
      vertex 0.117727273 0.125722222 0.003
      vertex 0.164818182 0.125722222 0.003
      vertex 0.164818182 0.125722222 0.011
    endloop
  endfacet
  facet normal 0 -1 0
    outer loop
      vertex 0.117727273 0.125722222 0.003
      vertex 0.164818182 0.125722222 0.011
      vertex 0.117727273 0.125722222 0.011
    endloop
  endfacet
  facet normal 1 0 0
    outer loop
      vertex 0.164818182 0.125722222 0.003
      vertex 0.164818182 0.128722222 0.003
      vertex 0.164818182 0.128722222 0.011
    endloop
  endfacet
  facet normal 1 0 0
    outer loop
      vertex 0.164818182 0.125722222 0.003
      vertex 0.164818182 0.128722222 0.011
      vertex 0.164818182 0.125722222 0.011
    endloop
  endfacet
  facet normal 0 1 0
    outer loop
      vertex 0.164818182 0.128722222 0.003
      vertex 0.117727273 0.128722222 0.003
      vertex 0.117727273 0.128722222 0.011
    endloop
  endfacet
  facet normal 0 1 -0
    outer loop
      vertex 0.164818182 0.128722222 0.003
      vertex 0.117727273 0.128722222 0.011
      vertex 0.164818182 0.128722222 0.011
    endloop
  endfacet
  facet normal -1 0 0
    outer loop
      vertex 0.117727273 0.128722222 0.003
      vertex 0.117727273 0.125722222 0.003
      vertex 0.117727273 0.125722222 0.011
    endloop
  endfacet
  facet normal -1 0 0
    outer loop
      vertex 0.117727273 0.128722222 0.003
      vertex 0.117727273 0.125722222 0.011
      vertex 0.117727273 0.128722222 0.011
    endloop
  endfacet
  facet normal 0 0 -1
    outer loop
      vertex 0.0235454545 0.176611111 0.003
      vertex 0.0470909091 0.179611111 0.003
      vertex 0.0470909091 0.176611111 0.003
    endloop
  endfacet
  facet normal 0 0 -1
    outer loop
      vertex 0.0235454545 0.176611111 0.003
      vertex 0.0235454545 0.179611111 0.003
      vertex 0.0470909091 0.179611111 0.003
    endloop
  endfacet
  facet normal 0 0 1
    outer loop
      vertex 0.0235454545 0.176611111 0.011
      vertex 0.0470909091 0.176611111 0.011
      vertex 0.0470909091 0.179611111 0.011
    endloop
  endfacet
  facet normal 0 0 1
    outer loop
      vertex 0.0235454545 0.176611111 0.011
      vertex 0.0470909091 0.179611111 0.011
      vertex 0.0235454545 0.179611111 0.011
    endloop
  endfacet
  facet normal 0 -1 0
    outer loop
      vertex 0.0235454545 0.176611111 0.003
      vertex 0.0470909091 0.176611111 0.003
      vertex 0.0470909091 0.176611111 0.011
    endloop
  endfacet
  facet normal 0 -1 0
    outer loop
      vertex 0.0235454545 0.176611111 0.003
      vertex 0.0470909091 0.176611111 0.011
      vertex 0.0235454545 0.176611111 0.011
    endloop
  endfacet
  facet normal 1 0 0
    outer loop
      vertex 0.0470909091 0.176611111 0.003
      vertex 0.0470909091 0.179611111 0.003
      vertex 0.0470909091 0.179611111 0.011
    endloop
  endfacet
  facet normal 1 0 0
    outer loop
      vertex 0.0470909091 0.176611111 0.003
      vertex 0.0470909091 0.179611111 0.011
      vertex 0.0470909091 0.176611111 0.011
    endloop
  endfacet
  facet normal 0 1 0
    outer loop
      vertex 0.0470909091 0.179611111 0.003
      vertex 0.0235454545 0.179611111 0.003
      vertex 0.0235454545 0.179611111 0.011
    endloop
  endfacet
  facet normal 0 1 -0
    outer loop
      vertex 0.0470909091 0.179611111 0.003
      vertex 0.0235454545 0.179611111 0.011
      vertex 0.0470909091 0.179611111 0.011
    endloop
  endfacet
  facet normal -1 0 0
    outer loop
      vertex 0.0235454545 0.179611111 0.003
      vertex 0.0235454545 0.176611111 0.003
      vertex 0.0235454545 0.176611111 0.011
    endloop
  endfacet
  facet normal -1 0 0
    outer loop
      vertex 0.0235454545 0.179611111 0.003
      vertex 0.0235454545 0.176611111 0.011
      vertex 0.0235454545 0.179611111 0.011
    endloop
  endfacet
  facet normal 0 0 -1
    outer loop
      vertex 0.0706363636 0.176611111 0.003
      vertex 0.0941818182 0.179611111 0.003
      vertex 0.0941818182 0.176611111 0.003
    endloop
  endfacet
  facet normal 0 0 -1
    outer loop
      vertex 0.0706363636 0.176611111 0.003
      vertex 0.0706363636 0.179611111 0.003
      vertex 0.0941818182 0.179611111 0.003
    endloop
  endfacet
  facet normal 0 0 1
    outer loop
      vertex 0.0706363636 0.176611111 0.011
      vertex 0.0941818182 0.176611111 0.011
      vertex 0.0941818182 0.179611111 0.011
    endloop
  endfacet
  facet normal 0 0 1
    outer loop
      vertex 0.0706363636 0.176611111 0.011
      vertex 0.0941818182 0.179611111 0.011
      vertex 0.0706363636 0.179611111 0.011
    endloop
  endfacet
  facet normal 0 -1 0
    outer loop
      vertex 0.0706363636 0.176611111 0.003
      vertex 0.0941818182 0.176611111 0.003
      vertex 0.0941818182 0.176611111 0.011
    endloop
  endfacet
  facet normal 0 -1 0
    outer loop
      vertex 0.0706363636 0.176611111 0.003
      vertex 0.0941818182 0.176611111 0.011
      vertex 0.0706363636 0.176611111 0.011
    endloop
  endfacet
  facet normal 1 0 0
    outer loop
      vertex 0.0941818182 0.176611111 0.003
      vertex 0.0941818182 0.179611111 0.003
      vertex 0.0941818182 0.179611111 0.011
    endloop
  endfacet
  facet normal 1 0 0
    outer loop
      vertex 0.0941818182 0.176611111 0.003
      vertex 0.0941818182 0.179611111 0.011
      vertex 0.0941818182 0.176611111 0.011
    endloop
  endfacet
  facet normal 0 1 0
    outer loop
      vertex 0.0941818182 0.179611111 0.003
      vertex 0.0706363636 0.179611111 0.003
      vertex 0.0706363636 0.179611111 0.011
    endloop
  endfacet
  facet normal 0 1 -0
    outer loop
      vertex 0.0941818182 0.179611111 0.003
      vertex 0.0706363636 0.179611111 0.011
      vertex 0.0941818182 0.179611111 0.011
    endloop
  endfacet
  facet normal -1 0 0
    outer loop
      vertex 0.0706363636 0.179611111 0.003
      vertex 0.0706363636 0.176611111 0.003
      vertex 0.0706363636 0.176611111 0.011
    endloop
  endfacet
  facet normal -1 0 0
    outer loop
      vertex 0.0706363636 0.179611111 0.003
      vertex 0.0706363636 0.176611111 0.011
      vertex 0.0706363636 0.179611111 0.011
    endloop
  endfacet
  facet normal 0 0 -1
    outer loop
      vertex 0.188363636 0.176611111 0.003
      vertex 0.211909091 0.179611111 0.003
      vertex 0.211909091 0.176611111 0.003
    endloop
  endfacet
  facet normal 0 0 -1
    outer loop
      vertex 0.188363636 0.176611111 0.003
      vertex 0.188363636 0.179611111 0.003
      vertex 0.211909091 0.179611111 0.003
    endloop
  endfacet
  facet normal 0 0 1
    outer loop
      vertex 0.188363636 0.176611111 0.011
      vertex 0.211909091 0.176611111 0.011
      vertex 0.211909091 0.179611111 0.011
    endloop
  endfacet
  facet normal 0 0 1
    outer loop
      vertex 0.188363636 0.176611111 0.011
      vertex 0.211909091 0.179611111 0.011
      vertex 0.188363636 0.179611111 0.011
    endloop
  endfacet
  facet normal 0 -1 0
    outer loop
      vertex 0.188363636 0.176611111 0.003
      vertex 0.211909091 0.176611111 0.003
      vertex 0.211909091 0.176611111 0.011
    endloop
  endfacet
  facet normal 0 -1 0
    outer loop
      vertex 0.188363636 0.176611111 0.003
      vertex 0.211909091 0.176611111 0.011
      vertex 0.188363636 0.176611111 0.011
    endloop
  endfacet
  facet normal 1 0 0
    outer loop
      vertex 0.211909091 0.176611111 0.003
      vertex 0.211909091 0.179611111 0.003
      vertex 0.211909091 0.179611111 0.011
    endloop
  endfacet
  facet normal 1 0 0
    outer loop
      vertex 0.211909091 0.176611111 0.003
      vertex 0.211909091 0.179611111 0.011
      vertex 0.211909091 0.176611111 0.011
    endloop
  endfacet
  facet normal 0 1 0
    outer loop
      vertex 0.211909091 0.179611111 0.003
      vertex 0.188363636 0.179611111 0.003
      vertex 0.188363636 0.179611111 0.011
    endloop
  endfacet
  facet normal 0 1 -0
    outer loop
      vertex 0.211909091 0.179611111 0.003
      vertex 0.188363636 0.179611111 0.011
      vertex 0.211909091 0.179611111 0.011
    endloop
  endfacet
  facet normal -1 0 0
    outer loop
      vertex 0.188363636 0.179611111 0.003
      vertex 0.188363636 0.176611111 0.003
      vertex 0.188363636 0.176611111 0.011
    endloop
  endfacet
  facet normal -1 0 0
    outer loop
      vertex 0.188363636 0.179611111 0.003
      vertex 0.188363636 0.176611111 0.011
      vertex 0.188363636 0.179611111 0.011
    endloop
  endfacet
  facet normal 0 0 -1
    outer loop
      vertex 0.235454545 0.176611111 0.003
      vertex 0.259 0.179611111 0.003
      vertex 0.259 0.176611111 0.003
    endloop
  endfacet
  facet normal 0 0 -1
    outer loop
      vertex 0.235454545 0.176611111 0.003
      vertex 0.235454545 0.179611111 0.003
      vertex 0.259 0.179611111 0.003
    endloop
  endfacet
  facet normal 0 0 1
    outer loop
      vertex 0.235454545 0.176611111 0.011
      vertex 0.259 0.176611111 0.011
      vertex 0.259 0.179611111 0.011
    endloop
  endfacet
  facet normal 0 0 1
    outer loop
      vertex 0.235454545 0.176611111 0.011
      vertex 0.259 0.179611111 0.011
      vertex 0.235454545 0.179611111 0.011
    endloop
  endfacet
  facet normal 0 -1 0
    outer loop
      vertex 0.235454545 0.176611111 0.003
      vertex 0.259 0.176611111 0.003
      vertex 0.259 0.176611111 0.011
    endloop
  endfacet
  facet normal 0 -1 0
    outer loop
      vertex 0.235454545 0.176611111 0.003
      vertex 0.259 0.176611111 0.011
      vertex 0.235454545 0.176611111 0.011
    endloop
  endfacet
  facet normal 1 0 0
    outer loop
      vertex 0.259 0.176611111 0.003
      vertex 0.259 0.179611111 0.003
      vertex 0.259 0.179611111 0.011
    endloop
  endfacet
  facet normal 1 0 0
    outer loop
      vertex 0.259 0.176611111 0.003
      vertex 0.259 0.179611111 0.011
      vertex 0.259 0.176611111 0.011
    endloop
  endfacet
  facet normal 0 1 0
    outer loop
      vertex 0.259 0.179611111 0.003
      vertex 0.235454545 0.179611111 0.003
      vertex 0.235454545 0.179611111 0.011
    endloop
  endfacet
  facet normal 0 1 -0
    outer loop
      vertex 0.259 0.179611111 0.003
      vertex 0.235454545 0.179611111 0.011
      vertex 0.259 0.179611111 0.011
    endloop
  endfacet
  facet normal -1 0 0
    outer loop
      vertex 0.235454545 0.179611111 0.003
      vertex 0.235454545 0.176611111 0.003
      vertex 0.235454545 0.176611111 0.011
    endloop
  endfacet
  facet normal -1 0 0
    outer loop
      vertex 0.235454545 0.179611111 0.003
      vertex 0.235454545 0.176611111 0.011
      vertex 0.235454545 0.179611111 0.011
    endloop
  endfacet
  facet normal 0 0 -1
    outer loop
      vertex 0.0941818182 0.0493888889 0.003
      vertex 0.141272727 0.0523888889 0.003
      vertex 0.141272727 0.0493888889 0.003
    endloop
  endfacet
  facet normal 0 0 -1
    outer loop
      vertex 0.0941818182 0.0493888889 0.003
      vertex 0.0941818182 0.0523888889 0.003
      vertex 0.141272727 0.0523888889 0.003
    endloop
  endfacet
  facet normal 0 0 1
    outer loop
      vertex 0.0941818182 0.0493888889 0.011
      vertex 0.141272727 0.0493888889 0.011
      vertex 0.141272727 0.0523888889 0.011
    endloop
  endfacet
  facet normal 0 0 1
    outer loop
      vertex 0.0941818182 0.0493888889 0.011
      vertex 0.141272727 0.0523888889 0.011
      vertex 0.0941818182 0.0523888889 0.011
    endloop
  endfacet
  facet normal 0 -1 0
    outer loop
      vertex 0.0941818182 0.0493888889 0.003
      vertex 0.141272727 0.0493888889 0.003
      vertex 0.141272727 0.0493888889 0.011
    endloop
  endfacet
  facet normal 0 -1 0
    outer loop
      vertex 0.0941818182 0.0493888889 0.003
      vertex 0.141272727 0.0493888889 0.011
      vertex 0.0941818182 0.0493888889 0.011
    endloop
  endfacet
  facet normal 1 0 0
    outer loop
      vertex 0.141272727 0.0493888889 0.003
      vertex 0.141272727 0.0523888889 0.003
      vertex 0.141272727 0.0523888889 0.011
    endloop
  endfacet
  facet normal 1 0 0
    outer loop
      vertex 0.141272727 0.0493888889 0.003
      vertex 0.141272727 0.0523888889 0.011
      vertex 0.141272727 0.0493888889 0.011
    endloop
  endfacet
  facet normal 0 1 0
    outer loop
      vertex 0.141272727 0.0523888889 0.003
      vertex 0.0941818182 0.0523888889 0.003
      vertex 0.0941818182 0.0523888889 0.011
    endloop
  endfacet
  facet normal 0 1 -0
    outer loop
      vertex 0.141272727 0.0523888889 0.003
      vertex 0.0941818182 0.0523888889 0.011
      vertex 0.141272727 0.0523888889 0.011
    endloop
  endfacet
  facet normal -1 0 0
    outer loop
      vertex 0.0941818182 0.0523888889 0.003
      vertex 0.0941818182 0.0493888889 0.003
      vertex 0.0941818182 0.0493888889 0.011
    endloop
  endfacet
  facet normal -1 0 0
    outer loop
      vertex 0.0941818182 0.0523888889 0.003
      vertex 0.0941818182 0.0493888889 0.011
      vertex 0.0941818182 0.0523888889 0.011
    endloop
  endfacet
  facet normal 0 0 -1
    outer loop
      vertex 0.164818182 0.0493888889 0.003
      vertex 0.188363636 0.0523888889 0.003
      vertex 0.188363636 0.0493888889 0.003
    endloop
  endfacet
  facet normal 0 0 -1
    outer loop
      vertex 0.164818182 0.0493888889 0.003
      vertex 0.164818182 0.0523888889 0.003
      vertex 0.188363636 0.0523888889 0.003
    endloop
  endfacet
  facet normal 0 0 1
    outer loop
      vertex 0.164818182 0.0493888889 0.011
      vertex 0.188363636 0.0493888889 0.011
      vertex 0.188363636 0.0523888889 0.011
    endloop
  endfacet
  facet normal 0 0 1
    outer loop
      vertex 0.164818182 0.0493888889 0.011
      vertex 0.188363636 0.0523888889 0.011
      vertex 0.164818182 0.0523888889 0.011
    endloop
  endfacet
  facet normal 0 -1 0
    outer loop
      vertex 0.164818182 0.0493888889 0.003
      vertex 0.188363636 0.0493888889 0.003
      vertex 0.188363636 0.0493888889 0.011
    endloop
  endfacet
  facet normal 0 -1 0
    outer loop
      vertex 0.164818182 0.0493888889 0.003
      vertex 0.188363636 0.0493888889 0.011
      vertex 0.164818182 0.0493888889 0.011
    endloop
  endfacet
  facet normal 1 0 0
    outer loop
      vertex 0.188363636 0.0493888889 0.003
      vertex 0.188363636 0.0523888889 0.003
      vertex 0.188363636 0.0523888889 0.011
    endloop
  endfacet
  facet normal 1 0 0
    outer loop
      vertex 0.188363636 0.0493888889 0.003
      vertex 0.188363636 0.0523888889 0.011
      vertex 0.188363636 0.0493888889 0.011
    endloop
  endfacet
  facet normal 0 1 0
    outer loop
      vertex 0.188363636 0.0523888889 0.003
      vertex 0.164818182 0.0523888889 0.003
      vertex 0.164818182 0.0523888889 0.011
    endloop
  endfacet
  facet normal 0 1 -0
    outer loop
      vertex 0.188363636 0.0523888889 0.003
      vertex 0.164818182 0.0523888889 0.011
      vertex 0.188363636 0.0523888889 0.011
    endloop
  endfacet
  facet normal -1 0 0
    outer loop
      vertex 0.164818182 0.0523888889 0.003
      vertex 0.164818182 0.0493888889 0.003
      vertex 0.164818182 0.0493888889 0.011
    endloop
  endfacet
  facet normal -1 0 0
    outer loop
      vertex 0.164818182 0.0523888889 0.003
      vertex 0.164818182 0.0493888889 0.011
      vertex 0.164818182 0.0523888889 0.011
    endloop
  endfacet
  facet normal 0 0 -1
    outer loop
      vertex 0.211909091 0.0493888889 0.003
      vertex 0.235454545 0.0523888889 0.003
      vertex 0.235454545 0.0493888889 0.003
    endloop
  endfacet
  facet normal 0 0 -1
    outer loop
      vertex 0.211909091 0.0493888889 0.003
      vertex 0.211909091 0.0523888889 0.003
      vertex 0.235454545 0.0523888889 0.003
    endloop
  endfacet
  facet normal 0 0 1
    outer loop
      vertex 0.211909091 0.0493888889 0.011
      vertex 0.235454545 0.0493888889 0.011
      vertex 0.235454545 0.0523888889 0.011
    endloop
  endfacet
  facet normal 0 0 1
    outer loop
      vertex 0.211909091 0.0493888889 0.011
      vertex 0.235454545 0.0523888889 0.011
      vertex 0.211909091 0.0523888889 0.011
    endloop
  endfacet
  facet normal 0 -1 0
    outer loop
      vertex 0.211909091 0.0493888889 0.003
      vertex 0.235454545 0.0493888889 0.003
      vertex 0.235454545 0.0493888889 0.011
    endloop
  endfacet
  facet normal 0 -1 0
    outer loop
      vertex 0.211909091 0.0493888889 0.003
      vertex 0.235454545 0.0493888889 0.011
      vertex 0.211909091 0.0493888889 0.011
    endloop
  endfacet
  facet normal 1 0 0
    outer loop
      vertex 0.235454545 0.0493888889 0.003
      vertex 0.235454545 0.0523888889 0.003
      vertex 0.235454545 0.0523888889 0.011
    endloop
  endfacet
  facet normal 1 0 0
    outer loop
      vertex 0.235454545 0.0493888889 0.003
      vertex 0.235454545 0.0523888889 0.011
      vertex 0.235454545 0.0493888889 0.011
    endloop
  endfacet
  facet normal 0 1 0
    outer loop
      vertex 0.235454545 0.0523888889 0.003
      vertex 0.211909091 0.0523888889 0.003
      vertex 0.211909091 0.0523888889 0.011
    endloop
  endfacet
  facet normal 0 1 -0
    outer loop
      vertex 0.235454545 0.0523888889 0.003
      vertex 0.211909091 0.0523888889 0.011
      vertex 0.235454545 0.0523888889 0.011
    endloop
  endfacet
  facet normal -1 0 0
    outer loop
      vertex 0.211909091 0.0523888889 0.003
      vertex 0.211909091 0.0493888889 0.003
      vertex 0.211909091 0.0493888889 0.011
    endloop
  endfacet
  facet normal -1 0 0
    outer loop
      vertex 0.211909091 0.0523888889 0.003
      vertex 0.211909091 0.0493888889 0.011
      vertex 0.211909091 0.0523888889 0.011
    endloop
  endfacet
  facet normal 0 0 -1
    outer loop
      vertex 0.0941818182 0.151166667 0.003
      vertex 0.117727273 0.154166667 0.003
      vertex 0.117727273 0.151166667 0.003
    endloop
  endfacet
  facet normal 0 0 -1
    outer loop
      vertex 0.0941818182 0.151166667 0.003
      vertex 0.0941818182 0.154166667 0.003
      vertex 0.117727273 0.154166667 0.003
    endloop
  endfacet
  facet normal 0 0 1
    outer loop
      vertex 0.0941818182 0.151166667 0.011
      vertex 0.117727273 0.151166667 0.011
      vertex 0.117727273 0.154166667 0.011
    endloop
  endfacet
  facet normal 0 0 1
    outer loop
      vertex 0.0941818182 0.151166667 0.011
      vertex 0.117727273 0.154166667 0.011
      vertex 0.0941818182 0.154166667 0.011
    endloop
  endfacet
  facet normal 0 -1 0
    outer loop
      vertex 0.0941818182 0.151166667 0.003
      vertex 0.117727273 0.151166667 0.003
      vertex 0.117727273 0.151166667 0.011
    endloop
  endfacet
  facet normal 0 -1 0
    outer loop
      vertex 0.0941818182 0.151166667 0.003
      vertex 0.117727273 0.151166667 0.011
      vertex 0.0941818182 0.151166667 0.011
    endloop
  endfacet
  facet normal 1 0 0
    outer loop
      vertex 0.117727273 0.151166667 0.003
      vertex 0.117727273 0.154166667 0.003
      vertex 0.117727273 0.154166667 0.011
    endloop
  endfacet
  facet normal 1 0 0
    outer loop
      vertex 0.117727273 0.151166667 0.003
      vertex 0.117727273 0.154166667 0.011
      vertex 0.117727273 0.151166667 0.011
    endloop
  endfacet
  facet normal 0 1 0
    outer loop
      vertex 0.117727273 0.154166667 0.003
      vertex 0.0941818182 0.154166667 0.003
      vertex 0.0941818182 0.154166667 0.011
    endloop
  endfacet
  facet normal 0 1 -0
    outer loop
      vertex 0.117727273 0.154166667 0.003
      vertex 0.0941818182 0.154166667 0.011
      vertex 0.117727273 0.154166667 0.011
    endloop
  endfacet
  facet normal -1 0 0
    outer loop
      vertex 0.0941818182 0.154166667 0.003
      vertex 0.0941818182 0.151166667 0.003
      vertex 0.0941818182 0.151166667 0.011
    endloop
  endfacet
  facet normal -1 0 0
    outer loop
      vertex 0.0941818182 0.154166667 0.003
      vertex 0.0941818182 0.151166667 0.011
      vertex 0.0941818182 0.154166667 0.011
    endloop
  endfacet
  facet normal 0 0 -1
    outer loop
      vertex 0.164818182 0.151166667 0.003
      vertex 0.188363636 0.154166667 0.003
      vertex 0.188363636 0.151166667 0.003
    endloop
  endfacet
  facet normal 0 0 -1
    outer loop
      vertex 0.164818182 0.151166667 0.003
      vertex 0.164818182 0.154166667 0.003
      vertex 0.188363636 0.154166667 0.003
    endloop
  endfacet
  facet normal 0 0 1
    outer loop
      vertex 0.164818182 0.151166667 0.011
      vertex 0.188363636 0.151166667 0.011
      vertex 0.188363636 0.154166667 0.011
    endloop
  endfacet
  facet normal 0 0 1
    outer loop
      vertex 0.164818182 0.151166667 0.011
      vertex 0.188363636 0.154166667 0.011
      vertex 0.164818182 0.154166667 0.011
    endloop
  endfacet
  facet normal 0 -1 0
    outer loop
      vertex 0.164818182 0.151166667 0.003
      vertex 0.188363636 0.151166667 0.003
      vertex 0.188363636 0.151166667 0.011
    endloop
  endfacet
  facet normal 0 -1 0
    outer loop
      vertex 0.164818182 0.151166667 0.003
      vertex 0.188363636 0.151166667 0.011
      vertex 0.164818182 0.151166667 0.011
    endloop
  endfacet
  facet normal 1 0 0
    outer loop
      vertex 0.188363636 0.151166667 0.003
      vertex 0.188363636 0.154166667 0.003
      vertex 0.188363636 0.154166667 0.011
    endloop
  endfacet
  facet normal 1 0 0
    outer loop
      vertex 0.188363636 0.151166667 0.003
      vertex 0.188363636 0.154166667 0.011
      vertex 0.188363636 0.151166667 0.011
    endloop
  endfacet
  facet normal 0 1 0
    outer loop
      vertex 0.188363636 0.154166667 0.003
      vertex 0.164818182 0.154166667 0.003
      vertex 0.164818182 0.154166667 0.011
    endloop
  endfacet
  facet normal 0 1 -0
    outer loop
      vertex 0.188363636 0.154166667 0.003
      vertex 0.164818182 0.154166667 0.011
      vertex 0.188363636 0.154166667 0.011
    endloop
  endfacet
  facet normal -1 0 0
    outer loop
      vertex 0.164818182 0.154166667 0.003
      vertex 0.164818182 0.151166667 0.003
      vertex 0.164818182 0.151166667 0.011
    endloop
  endfacet
  facet normal -1 0 0
    outer loop
      vertex 0.164818182 0.154166667 0.003
      vertex 0.164818182 0.151166667 0.011
      vertex 0.164818182 0.154166667 0.011
    endloop
  endfacet
  facet normal 0 0 -1
    outer loop
      vertex 0 0.203555556 0.003
      vertex 0.0235454545 0.206555556 0.003
      vertex 0.0235454545 0.203555556 0.003
    endloop
  endfacet
  facet normal 0 0 -1
    outer loop
      vertex 0 0.203555556 0.003
      vertex 0 0.206555556 0.003
      vertex 0.0235454545 0.206555556 0.003
    endloop
  endfacet
  facet normal 0 0 1
    outer loop
      vertex 0 0.203555556 0.011
      vertex 0.0235454545 0.203555556 0.011
      vertex 0.0235454545 0.206555556 0.011
    endloop
  endfacet
  facet normal 0 0 1
    outer loop
      vertex 0 0.203555556 0.011
      vertex 0.0235454545 0.206555556 0.011
      vertex 0 0.206555556 0.011
    endloop
  endfacet
  facet normal 0 -1 0
    outer loop
      vertex 0 0.203555556 0.003
      vertex 0.0235454545 0.203555556 0.003
      vertex 0.0235454545 0.203555556 0.011
    endloop
  endfacet
  facet normal 0 -1 0
    outer loop
      vertex 0 0.203555556 0.003
      vertex 0.0235454545 0.203555556 0.011
      vertex 0 0.203555556 0.011
    endloop
  endfacet
  facet normal 1 0 0
    outer loop
      vertex 0.0235454545 0.203555556 0.003
      vertex 0.0235454545 0.206555556 0.003
      vertex 0.0235454545 0.206555556 0.011
    endloop
  endfacet
  facet normal 1 0 0
    outer loop
      vertex 0.0235454545 0.203555556 0.003
      vertex 0.0235454545 0.206555556 0.011
      vertex 0.0235454545 0.203555556 0.011
    endloop
  endfacet
  facet normal 0 1 0
    outer loop
      vertex 0.0235454545 0.206555556 0.003
      vertex 0 0.206555556 0.003
      vertex 0 0.206555556 0.011
    endloop
  endfacet
  facet normal 0 1 -0
    outer loop
      vertex 0.0235454545 0.206555556 0.003
      vertex 0 0.206555556 0.011
      vertex 0.0235454545 0.206555556 0.011
    endloop
  endfacet
  facet normal -1 0 0
    outer loop
      vertex 0 0.206555556 0.003
      vertex 0 0.203555556 0.003
      vertex 0 0.203555556 0.011
    endloop
  endfacet
  facet normal -1 0 0
    outer loop
      vertex 0 0.206555556 0.003
      vertex 0 0.203555556 0.011
      vertex 0 0.206555556 0.011
    endloop
  endfacet
  facet normal 0 0 -1
    outer loop
      vertex 0 0.205555556 0.003
      vertex 0.0235454545 0.208555556 0.003
      vertex 0.0235454545 0.205555556 0.003
    endloop
  endfacet
  facet normal 0 0 -1
    outer loop
      vertex 0 0.205555556 0.003
      vertex 0 0.208555556 0.003
      vertex 0.0235454545 0.208555556 0.003
    endloop
  endfacet
  facet normal 0 0 1
    outer loop
      vertex 0 0.205555556 0.011
      vertex 0.0235454545 0.205555556 0.011
      vertex 0.0235454545 0.208555556 0.011
    endloop
  endfacet
  facet normal 0 0 1
    outer loop
      vertex 0 0.205555556 0.011
      vertex 0.0235454545 0.208555556 0.011
      vertex 0 0.208555556 0.011
    endloop
  endfacet
  facet normal 0 -1 0
    outer loop
      vertex 0 0.205555556 0.003
      vertex 0.0235454545 0.205555556 0.003
      vertex 0.0235454545 0.205555556 0.011
    endloop
  endfacet
  facet normal 0 -1 0
    outer loop
      vertex 0 0.205555556 0.003
      vertex 0.0235454545 0.205555556 0.011
      vertex 0 0.205555556 0.011
    endloop
  endfacet
  facet normal 1 0 0
    outer loop
      vertex 0.0235454545 0.205555556 0.003
      vertex 0.0235454545 0.208555556 0.003
      vertex 0.0235454545 0.208555556 0.011
    endloop
  endfacet
  facet normal 1 0 0
    outer loop
      vertex 0.0235454545 0.205555556 0.003
      vertex 0.0235454545 0.208555556 0.011
      vertex 0.0235454545 0.205555556 0.011
    endloop
  endfacet
  facet normal 0 1 0
    outer loop
      vertex 0.0235454545 0.208555556 0.003
      vertex 0 0.208555556 0.003
      vertex 0 0.208555556 0.011
    endloop
  endfacet
  facet normal 0 1 -0
    outer loop
      vertex 0.0235454545 0.208555556 0.003
      vertex 0 0.208555556 0.011
      vertex 0.0235454545 0.208555556 0.011
    endloop
  endfacet
  facet normal -1 0 0
    outer loop
      vertex 0 0.208555556 0.003
      vertex 0 0.205555556 0.003
      vertex 0 0.205555556 0.011
    endloop
  endfacet
  facet normal -1 0 0
    outer loop
      vertex 0 0.208555556 0.003
      vertex 0 0.205555556 0.011
      vertex 0 0.208555556 0.011
    endloop
  endfacet
  facet normal 0 0 -1
    outer loop
      vertex 0 0.207555556 0.003
      vertex 0.0235454545 0.210555556 0.003
      vertex 0.0235454545 0.207555556 0.003
    endloop
  endfacet
  facet normal 0 0 -1
    outer loop
      vertex 0 0.207555556 0.003
      vertex 0 0.210555556 0.003
      vertex 0.0235454545 0.210555556 0.003
    endloop
  endfacet
  facet normal 0 0 1
    outer loop
      vertex 0 0.207555556 0.011
      vertex 0.0235454545 0.207555556 0.011
      vertex 0.0235454545 0.210555556 0.011
    endloop
  endfacet
  facet normal 0 0 1
    outer loop
      vertex 0 0.207555556 0.011
      vertex 0.0235454545 0.210555556 0.011
      vertex 0 0.210555556 0.011
    endloop
  endfacet
  facet normal 0 -1 0
    outer loop
      vertex 0 0.207555556 0.003
      vertex 0.0235454545 0.207555556 0.003
      vertex 0.0235454545 0.207555556 0.011
    endloop
  endfacet
  facet normal 0 -1 0
    outer loop
      vertex 0 0.207555556 0.003
      vertex 0.0235454545 0.207555556 0.011
      vertex 0 0.207555556 0.011
    endloop
  endfacet
  facet normal 1 0 0
    outer loop
      vertex 0.0235454545 0.207555556 0.003
      vertex 0.0235454545 0.210555556 0.003
      vertex 0.0235454545 0.210555556 0.011
    endloop
  endfacet
  facet normal 1 0 0
    outer loop
      vertex 0.0235454545 0.207555556 0.003
      vertex 0.0235454545 0.210555556 0.011
      vertex 0.0235454545 0.207555556 0.011
    endloop
  endfacet
  facet normal 0 1 0
    outer loop
      vertex 0.0235454545 0.210555556 0.003
      vertex 0 0.210555556 0.003
      vertex 0 0.210555556 0.011
    endloop
  endfacet
  facet normal 0 1 -0
    outer loop
      vertex 0.0235454545 0.210555556 0.003
      vertex 0 0.210555556 0.011
      vertex 0.0235454545 0.210555556 0.011
    endloop
  endfacet
  facet normal -1 0 0
    outer loop
      vertex 0 0.210555556 0.003
      vertex 0 0.207555556 0.003
      vertex 0 0.207555556 0.011
    endloop
  endfacet
  facet normal -1 0 0
    outer loop
      vertex 0 0.210555556 0.003
      vertex 0 0.207555556 0.011
      vertex 0 0.210555556 0.011
    endloop
  endfacet
  facet normal 0 0 -1
    outer loop
      vertex 0 0.209555556 0.003
      vertex 0.0235454545 0.212555556 0.003
      vertex 0.0235454545 0.209555556 0.003
    endloop
  endfacet
  facet normal 0 0 -1
    outer loop
      vertex 0 0.209555556 0.003
      vertex 0 0.212555556 0.003
      vertex 0.0235454545 0.212555556 0.003
    endloop
  endfacet
  facet normal 0 0 1
    outer loop
      vertex 0 0.209555556 0.011
      vertex 0.0235454545 0.209555556 0.011
      vertex 0.0235454545 0.212555556 0.011
    endloop
  endfacet
  facet normal 0 0 1
    outer loop
      vertex 0 0.209555556 0.011
      vertex 0.0235454545 0.212555556 0.011
      vertex 0 0.212555556 0.011
    endloop
  endfacet
  facet normal 0 -1 0
    outer loop
      vertex 0 0.209555556 0.003
      vertex 0.0235454545 0.209555556 0.003
      vertex 0.0235454545 0.209555556 0.011
    endloop
  endfacet
  facet normal 0 -1 0
    outer loop
      vertex 0 0.209555556 0.003
      vertex 0.0235454545 0.209555556 0.011
      vertex 0 0.209555556 0.011
    endloop
  endfacet
  facet normal 1 0 0
    outer loop
      vertex 0.0235454545 0.209555556 0.003
      vertex 0.0235454545 0.212555556 0.003
      vertex 0.0235454545 0.212555556 0.011
    endloop
  endfacet
  facet normal 1 0 0
    outer loop
      vertex 0.0235454545 0.209555556 0.003
      vertex 0.0235454545 0.212555556 0.011
      vertex 0.0235454545 0.209555556 0.011
    endloop
  endfacet
  facet normal 0 1 0
    outer loop
      vertex 0.0235454545 0.212555556 0.003
      vertex 0 0.212555556 0.003
      vertex 0 0.212555556 0.011
    endloop
  endfacet
  facet normal 0 1 -0
    outer loop
      vertex 0.0235454545 0.212555556 0.003
      vertex 0 0.212555556 0.011
      vertex 0.0235454545 0.212555556 0.011
    endloop
  endfacet
  facet normal -1 0 0
    outer loop
      vertex 0 0.212555556 0.003
      vertex 0 0.209555556 0.003
      vertex 0 0.209555556 0.011
    endloop
  endfacet
  facet normal -1 0 0
    outer loop
      vertex 0 0.212555556 0.003
      vertex 0 0.209555556 0.011
      vertex 0 0.212555556 0.011
    endloop
  endfacet
  facet normal 0 0 -1
    outer loop
      vertex 0 0.211555556 0.003
      vertex 0.0235454545 0.214555556 0.003
      vertex 0.0235454545 0.211555556 0.003
    endloop
  endfacet
  facet normal 0 0 -1
    outer loop
      vertex 0 0.211555556 0.003
      vertex 0 0.214555556 0.003
      vertex 0.0235454545 0.214555556 0.003
    endloop
  endfacet
  facet normal 0 0 1
    outer loop
      vertex 0 0.211555556 0.011
      vertex 0.0235454545 0.211555556 0.011
      vertex 0.0235454545 0.214555556 0.011
    endloop
  endfacet
  facet normal 0 0 1
    outer loop
      vertex 0 0.211555556 0.011
      vertex 0.0235454545 0.214555556 0.011
      vertex 0 0.214555556 0.011
    endloop
  endfacet
  facet normal 0 -1 0
    outer loop
      vertex 0 0.211555556 0.003
      vertex 0.0235454545 0.211555556 0.003
      vertex 0.0235454545 0.211555556 0.011
    endloop
  endfacet
  facet normal 0 -1 0
    outer loop
      vertex 0 0.211555556 0.003
      vertex 0.0235454545 0.211555556 0.011
      vertex 0 0.211555556 0.011
    endloop
  endfacet
  facet normal 1 0 0
    outer loop
      vertex 0.0235454545 0.211555556 0.003
      vertex 0.0235454545 0.214555556 0.003
      vertex 0.0235454545 0.214555556 0.011
    endloop
  endfacet
  facet normal 1 0 0
    outer loop
      vertex 0.0235454545 0.211555556 0.003
      vertex 0.0235454545 0.214555556 0.011
      vertex 0.0235454545 0.211555556 0.011
    endloop
  endfacet
  facet normal 0 1 0
    outer loop
      vertex 0.0235454545 0.214555556 0.003
      vertex 0 0.214555556 0.003
      vertex 0 0.214555556 0.011
    endloop
  endfacet
  facet normal 0 1 -0
    outer loop
      vertex 0.0235454545 0.214555556 0.003
      vertex 0 0.214555556 0.011
      vertex 0.0235454545 0.214555556 0.011
    endloop
  endfacet
  facet normal -1 0 0
    outer loop
      vertex 0 0.214555556 0.003
      vertex 0 0.211555556 0.003
      vertex 0 0.211555556 0.011
    endloop
  endfacet
  facet normal -1 0 0
    outer loop
      vertex 0 0.214555556 0.003
      vertex 0 0.211555556 0.011
      vertex 0 0.214555556 0.011
    endloop
  endfacet
  facet normal 0 0 -1
    outer loop
      vertex 0 0.213555556 0.003
      vertex 0.0235454545 0.216555556 0.003
      vertex 0.0235454545 0.213555556 0.003
    endloop
  endfacet
  facet normal 0 0 -1
    outer loop
      vertex 0 0.213555556 0.003
      vertex 0 0.216555556 0.003
      vertex 0.0235454545 0.216555556 0.003
    endloop
  endfacet
  facet normal 0 0 1
    outer loop
      vertex 0 0.213555556 0.011
      vertex 0.0235454545 0.213555556 0.011
      vertex 0.0235454545 0.216555556 0.011
    endloop
  endfacet
  facet normal 0 0 1
    outer loop
      vertex 0 0.213555556 0.011
      vertex 0.0235454545 0.216555556 0.011
      vertex 0 0.216555556 0.011
    endloop
  endfacet
  facet normal 0 -1 0
    outer loop
      vertex 0 0.213555556 0.003
      vertex 0.0235454545 0.213555556 0.003
      vertex 0.0235454545 0.213555556 0.011
    endloop
  endfacet
  facet normal 0 -1 0
    outer loop
      vertex 0 0.213555556 0.003
      vertex 0.0235454545 0.213555556 0.011
      vertex 0 0.213555556 0.011
    endloop
  endfacet
  facet normal 1 0 0
    outer loop
      vertex 0.0235454545 0.213555556 0.003
      vertex 0.0235454545 0.216555556 0.003
      vertex 0.0235454545 0.216555556 0.011
    endloop
  endfacet
  facet normal 1 0 0
    outer loop
      vertex 0.0235454545 0.213555556 0.003
      vertex 0.0235454545 0.216555556 0.011
      vertex 0.0235454545 0.213555556 0.011
    endloop
  endfacet
  facet normal 0 1 0
    outer loop
      vertex 0.0235454545 0.216555556 0.003
      vertex 0 0.216555556 0.003
      vertex 0 0.216555556 0.011
    endloop
  endfacet
  facet normal 0 1 -0
    outer loop
      vertex 0.0235454545 0.216555556 0.003
      vertex 0 0.216555556 0.011
      vertex 0.0235454545 0.216555556 0.011
    endloop
  endfacet
  facet normal -1 0 0
    outer loop
      vertex 0 0.216555556 0.003
      vertex 0 0.213555556 0.003
      vertex 0 0.213555556 0.011
    endloop
  endfacet
  facet normal -1 0 0
    outer loop
      vertex 0 0.216555556 0.003
      vertex 0 0.213555556 0.011
      vertex 0 0.216555556 0.011
    endloop
  endfacet
  facet normal 0 0 -1
    outer loop
      vertex 0 0.215555556 0.003
      vertex 0.0235454545 0.218555556 0.003
      vertex 0.0235454545 0.215555556 0.003
    endloop
  endfacet
  facet normal 0 0 -1
    outer loop
      vertex 0 0.215555556 0.003
      vertex 0 0.218555556 0.003
      vertex 0.0235454545 0.218555556 0.003
    endloop
  endfacet
  facet normal 0 0 1
    outer loop
      vertex 0 0.215555556 0.011
      vertex 0.0235454545 0.215555556 0.011
      vertex 0.0235454545 0.218555556 0.011
    endloop
  endfacet
  facet normal 0 0 1
    outer loop
      vertex 0 0.215555556 0.011
      vertex 0.0235454545 0.218555556 0.011
      vertex 0 0.218555556 0.011
    endloop
  endfacet
  facet normal 0 -1 0
    outer loop
      vertex 0 0.215555556 0.003
      vertex 0.0235454545 0.215555556 0.003
      vertex 0.0235454545 0.215555556 0.011
    endloop
  endfacet
  facet normal 0 -1 0
    outer loop
      vertex 0 0.215555556 0.003
      vertex 0.0235454545 0.215555556 0.011
      vertex 0 0.215555556 0.011
    endloop
  endfacet
  facet normal 1 0 0
    outer loop
      vertex 0.0235454545 0.215555556 0.003
      vertex 0.0235454545 0.218555556 0.003
      vertex 0.0235454545 0.218555556 0.011
    endloop
  endfacet
  facet normal 1 0 0
    outer loop
      vertex 0.0235454545 0.215555556 0.003
      vertex 0.0235454545 0.218555556 0.011
      vertex 0.0235454545 0.215555556 0.011
    endloop
  endfacet
  facet normal 0 1 0
    outer loop
      vertex 0.0235454545 0.218555556 0.003
      vertex 0 0.218555556 0.003
      vertex 0 0.218555556 0.011
    endloop
  endfacet
  facet normal 0 1 -0
    outer loop
      vertex 0.0235454545 0.218555556 0.003
      vertex 0 0.218555556 0.011
      vertex 0.0235454545 0.218555556 0.011
    endloop
  endfacet
  facet normal -1 0 0
    outer loop
      vertex 0 0.218555556 0.003
      vertex 0 0.215555556 0.003
      vertex 0 0.215555556 0.011
    endloop
  endfacet
  facet normal -1 0 0
    outer loop
      vertex 0 0.218555556 0.003
      vertex 0 0.215555556 0.011
      vertex 0 0.218555556 0.011
    endloop
  endfacet
  facet normal 0 0 -1
    outer loop
      vertex 0 0.217555556 0.003
      vertex 0.0235454545 0.220555556 0.003
      vertex 0.0235454545 0.217555556 0.003
    endloop
  endfacet
  facet normal 0 0 -1
    outer loop
      vertex 0 0.217555556 0.003
      vertex 0 0.220555556 0.003
      vertex 0.0235454545 0.220555556 0.003
    endloop
  endfacet
  facet normal 0 0 1
    outer loop
      vertex 0 0.217555556 0.011
      vertex 0.0235454545 0.217555556 0.011
      vertex 0.0235454545 0.220555556 0.011
    endloop
  endfacet
  facet normal 0 0 1
    outer loop
      vertex 0 0.217555556 0.011
      vertex 0.0235454545 0.220555556 0.011
      vertex 0 0.220555556 0.011
    endloop
  endfacet
  facet normal 0 -1 0
    outer loop
      vertex 0 0.217555556 0.003
      vertex 0.0235454545 0.217555556 0.003
      vertex 0.0235454545 0.217555556 0.011
    endloop
  endfacet
  facet normal 0 -1 0
    outer loop
      vertex 0 0.217555556 0.003
      vertex 0.0235454545 0.217555556 0.011
      vertex 0 0.217555556 0.011
    endloop
  endfacet
  facet normal 1 0 0
    outer loop
      vertex 0.0235454545 0.217555556 0.003
      vertex 0.0235454545 0.220555556 0.003
      vertex 0.0235454545 0.220555556 0.011
    endloop
  endfacet
  facet normal 1 0 0
    outer loop
      vertex 0.0235454545 0.217555556 0.003
      vertex 0.0235454545 0.220555556 0.011
      vertex 0.0235454545 0.217555556 0.011
    endloop
  endfacet
  facet normal 0 1 0
    outer loop
      vertex 0.0235454545 0.220555556 0.003
      vertex 0 0.220555556 0.003
      vertex 0 0.220555556 0.011
    endloop
  endfacet
  facet normal 0 1 -0
    outer loop
      vertex 0.0235454545 0.220555556 0.003
      vertex 0 0.220555556 0.011
      vertex 0.0235454545 0.220555556 0.011
    endloop
  endfacet
  facet normal -1 0 0
    outer loop
      vertex 0 0.220555556 0.003
      vertex 0 0.217555556 0.003
      vertex 0 0.217555556 0.011
    endloop
  endfacet
  facet normal -1 0 0
    outer loop
      vertex 0 0.220555556 0.003
      vertex 0 0.217555556 0.011
      vertex 0 0.220555556 0.011
    endloop
  endfacet
  facet normal 0 0 -1
    outer loop
      vertex 0 0.219555556 0.003
      vertex 0.0235454545 0.222555556 0.003
      vertex 0.0235454545 0.219555556 0.003
    endloop
  endfacet
  facet normal 0 0 -1
    outer loop
      vertex 0 0.219555556 0.003
      vertex 0 0.222555556 0.003
      vertex 0.0235454545 0.222555556 0.003
    endloop
  endfacet
  facet normal 0 0 1
    outer loop
      vertex 0 0.219555556 0.011
      vertex 0.0235454545 0.219555556 0.011
      vertex 0.0235454545 0.222555556 0.011
    endloop
  endfacet
  facet normal 0 0 1
    outer loop
      vertex 0 0.219555556 0.011
      vertex 0.0235454545 0.222555556 0.011
      vertex 0 0.222555556 0.011
    endloop
  endfacet
  facet normal 0 -1 0
    outer loop
      vertex 0 0.219555556 0.003
      vertex 0.0235454545 0.219555556 0.003
      vertex 0.0235454545 0.219555556 0.011
    endloop
  endfacet
  facet normal 0 -1 0
    outer loop
      vertex 0 0.219555556 0.003
      vertex 0.0235454545 0.219555556 0.011
      vertex 0 0.219555556 0.011
    endloop
  endfacet
  facet normal 1 0 0
    outer loop
      vertex 0.0235454545 0.219555556 0.003
      vertex 0.0235454545 0.222555556 0.003
      vertex 0.0235454545 0.222555556 0.011
    endloop
  endfacet
  facet normal 1 0 0
    outer loop
      vertex 0.0235454545 0.219555556 0.003
      vertex 0.0235454545 0.222555556 0.011
      vertex 0.0235454545 0.219555556 0.011
    endloop
  endfacet
  facet normal 0 1 0
    outer loop
      vertex 0.0235454545 0.222555556 0.003
      vertex 0 0.222555556 0.003
      vertex 0 0.222555556 0.011
    endloop
  endfacet
  facet normal 0 1 -0
    outer loop
      vertex 0.0235454545 0.222555556 0.003
      vertex 0 0.222555556 0.011
      vertex 0.0235454545 0.222555556 0.011
    endloop
  endfacet
  facet normal -1 0 0
    outer loop
      vertex 0 0.222555556 0.003
      vertex 0 0.219555556 0.003
      vertex 0 0.219555556 0.011
    endloop
  endfacet
  facet normal -1 0 0
    outer loop
      vertex 0 0.222555556 0.003
      vertex 0 0.219555556 0.011
      vertex 0 0.222555556 0.011
    endloop
  endfacet
  facet normal 0 0 -1
    outer loop
      vertex 0 0.221555556 0.003
      vertex 0.0235454545 0.224555556 0.003
      vertex 0.0235454545 0.221555556 0.003
    endloop
  endfacet
  facet normal 0 0 -1
    outer loop
      vertex 0 0.221555556 0.003
      vertex 0 0.224555556 0.003
      vertex 0.0235454545 0.224555556 0.003
    endloop
  endfacet
  facet normal 0 0 1
    outer loop
      vertex 0 0.221555556 0.011
      vertex 0.0235454545 0.221555556 0.011
      vertex 0.0235454545 0.224555556 0.011
    endloop
  endfacet
  facet normal 0 0 1
    outer loop
      vertex 0 0.221555556 0.011
      vertex 0.0235454545 0.224555556 0.011
      vertex 0 0.224555556 0.011
    endloop
  endfacet
  facet normal 0 -1 0
    outer loop
      vertex 0 0.221555556 0.003
      vertex 0.0235454545 0.221555556 0.003
      vertex 0.0235454545 0.221555556 0.011
    endloop
  endfacet
  facet normal 0 -1 0
    outer loop
      vertex 0 0.221555556 0.003
      vertex 0.0235454545 0.221555556 0.011
      vertex 0 0.221555556 0.011
    endloop
  endfacet
  facet normal 1 0 0
    outer loop
      vertex 0.0235454545 0.221555556 0.003
      vertex 0.0235454545 0.224555556 0.003
      vertex 0.0235454545 0.224555556 0.011
    endloop
  endfacet
  facet normal 1 0 0
    outer loop
      vertex 0.0235454545 0.221555556 0.003
      vertex 0.0235454545 0.224555556 0.011
      vertex 0.0235454545 0.221555556 0.011
    endloop
  endfacet
  facet normal 0 1 0
    outer loop
      vertex 0.0235454545 0.224555556 0.003
      vertex 0 0.224555556 0.003
      vertex 0 0.224555556 0.011
    endloop
  endfacet
  facet normal 0 1 -0
    outer loop
      vertex 0.0235454545 0.224555556 0.003
      vertex 0 0.224555556 0.011
      vertex 0.0235454545 0.224555556 0.011
    endloop
  endfacet
  facet normal -1 0 0
    outer loop
      vertex 0 0.224555556 0.003
      vertex 0 0.221555556 0.003
      vertex 0 0.221555556 0.011
    endloop
  endfacet
  facet normal -1 0 0
    outer loop
      vertex 0 0.224555556 0.003
      vertex 0 0.221555556 0.011
      vertex 0 0.224555556 0.011
    endloop
  endfacet
  facet normal 0 0 -1
    outer loop
      vertex 0 0.223555556 0.003
      vertex 0.0235454545 0.226555556 0.003
      vertex 0.0235454545 0.223555556 0.003
    endloop
  endfacet
  facet normal 0 0 -1
    outer loop
      vertex 0 0.223555556 0.003
      vertex 0 0.226555556 0.003
      vertex 0.0235454545 0.226555556 0.003
    endloop
  endfacet
  facet normal 0 0 1
    outer loop
      vertex 0 0.223555556 0.011
      vertex 0.0235454545 0.223555556 0.011
      vertex 0.0235454545 0.226555556 0.011
    endloop
  endfacet
  facet normal 0 0 1
    outer loop
      vertex 0 0.223555556 0.011
      vertex 0.0235454545 0.226555556 0.011
      vertex 0 0.226555556 0.011
    endloop
  endfacet
  facet normal 0 -1 0
    outer loop
      vertex 0 0.223555556 0.003
      vertex 0.0235454545 0.223555556 0.003
      vertex 0.0235454545 0.223555556 0.011
    endloop
  endfacet
  facet normal 0 -1 0
    outer loop
      vertex 0 0.223555556 0.003
      vertex 0.0235454545 0.223555556 0.011
      vertex 0 0.223555556 0.011
    endloop
  endfacet
  facet normal 1 0 0
    outer loop
      vertex 0.0235454545 0.223555556 0.003
      vertex 0.0235454545 0.226555556 0.003
      vertex 0.0235454545 0.226555556 0.011
    endloop
  endfacet
  facet normal 1 0 0
    outer loop
      vertex 0.0235454545 0.223555556 0.003
      vertex 0.0235454545 0.226555556 0.011
      vertex 0.0235454545 0.223555556 0.011
    endloop
  endfacet
  facet normal 0 1 0
    outer loop
      vertex 0.0235454545 0.226555556 0.003
      vertex 0 0.226555556 0.003
      vertex 0 0.226555556 0.011
    endloop
  endfacet
  facet normal 0 1 -0
    outer loop
      vertex 0.0235454545 0.226555556 0.003
      vertex 0 0.226555556 0.011
      vertex 0.0235454545 0.226555556 0.011
    endloop
  endfacet
  facet normal -1 0 0
    outer loop
      vertex 0 0.226555556 0.003
      vertex 0 0.223555556 0.003
      vertex 0 0.223555556 0.011
    endloop
  endfacet
  facet normal -1 0 0
    outer loop
      vertex 0 0.226555556 0.003
      vertex 0 0.223555556 0.011
      vertex 0 0.226555556 0.011
    endloop
  endfacet
  facet normal 0 0 -1
    outer loop
      vertex 0 0.225555556 0.003
      vertex 0.0235454545 0.228555556 0.003
      vertex 0.0235454545 0.225555556 0.003
    endloop
  endfacet
  facet normal 0 0 -1
    outer loop
      vertex 0 0.225555556 0.003
      vertex 0 0.228555556 0.003
      vertex 0.0235454545 0.228555556 0.003
    endloop
  endfacet
  facet normal 0 0 1
    outer loop
      vertex 0 0.225555556 0.011
      vertex 0.0235454545 0.225555556 0.011
      vertex 0.0235454545 0.228555556 0.011
    endloop
  endfacet
  facet normal 0 0 1
    outer loop
      vertex 0 0.225555556 0.011
      vertex 0.0235454545 0.228555556 0.011
      vertex 0 0.228555556 0.011
    endloop
  endfacet
  facet normal 0 -1 0
    outer loop
      vertex 0 0.225555556 0.003
      vertex 0.0235454545 0.225555556 0.003
      vertex 0.0235454545 0.225555556 0.011
    endloop
  endfacet
  facet normal 0 -1 0
    outer loop
      vertex 0 0.225555556 0.003
      vertex 0.0235454545 0.225555556 0.011
      vertex 0 0.225555556 0.011
    endloop
  endfacet
  facet normal 1 0 0
    outer loop
      vertex 0.0235454545 0.225555556 0.003
      vertex 0.0235454545 0.228555556 0.003
      vertex 0.0235454545 0.228555556 0.011
    endloop
  endfacet
  facet normal 1 0 0
    outer loop
      vertex 0.0235454545 0.225555556 0.003
      vertex 0.0235454545 0.228555556 0.011
      vertex 0.0235454545 0.225555556 0.011
    endloop
  endfacet
  facet normal 0 1 0
    outer loop
      vertex 0.0235454545 0.228555556 0.003
      vertex 0 0.228555556 0.003
      vertex 0 0.228555556 0.011
    endloop
  endfacet
  facet normal 0 1 -0
    outer loop
      vertex 0.0235454545 0.228555556 0.003
      vertex 0 0.228555556 0.011
      vertex 0.0235454545 0.228555556 0.011
    endloop
  endfacet
  facet normal -1 0 0
    outer loop
      vertex 0 0.228555556 0.003
      vertex 0 0.225555556 0.003
      vertex 0 0.225555556 0.011
    endloop
  endfacet
  facet normal -1 0 0
    outer loop
      vertex 0 0.228555556 0.003
      vertex 0 0.225555556 0.011
      vertex 0 0.228555556 0.011
    endloop
  endfacet
  facet normal 0 0 -1
    outer loop
      vertex 0 0.226 0.003
      vertex 0.0235454545 0.229 0.003
      vertex 0.0235454545 0.226 0.003
    endloop
  endfacet
  facet normal 0 0 -1
    outer loop
      vertex 0 0.226 0.003
      vertex 0 0.229 0.003
      vertex 0.0235454545 0.229 0.003
    endloop
  endfacet
  facet normal 0 0 1
    outer loop
      vertex 0 0.226 0.011
      vertex 0.0235454545 0.226 0.011
      vertex 0.0235454545 0.229 0.011
    endloop
  endfacet
  facet normal 0 0 1
    outer loop
      vertex 0 0.226 0.011
      vertex 0.0235454545 0.229 0.011
      vertex 0 0.229 0.011
    endloop
  endfacet
  facet normal 0 -1 0
    outer loop
      vertex 0 0.226 0.003
      vertex 0.0235454545 0.226 0.003
      vertex 0.0235454545 0.226 0.011
    endloop
  endfacet
  facet normal 0 -1 0
    outer loop
      vertex 0 0.226 0.003
      vertex 0.0235454545 0.226 0.011
      vertex 0 0.226 0.011
    endloop
  endfacet
  facet normal 1 0 0
    outer loop
      vertex 0.0235454545 0.226 0.003
      vertex 0.0235454545 0.229 0.003
      vertex 0.0235454545 0.229 0.011
    endloop
  endfacet
  facet normal 1 0 0
    outer loop
      vertex 0.0235454545 0.226 0.003
      vertex 0.0235454545 0.229 0.011
      vertex 0.0235454545 0.226 0.011
    endloop
  endfacet
  facet normal 0 1 0
    outer loop
      vertex 0.0235454545 0.229 0.003
      vertex 0 0.229 0.003
      vertex 0 0.229 0.011
    endloop
  endfacet
  facet normal 0 1 -0
    outer loop
      vertex 0.0235454545 0.229 0.003
      vertex 0 0.229 0.011
      vertex 0.0235454545 0.229 0.011
    endloop
  endfacet
  facet normal -1 0 0
    outer loop
      vertex 0 0.229 0.003
      vertex 0 0.226 0.003
      vertex 0 0.226 0.011
    endloop
  endfacet
  facet normal -1 0 0
    outer loop
      vertex 0 0.229 0.003
      vertex 0 0.226 0.011
      vertex 0 0.229 0.011
    endloop
  endfacet
  facet normal 0 0 -1
    outer loop
      vertex 0.235454545 0.203555556 0.003
      vertex 0.259 0.206555556 0.003
      vertex 0.259 0.203555556 0.003
    endloop
  endfacet
  facet normal 0 0 -1
    outer loop
      vertex 0.235454545 0.203555556 0.003
      vertex 0.235454545 0.206555556 0.003
      vertex 0.259 0.206555556 0.003
    endloop
  endfacet
  facet normal 0 0 1
    outer loop
      vertex 0.235454545 0.203555556 0.011
      vertex 0.259 0.203555556 0.011
      vertex 0.259 0.206555556 0.011
    endloop
  endfacet
  facet normal 0 0 1
    outer loop
      vertex 0.235454545 0.203555556 0.011
      vertex 0.259 0.206555556 0.011
      vertex 0.235454545 0.206555556 0.011
    endloop
  endfacet
  facet normal 0 -1 0
    outer loop
      vertex 0.235454545 0.203555556 0.003
      vertex 0.259 0.203555556 0.003
      vertex 0.259 0.203555556 0.011
    endloop
  endfacet
  facet normal 0 -1 0
    outer loop
      vertex 0.235454545 0.203555556 0.003
      vertex 0.259 0.203555556 0.011
      vertex 0.235454545 0.203555556 0.011
    endloop
  endfacet
  facet normal 1 0 0
    outer loop
      vertex 0.259 0.203555556 0.003
      vertex 0.259 0.206555556 0.003
      vertex 0.259 0.206555556 0.011
    endloop
  endfacet
  facet normal 1 0 0
    outer loop
      vertex 0.259 0.203555556 0.003
      vertex 0.259 0.206555556 0.011
      vertex 0.259 0.203555556 0.011
    endloop
  endfacet
  facet normal 0 1 0
    outer loop
      vertex 0.259 0.206555556 0.003
      vertex 0.235454545 0.206555556 0.003
      vertex 0.235454545 0.206555556 0.011
    endloop
  endfacet
  facet normal 0 1 -0
    outer loop
      vertex 0.259 0.206555556 0.003
      vertex 0.235454545 0.206555556 0.011
      vertex 0.259 0.206555556 0.011
    endloop
  endfacet
  facet normal -1 0 0
    outer loop
      vertex 0.235454545 0.206555556 0.003
      vertex 0.235454545 0.203555556 0.003
      vertex 0.235454545 0.203555556 0.011
    endloop
  endfacet
  facet normal -1 0 0
    outer loop
      vertex 0.235454545 0.206555556 0.003
      vertex 0.235454545 0.203555556 0.011
      vertex 0.235454545 0.206555556 0.011
    endloop
  endfacet
  facet normal 0 0 -1
    outer loop
      vertex 0.235454545 0.205555556 0.003
      vertex 0.259 0.208555556 0.003
      vertex 0.259 0.205555556 0.003
    endloop
  endfacet
  facet normal 0 0 -1
    outer loop
      vertex 0.235454545 0.205555556 0.003
      vertex 0.235454545 0.208555556 0.003
      vertex 0.259 0.208555556 0.003
    endloop
  endfacet
  facet normal 0 0 1
    outer loop
      vertex 0.235454545 0.205555556 0.011
      vertex 0.259 0.205555556 0.011
      vertex 0.259 0.208555556 0.011
    endloop
  endfacet
  facet normal 0 0 1
    outer loop
      vertex 0.235454545 0.205555556 0.011
      vertex 0.259 0.208555556 0.011
      vertex 0.235454545 0.208555556 0.011
    endloop
  endfacet
  facet normal 0 -1 0
    outer loop
      vertex 0.235454545 0.205555556 0.003
      vertex 0.259 0.205555556 0.003
      vertex 0.259 0.205555556 0.011
    endloop
  endfacet
  facet normal 0 -1 0
    outer loop
      vertex 0.235454545 0.205555556 0.003
      vertex 0.259 0.205555556 0.011
      vertex 0.235454545 0.205555556 0.011
    endloop
  endfacet
  facet normal 1 0 0
    outer loop
      vertex 0.259 0.205555556 0.003
      vertex 0.259 0.208555556 0.003
      vertex 0.259 0.208555556 0.011
    endloop
  endfacet
  facet normal 1 0 0
    outer loop
      vertex 0.259 0.205555556 0.003
      vertex 0.259 0.208555556 0.011
      vertex 0.259 0.205555556 0.011
    endloop
  endfacet
  facet normal 0 1 0
    outer loop
      vertex 0.259 0.208555556 0.003
      vertex 0.235454545 0.208555556 0.003
      vertex 0.235454545 0.208555556 0.011
    endloop
  endfacet
  facet normal 0 1 -0
    outer loop
      vertex 0.259 0.208555556 0.003
      vertex 0.235454545 0.208555556 0.011
      vertex 0.259 0.208555556 0.011
    endloop
  endfacet
  facet normal -1 0 0
    outer loop
      vertex 0.235454545 0.208555556 0.003
      vertex 0.235454545 0.205555556 0.003
      vertex 0.235454545 0.205555556 0.011
    endloop
  endfacet
  facet normal -1 0 0
    outer loop
      vertex 0.235454545 0.208555556 0.003
      vertex 0.235454545 0.205555556 0.011
      vertex 0.235454545 0.208555556 0.011
    endloop
  endfacet
  facet normal 0 0 -1
    outer loop
      vertex 0.235454545 0.207555556 0.003
      vertex 0.259 0.210555556 0.003
      vertex 0.259 0.207555556 0.003
    endloop
  endfacet
  facet normal 0 0 -1
    outer loop
      vertex 0.235454545 0.207555556 0.003
      vertex 0.235454545 0.210555556 0.003
      vertex 0.259 0.210555556 0.003
    endloop
  endfacet
  facet normal 0 0 1
    outer loop
      vertex 0.235454545 0.207555556 0.011
      vertex 0.259 0.207555556 0.011
      vertex 0.259 0.210555556 0.011
    endloop
  endfacet
  facet normal 0 0 1
    outer loop
      vertex 0.235454545 0.207555556 0.011
      vertex 0.259 0.210555556 0.011
      vertex 0.235454545 0.210555556 0.011
    endloop
  endfacet
  facet normal 0 -1 0
    outer loop
      vertex 0.235454545 0.207555556 0.003
      vertex 0.259 0.207555556 0.003
      vertex 0.259 0.207555556 0.011
    endloop
  endfacet
  facet normal 0 -1 0
    outer loop
      vertex 0.235454545 0.207555556 0.003
      vertex 0.259 0.207555556 0.011
      vertex 0.235454545 0.207555556 0.011
    endloop
  endfacet
  facet normal 1 0 0
    outer loop
      vertex 0.259 0.207555556 0.003
      vertex 0.259 0.210555556 0.003
      vertex 0.259 0.210555556 0.011
    endloop
  endfacet
  facet normal 1 0 0
    outer loop
      vertex 0.259 0.207555556 0.003
      vertex 0.259 0.210555556 0.011
      vertex 0.259 0.207555556 0.011
    endloop
  endfacet
  facet normal 0 1 0
    outer loop
      vertex 0.259 0.210555556 0.003
      vertex 0.235454545 0.210555556 0.003
      vertex 0.235454545 0.210555556 0.011
    endloop
  endfacet
  facet normal 0 1 -0
    outer loop
      vertex 0.259 0.210555556 0.003
      vertex 0.235454545 0.210555556 0.011
      vertex 0.259 0.210555556 0.011
    endloop
  endfacet
  facet normal -1 0 0
    outer loop
      vertex 0.235454545 0.210555556 0.003
      vertex 0.235454545 0.207555556 0.003
      vertex 0.235454545 0.207555556 0.011
    endloop
  endfacet
  facet normal -1 0 0
    outer loop
      vertex 0.235454545 0.210555556 0.003
      vertex 0.235454545 0.207555556 0.011
      vertex 0.235454545 0.210555556 0.011
    endloop
  endfacet
  facet normal 0 0 -1
    outer loop
      vertex 0.235454545 0.209555556 0.003
      vertex 0.259 0.212555556 0.003
      vertex 0.259 0.209555556 0.003
    endloop
  endfacet
  facet normal 0 0 -1
    outer loop
      vertex 0.235454545 0.209555556 0.003
      vertex 0.235454545 0.212555556 0.003
      vertex 0.259 0.212555556 0.003
    endloop
  endfacet
  facet normal 0 0 1
    outer loop
      vertex 0.235454545 0.209555556 0.011
      vertex 0.259 0.209555556 0.011
      vertex 0.259 0.212555556 0.011
    endloop
  endfacet
  facet normal 0 0 1
    outer loop
      vertex 0.235454545 0.209555556 0.011
      vertex 0.259 0.212555556 0.011
      vertex 0.235454545 0.212555556 0.011
    endloop
  endfacet
  facet normal 0 -1 0
    outer loop
      vertex 0.235454545 0.209555556 0.003
      vertex 0.259 0.209555556 0.003
      vertex 0.259 0.209555556 0.011
    endloop
  endfacet
  facet normal 0 -1 0
    outer loop
      vertex 0.235454545 0.209555556 0.003
      vertex 0.259 0.209555556 0.011
      vertex 0.235454545 0.209555556 0.011
    endloop
  endfacet
  facet normal 1 0 0
    outer loop
      vertex 0.259 0.209555556 0.003
      vertex 0.259 0.212555556 0.003
      vertex 0.259 0.212555556 0.011
    endloop
  endfacet
  facet normal 1 0 0
    outer loop
      vertex 0.259 0.209555556 0.003
      vertex 0.259 0.212555556 0.011
      vertex 0.259 0.209555556 0.011
    endloop
  endfacet
  facet normal 0 1 0
    outer loop
      vertex 0.259 0.212555556 0.003
      vertex 0.235454545 0.212555556 0.003
      vertex 0.235454545 0.212555556 0.011
    endloop
  endfacet
  facet normal 0 1 -0
    outer loop
      vertex 0.259 0.212555556 0.003
      vertex 0.235454545 0.212555556 0.011
      vertex 0.259 0.212555556 0.011
    endloop
  endfacet
  facet normal -1 0 0
    outer loop
      vertex 0.235454545 0.212555556 0.003
      vertex 0.235454545 0.209555556 0.003
      vertex 0.235454545 0.209555556 0.011
    endloop
  endfacet
  facet normal -1 0 0
    outer loop
      vertex 0.235454545 0.212555556 0.003
      vertex 0.235454545 0.209555556 0.011
      vertex 0.235454545 0.212555556 0.011
    endloop
  endfacet
  facet normal 0 0 -1
    outer loop
      vertex 0.235454545 0.211555556 0.003
      vertex 0.259 0.214555556 0.003
      vertex 0.259 0.211555556 0.003
    endloop
  endfacet
  facet normal 0 0 -1
    outer loop
      vertex 0.235454545 0.211555556 0.003
      vertex 0.235454545 0.214555556 0.003
      vertex 0.259 0.214555556 0.003
    endloop
  endfacet
  facet normal 0 0 1
    outer loop
      vertex 0.235454545 0.211555556 0.011
      vertex 0.259 0.211555556 0.011
      vertex 0.259 0.214555556 0.011
    endloop
  endfacet
  facet normal 0 0 1
    outer loop
      vertex 0.235454545 0.211555556 0.011
      vertex 0.259 0.214555556 0.011
      vertex 0.235454545 0.214555556 0.011
    endloop
  endfacet
  facet normal 0 -1 0
    outer loop
      vertex 0.235454545 0.211555556 0.003
      vertex 0.259 0.211555556 0.003
      vertex 0.259 0.211555556 0.011
    endloop
  endfacet
  facet normal 0 -1 0
    outer loop
      vertex 0.235454545 0.211555556 0.003
      vertex 0.259 0.211555556 0.011
      vertex 0.235454545 0.211555556 0.011
    endloop
  endfacet
  facet normal 1 0 0
    outer loop
      vertex 0.259 0.211555556 0.003
      vertex 0.259 0.214555556 0.003
      vertex 0.259 0.214555556 0.011
    endloop
  endfacet
  facet normal 1 0 0
    outer loop
      vertex 0.259 0.211555556 0.003
      vertex 0.259 0.214555556 0.011
      vertex 0.259 0.211555556 0.011
    endloop
  endfacet
  facet normal 0 1 0
    outer loop
      vertex 0.259 0.214555556 0.003
      vertex 0.235454545 0.214555556 0.003
      vertex 0.235454545 0.214555556 0.011
    endloop
  endfacet
  facet normal 0 1 -0
    outer loop
      vertex 0.259 0.214555556 0.003
      vertex 0.235454545 0.214555556 0.011
      vertex 0.259 0.214555556 0.011
    endloop
  endfacet
  facet normal -1 0 0
    outer loop
      vertex 0.235454545 0.214555556 0.003
      vertex 0.235454545 0.211555556 0.003
      vertex 0.235454545 0.211555556 0.011
    endloop
  endfacet
  facet normal -1 0 0
    outer loop
      vertex 0.235454545 0.214555556 0.003
      vertex 0.235454545 0.211555556 0.011
      vertex 0.235454545 0.214555556 0.011
    endloop
  endfacet
  facet normal 0 0 -1
    outer loop
      vertex 0.235454545 0.213555556 0.003
      vertex 0.259 0.216555556 0.003
      vertex 0.259 0.213555556 0.003
    endloop
  endfacet
  facet normal 0 0 -1
    outer loop
      vertex 0.235454545 0.213555556 0.003
      vertex 0.235454545 0.216555556 0.003
      vertex 0.259 0.216555556 0.003
    endloop
  endfacet
  facet normal 0 0 1
    outer loop
      vertex 0.235454545 0.213555556 0.011
      vertex 0.259 0.213555556 0.011
      vertex 0.259 0.216555556 0.011
    endloop
  endfacet
  facet normal 0 0 1
    outer loop
      vertex 0.235454545 0.213555556 0.011
      vertex 0.259 0.216555556 0.011
      vertex 0.235454545 0.216555556 0.011
    endloop
  endfacet
  facet normal 0 -1 0
    outer loop
      vertex 0.235454545 0.213555556 0.003
      vertex 0.259 0.213555556 0.003
      vertex 0.259 0.213555556 0.011
    endloop
  endfacet
  facet normal 0 -1 0
    outer loop
      vertex 0.235454545 0.213555556 0.003
      vertex 0.259 0.213555556 0.011
      vertex 0.235454545 0.213555556 0.011
    endloop
  endfacet
  facet normal 1 0 0
    outer loop
      vertex 0.259 0.213555556 0.003
      vertex 0.259 0.216555556 0.003
      vertex 0.259 0.216555556 0.011
    endloop
  endfacet
  facet normal 1 0 0
    outer loop
      vertex 0.259 0.213555556 0.003
      vertex 0.259 0.216555556 0.011
      vertex 0.259 0.213555556 0.011
    endloop
  endfacet
  facet normal 0 1 0
    outer loop
      vertex 0.259 0.216555556 0.003
      vertex 0.235454545 0.216555556 0.003
      vertex 0.235454545 0.216555556 0.011
    endloop
  endfacet
  facet normal 0 1 -0
    outer loop
      vertex 0.259 0.216555556 0.003
      vertex 0.235454545 0.216555556 0.011
      vertex 0.259 0.216555556 0.011
    endloop
  endfacet
  facet normal -1 0 0
    outer loop
      vertex 0.235454545 0.216555556 0.003
      vertex 0.235454545 0.213555556 0.003
      vertex 0.235454545 0.213555556 0.011
    endloop
  endfacet
  facet normal -1 0 0
    outer loop
      vertex 0.235454545 0.216555556 0.003
      vertex 0.235454545 0.213555556 0.011
      vertex 0.235454545 0.216555556 0.011
    endloop
  endfacet
  facet normal 0 0 -1
    outer loop
      vertex 0.235454545 0.215555556 0.003
      vertex 0.259 0.218555556 0.003
      vertex 0.259 0.215555556 0.003
    endloop
  endfacet
  facet normal 0 0 -1
    outer loop
      vertex 0.235454545 0.215555556 0.003
      vertex 0.235454545 0.218555556 0.003
      vertex 0.259 0.218555556 0.003
    endloop
  endfacet
  facet normal 0 0 1
    outer loop
      vertex 0.235454545 0.215555556 0.011
      vertex 0.259 0.215555556 0.011
      vertex 0.259 0.218555556 0.011
    endloop
  endfacet
  facet normal 0 0 1
    outer loop
      vertex 0.235454545 0.215555556 0.011
      vertex 0.259 0.218555556 0.011
      vertex 0.235454545 0.218555556 0.011
    endloop
  endfacet
  facet normal 0 -1 0
    outer loop
      vertex 0.235454545 0.215555556 0.003
      vertex 0.259 0.215555556 0.003
      vertex 0.259 0.215555556 0.011
    endloop
  endfacet
  facet normal 0 -1 0
    outer loop
      vertex 0.235454545 0.215555556 0.003
      vertex 0.259 0.215555556 0.011
      vertex 0.235454545 0.215555556 0.011
    endloop
  endfacet
  facet normal 1 0 0
    outer loop
      vertex 0.259 0.215555556 0.003
      vertex 0.259 0.218555556 0.003
      vertex 0.259 0.218555556 0.011
    endloop
  endfacet
  facet normal 1 0 0
    outer loop
      vertex 0.259 0.215555556 0.003
      vertex 0.259 0.218555556 0.011
      vertex 0.259 0.215555556 0.011
    endloop
  endfacet
  facet normal 0 1 0
    outer loop
      vertex 0.259 0.218555556 0.003
      vertex 0.235454545 0.218555556 0.003
      vertex 0.235454545 0.218555556 0.011
    endloop
  endfacet
  facet normal 0 1 -0
    outer loop
      vertex 0.259 0.218555556 0.003
      vertex 0.235454545 0.218555556 0.011
      vertex 0.259 0.218555556 0.011
    endloop
  endfacet
  facet normal -1 0 0
    outer loop
      vertex 0.235454545 0.218555556 0.003
      vertex 0.235454545 0.215555556 0.003
      vertex 0.235454545 0.215555556 0.011
    endloop
  endfacet
  facet normal -1 0 0
    outer loop
      vertex 0.235454545 0.218555556 0.003
      vertex 0.235454545 0.215555556 0.011
      vertex 0.235454545 0.218555556 0.011
    endloop
  endfacet
  facet normal 0 0 -1
    outer loop
      vertex 0.235454545 0.217555556 0.003
      vertex 0.259 0.220555556 0.003
      vertex 0.259 0.217555556 0.003
    endloop
  endfacet
  facet normal 0 0 -1
    outer loop
      vertex 0.235454545 0.217555556 0.003
      vertex 0.235454545 0.220555556 0.003
      vertex 0.259 0.220555556 0.003
    endloop
  endfacet
  facet normal 0 0 1
    outer loop
      vertex 0.235454545 0.217555556 0.011
      vertex 0.259 0.217555556 0.011
      vertex 0.259 0.220555556 0.011
    endloop
  endfacet
  facet normal 0 0 1
    outer loop
      vertex 0.235454545 0.217555556 0.011
      vertex 0.259 0.220555556 0.011
      vertex 0.235454545 0.220555556 0.011
    endloop
  endfacet
  facet normal 0 -1 0
    outer loop
      vertex 0.235454545 0.217555556 0.003
      vertex 0.259 0.217555556 0.003
      vertex 0.259 0.217555556 0.011
    endloop
  endfacet
  facet normal 0 -1 0
    outer loop
      vertex 0.235454545 0.217555556 0.003
      vertex 0.259 0.217555556 0.011
      vertex 0.235454545 0.217555556 0.011
    endloop
  endfacet
  facet normal 1 0 0
    outer loop
      vertex 0.259 0.217555556 0.003
      vertex 0.259 0.220555556 0.003
      vertex 0.259 0.220555556 0.011
    endloop
  endfacet
  facet normal 1 0 0
    outer loop
      vertex 0.259 0.217555556 0.003
      vertex 0.259 0.220555556 0.011
      vertex 0.259 0.217555556 0.011
    endloop
  endfacet
  facet normal 0 1 0
    outer loop
      vertex 0.259 0.220555556 0.003
      vertex 0.235454545 0.220555556 0.003
      vertex 0.235454545 0.220555556 0.011
    endloop
  endfacet
  facet normal 0 1 -0
    outer loop
      vertex 0.259 0.220555556 0.003
      vertex 0.235454545 0.220555556 0.011
      vertex 0.259 0.220555556 0.011
    endloop
  endfacet
  facet normal -1 0 0
    outer loop
      vertex 0.235454545 0.220555556 0.003
      vertex 0.235454545 0.217555556 0.003
      vertex 0.235454545 0.217555556 0.011
    endloop
  endfacet
  facet normal -1 0 0
    outer loop
      vertex 0.235454545 0.220555556 0.003
      vertex 0.235454545 0.217555556 0.011
      vertex 0.235454545 0.220555556 0.011
    endloop
  endfacet
  facet normal 0 0 -1
    outer loop
      vertex 0.235454545 0.219555556 0.003
      vertex 0.259 0.222555556 0.003
      vertex 0.259 0.219555556 0.003
    endloop
  endfacet
  facet normal 0 0 -1
    outer loop
      vertex 0.235454545 0.219555556 0.003
      vertex 0.235454545 0.222555556 0.003
      vertex 0.259 0.222555556 0.003
    endloop
  endfacet
  facet normal 0 0 1
    outer loop
      vertex 0.235454545 0.219555556 0.011
      vertex 0.259 0.219555556 0.011
      vertex 0.259 0.222555556 0.011
    endloop
  endfacet
  facet normal 0 0 1
    outer loop
      vertex 0.235454545 0.219555556 0.011
      vertex 0.259 0.222555556 0.011
      vertex 0.235454545 0.222555556 0.011
    endloop
  endfacet
  facet normal 0 -1 0
    outer loop
      vertex 0.235454545 0.219555556 0.003
      vertex 0.259 0.219555556 0.003
      vertex 0.259 0.219555556 0.011
    endloop
  endfacet
  facet normal 0 -1 0
    outer loop
      vertex 0.235454545 0.219555556 0.003
      vertex 0.259 0.219555556 0.011
      vertex 0.235454545 0.219555556 0.011
    endloop
  endfacet
  facet normal 1 0 0
    outer loop
      vertex 0.259 0.219555556 0.003
      vertex 0.259 0.222555556 0.003
      vertex 0.259 0.222555556 0.011
    endloop
  endfacet
  facet normal 1 0 0
    outer loop
      vertex 0.259 0.219555556 0.003
      vertex 0.259 0.222555556 0.011
      vertex 0.259 0.219555556 0.011
    endloop
  endfacet
  facet normal 0 1 0
    outer loop
      vertex 0.259 0.222555556 0.003
      vertex 0.235454545 0.222555556 0.003
      vertex 0.235454545 0.222555556 0.011
    endloop
  endfacet
  facet normal 0 1 -0
    outer loop
      vertex 0.259 0.222555556 0.003
      vertex 0.235454545 0.222555556 0.011
      vertex 0.259 0.222555556 0.011
    endloop
  endfacet
  facet normal -1 0 0
    outer loop
      vertex 0.235454545 0.222555556 0.003
      vertex 0.235454545 0.219555556 0.003
      vertex 0.235454545 0.219555556 0.011
    endloop
  endfacet
  facet normal -1 0 0
    outer loop
      vertex 0.235454545 0.222555556 0.003
      vertex 0.235454545 0.219555556 0.011
      vertex 0.235454545 0.222555556 0.011
    endloop
  endfacet
  facet normal 0 0 -1
    outer loop
      vertex 0.235454545 0.221555556 0.003
      vertex 0.259 0.224555556 0.003
      vertex 0.259 0.221555556 0.003
    endloop
  endfacet
  facet normal 0 0 -1
    outer loop
      vertex 0.235454545 0.221555556 0.003
      vertex 0.235454545 0.224555556 0.003
      vertex 0.259 0.224555556 0.003
    endloop
  endfacet
  facet normal 0 0 1
    outer loop
      vertex 0.235454545 0.221555556 0.011
      vertex 0.259 0.221555556 0.011
      vertex 0.259 0.224555556 0.011
    endloop
  endfacet
  facet normal 0 0 1
    outer loop
      vertex 0.235454545 0.221555556 0.011
      vertex 0.259 0.224555556 0.011
      vertex 0.235454545 0.224555556 0.011
    endloop
  endfacet
  facet normal 0 -1 0
    outer loop
      vertex 0.235454545 0.221555556 0.003
      vertex 0.259 0.221555556 0.003
      vertex 0.259 0.221555556 0.011
    endloop
  endfacet
  facet normal 0 -1 0
    outer loop
      vertex 0.235454545 0.221555556 0.003
      vertex 0.259 0.221555556 0.011
      vertex 0.235454545 0.221555556 0.011
    endloop
  endfacet
  facet normal 1 0 0
    outer loop
      vertex 0.259 0.221555556 0.003
      vertex 0.259 0.224555556 0.003
      vertex 0.259 0.224555556 0.011
    endloop
  endfacet
  facet normal 1 0 0
    outer loop
      vertex 0.259 0.221555556 0.003
      vertex 0.259 0.224555556 0.011
      vertex 0.259 0.221555556 0.011
    endloop
  endfacet
  facet normal 0 1 0
    outer loop
      vertex 0.259 0.224555556 0.003
      vertex 0.235454545 0.224555556 0.003
      vertex 0.235454545 0.224555556 0.011
    endloop
  endfacet
  facet normal 0 1 -0
    outer loop
      vertex 0.259 0.224555556 0.003
      vertex 0.235454545 0.224555556 0.011
      vertex 0.259 0.224555556 0.011
    endloop
  endfacet
  facet normal -1 0 0
    outer loop
      vertex 0.235454545 0.224555556 0.003
      vertex 0.235454545 0.221555556 0.003
      vertex 0.235454545 0.221555556 0.011
    endloop
  endfacet
  facet normal -1 0 0
    outer loop
      vertex 0.235454545 0.224555556 0.003
      vertex 0.235454545 0.221555556 0.011
      vertex 0.235454545 0.224555556 0.011
    endloop
  endfacet
  facet normal 0 0 -1
    outer loop
      vertex 0.235454545 0.223555556 0.003
      vertex 0.259 0.226555556 0.003
      vertex 0.259 0.223555556 0.003
    endloop
  endfacet
  facet normal 0 0 -1
    outer loop
      vertex 0.235454545 0.223555556 0.003
      vertex 0.235454545 0.226555556 0.003
      vertex 0.259 0.226555556 0.003
    endloop
  endfacet
  facet normal 0 0 1
    outer loop
      vertex 0.235454545 0.223555556 0.011
      vertex 0.259 0.223555556 0.011
      vertex 0.259 0.226555556 0.011
    endloop
  endfacet
  facet normal 0 0 1
    outer loop
      vertex 0.235454545 0.223555556 0.011
      vertex 0.259 0.226555556 0.011
      vertex 0.235454545 0.226555556 0.011
    endloop
  endfacet
  facet normal 0 -1 0
    outer loop
      vertex 0.235454545 0.223555556 0.003
      vertex 0.259 0.223555556 0.003
      vertex 0.259 0.223555556 0.011
    endloop
  endfacet
  facet normal 0 -1 0
    outer loop
      vertex 0.235454545 0.223555556 0.003
      vertex 0.259 0.223555556 0.011
      vertex 0.235454545 0.223555556 0.011
    endloop
  endfacet
  facet normal 1 0 0
    outer loop
      vertex 0.259 0.223555556 0.003
      vertex 0.259 0.226555556 0.003
      vertex 0.259 0.226555556 0.011
    endloop
  endfacet
  facet normal 1 0 0
    outer loop
      vertex 0.259 0.223555556 0.003
      vertex 0.259 0.226555556 0.011
      vertex 0.259 0.223555556 0.011
    endloop
  endfacet
  facet normal 0 1 0
    outer loop
      vertex 0.259 0.226555556 0.003
      vertex 0.235454545 0.226555556 0.003
      vertex 0.235454545 0.226555556 0.011
    endloop
  endfacet
  facet normal 0 1 -0
    outer loop
      vertex 0.259 0.226555556 0.003
      vertex 0.235454545 0.226555556 0.011
      vertex 0.259 0.226555556 0.011
    endloop
  endfacet
  facet normal -1 0 0
    outer loop
      vertex 0.235454545 0.226555556 0.003
      vertex 0.235454545 0.223555556 0.003
      vertex 0.235454545 0.223555556 0.011
    endloop
  endfacet
  facet normal -1 0 0
    outer loop
      vertex 0.235454545 0.226555556 0.003
      vertex 0.235454545 0.223555556 0.011
      vertex 0.235454545 0.226555556 0.011
    endloop
  endfacet
  facet normal 0 0 -1
    outer loop
      vertex 0.235454545 0.225555556 0.003
      vertex 0.259 0.228555556 0.003
      vertex 0.259 0.225555556 0.003
    endloop
  endfacet
  facet normal 0 0 -1
    outer loop
      vertex 0.235454545 0.225555556 0.003
      vertex 0.235454545 0.228555556 0.003
      vertex 0.259 0.228555556 0.003
    endloop
  endfacet
  facet normal 0 0 1
    outer loop
      vertex 0.235454545 0.225555556 0.011
      vertex 0.259 0.225555556 0.011
      vertex 0.259 0.228555556 0.011
    endloop
  endfacet
  facet normal 0 0 1
    outer loop
      vertex 0.235454545 0.225555556 0.011
      vertex 0.259 0.228555556 0.011
      vertex 0.235454545 0.228555556 0.011
    endloop
  endfacet
  facet normal 0 -1 0
    outer loop
      vertex 0.235454545 0.225555556 0.003
      vertex 0.259 0.225555556 0.003
      vertex 0.259 0.225555556 0.011
    endloop
  endfacet
  facet normal 0 -1 0
    outer loop
      vertex 0.235454545 0.225555556 0.003
      vertex 0.259 0.225555556 0.011
      vertex 0.235454545 0.225555556 0.011
    endloop
  endfacet
  facet normal 1 0 0
    outer loop
      vertex 0.259 0.225555556 0.003
      vertex 0.259 0.228555556 0.003
      vertex 0.259 0.228555556 0.011
    endloop
  endfacet
  facet normal 1 0 0
    outer loop
      vertex 0.259 0.225555556 0.003
      vertex 0.259 0.228555556 0.011
      vertex 0.259 0.225555556 0.011
    endloop
  endfacet
  facet normal 0 1 0
    outer loop
      vertex 0.259 0.228555556 0.003
      vertex 0.235454545 0.228555556 0.003
      vertex 0.235454545 0.228555556 0.011
    endloop
  endfacet
  facet normal 0 1 -0
    outer loop
      vertex 0.259 0.228555556 0.003
      vertex 0.235454545 0.228555556 0.011
      vertex 0.259 0.228555556 0.011
    endloop
  endfacet
  facet normal -1 0 0
    outer loop
      vertex 0.235454545 0.228555556 0.003
      vertex 0.235454545 0.225555556 0.003
      vertex 0.235454545 0.225555556 0.011
    endloop
  endfacet
  facet normal -1 0 0
    outer loop
      vertex 0.235454545 0.228555556 0.003
      vertex 0.235454545 0.225555556 0.011
      vertex 0.235454545 0.228555556 0.011
    endloop
  endfacet
  facet normal 0 0 -1
    outer loop
      vertex 0.235454545 0.226 0.003
      vertex 0.259 0.229 0.003
      vertex 0.259 0.226 0.003
    endloop
  endfacet
  facet normal 0 0 -1
    outer loop
      vertex 0.235454545 0.226 0.003
      vertex 0.235454545 0.229 0.003
      vertex 0.259 0.229 0.003
    endloop
  endfacet
  facet normal 0 0 1
    outer loop
      vertex 0.235454545 0.226 0.011
      vertex 0.259 0.226 0.011
      vertex 0.259 0.229 0.011
    endloop
  endfacet
  facet normal 0 0 1
    outer loop
      vertex 0.235454545 0.226 0.011
      vertex 0.259 0.229 0.011
      vertex 0.235454545 0.229 0.011
    endloop
  endfacet
  facet normal 0 -1 0
    outer loop
      vertex 0.235454545 0.226 0.003
      vertex 0.259 0.226 0.003
      vertex 0.259 0.226 0.011
    endloop
  endfacet
  facet normal 0 -1 0
    outer loop
      vertex 0.235454545 0.226 0.003
      vertex 0.259 0.226 0.011
      vertex 0.235454545 0.226 0.011
    endloop
  endfacet
  facet normal 1 0 0
    outer loop
      vertex 0.259 0.226 0.003
      vertex 0.259 0.229 0.003
      vertex 0.259 0.229 0.011
    endloop
  endfacet
  facet normal 1 0 0
    outer loop
      vertex 0.259 0.226 0.003
      vertex 0.259 0.229 0.011
      vertex 0.259 0.226 0.011
    endloop
  endfacet
  facet normal 0 1 0
    outer loop
      vertex 0.259 0.229 0.003
      vertex 0.235454545 0.229 0.003
      vertex 0.235454545 0.229 0.011
    endloop
  endfacet
  facet normal 0 1 -0
    outer loop
      vertex 0.259 0.229 0.003
      vertex 0.235454545 0.229 0.011
      vertex 0.259 0.229 0.011
    endloop
  endfacet
  facet normal -1 0 0
    outer loop
      vertex 0.235454545 0.229 0.003
      vertex 0.235454545 0.226 0.003
      vertex 0.235454545 0.226 0.011
    endloop
  endfacet
  facet normal -1 0 0
    outer loop
      vertex 0.235454545 0.229 0.003
      vertex 0.235454545 0.226 0.011
      vertex 0.235454545 0.229 0.011
    endloop
  endfacet
  facet normal 0 0 -1
    outer loop
      vertex 0 0 0.003
      vertex 0.0235454545 0.003 0.003
      vertex 0.0235454545 0 0.003
    endloop
  endfacet
  facet normal 0 0 -1
    outer loop
      vertex 0 0 0.003
      vertex 0 0.003 0.003
      vertex 0.0235454545 0.003 0.003
    endloop
  endfacet
  facet normal 0 0 1
    outer loop
      vertex 0 0 0.011
      vertex 0.0235454545 0 0.011
      vertex 0.0235454545 0.003 0.011
    endloop
  endfacet
  facet normal 0 0 1
    outer loop
      vertex 0 0 0.011
      vertex 0.0235454545 0.003 0.011
      vertex 0 0.003 0.011
    endloop
  endfacet
  facet normal 0 -1 0
    outer loop
      vertex 0 0 0.003
      vertex 0.0235454545 0 0.003
      vertex 0.0235454545 0 0.011
    endloop
  endfacet
  facet normal 0 -1 0
    outer loop
      vertex 0 0 0.003
      vertex 0.0235454545 0 0.011
      vertex 0 0 0.011
    endloop
  endfacet
  facet normal 1 0 0
    outer loop
      vertex 0.0235454545 0 0.003
      vertex 0.0235454545 0.003 0.003
      vertex 0.0235454545 0.003 0.011
    endloop
  endfacet
  facet normal 1 0 0
    outer loop
      vertex 0.0235454545 0 0.003
      vertex 0.0235454545 0.003 0.011
      vertex 0.0235454545 0 0.011
    endloop
  endfacet
  facet normal 0 1 0
    outer loop
      vertex 0.0235454545 0.003 0.003
      vertex 0 0.003 0.003
      vertex 0 0.003 0.011
    endloop
  endfacet
  facet normal 0 1 -0
    outer loop
      vertex 0.0235454545 0.003 0.003
      vertex 0 0.003 0.011
      vertex 0.0235454545 0.003 0.011
    endloop
  endfacet
  facet normal -1 0 0
    outer loop
      vertex 0 0.003 0.003
      vertex 0 0 0.003
      vertex 0 0 0.011
    endloop
  endfacet
  facet normal -1 0 0
    outer loop
      vertex 0 0.003 0.003
      vertex 0 0 0.011
      vertex 0 0.003 0.011
    endloop
  endfacet
  facet normal 0 0 -1
    outer loop
      vertex 0 0.002 0.003
      vertex 0.0235454545 0.005 0.003
      vertex 0.0235454545 0.002 0.003
    endloop
  endfacet
  facet normal 0 0 -1
    outer loop
      vertex 0 0.002 0.003
      vertex 0 0.005 0.003
      vertex 0.0235454545 0.005 0.003
    endloop
  endfacet
  facet normal 0 0 1
    outer loop
      vertex 0 0.002 0.011
      vertex 0.0235454545 0.002 0.011
      vertex 0.0235454545 0.005 0.011
    endloop
  endfacet
  facet normal 0 0 1
    outer loop
      vertex 0 0.002 0.011
      vertex 0.0235454545 0.005 0.011
      vertex 0 0.005 0.011
    endloop
  endfacet
  facet normal 0 -1 0
    outer loop
      vertex 0 0.002 0.003
      vertex 0.0235454545 0.002 0.003
      vertex 0.0235454545 0.002 0.011
    endloop
  endfacet
  facet normal 0 -1 0
    outer loop
      vertex 0 0.002 0.003
      vertex 0.0235454545 0.002 0.011
      vertex 0 0.002 0.011
    endloop
  endfacet
  facet normal 1 0 0
    outer loop
      vertex 0.0235454545 0.002 0.003
      vertex 0.0235454545 0.005 0.003
      vertex 0.0235454545 0.005 0.011
    endloop
  endfacet
  facet normal 1 0 0
    outer loop
      vertex 0.0235454545 0.002 0.003
      vertex 0.0235454545 0.005 0.011
      vertex 0.0235454545 0.002 0.011
    endloop
  endfacet
  facet normal 0 1 0
    outer loop
      vertex 0.0235454545 0.005 0.003
      vertex 0 0.005 0.003
      vertex 0 0.005 0.011
    endloop
  endfacet
  facet normal 0 1 -0
    outer loop
      vertex 0.0235454545 0.005 0.003
      vertex 0 0.005 0.011
      vertex 0.0235454545 0.005 0.011
    endloop
  endfacet
  facet normal -1 0 0
    outer loop
      vertex 0 0.005 0.003
      vertex 0 0.002 0.003
      vertex 0 0.002 0.011
    endloop
  endfacet
  facet normal -1 0 0
    outer loop
      vertex 0 0.005 0.003
      vertex 0 0.002 0.011
      vertex 0 0.005 0.011
    endloop
  endfacet
  facet normal 0 0 -1
    outer loop
      vertex 0 0.004 0.003
      vertex 0.0235454545 0.007 0.003
      vertex 0.0235454545 0.004 0.003
    endloop
  endfacet
  facet normal 0 0 -1
    outer loop
      vertex 0 0.004 0.003
      vertex 0 0.007 0.003
      vertex 0.0235454545 0.007 0.003
    endloop
  endfacet
  facet normal 0 0 1
    outer loop
      vertex 0 0.004 0.011
      vertex 0.0235454545 0.004 0.011
      vertex 0.0235454545 0.007 0.011
    endloop
  endfacet
  facet normal 0 0 1
    outer loop
      vertex 0 0.004 0.011
      vertex 0.0235454545 0.007 0.011
      vertex 0 0.007 0.011
    endloop
  endfacet
  facet normal 0 -1 0
    outer loop
      vertex 0 0.004 0.003
      vertex 0.0235454545 0.004 0.003
      vertex 0.0235454545 0.004 0.011
    endloop
  endfacet
  facet normal 0 -1 0
    outer loop
      vertex 0 0.004 0.003
      vertex 0.0235454545 0.004 0.011
      vertex 0 0.004 0.011
    endloop
  endfacet
  facet normal 1 0 0
    outer loop
      vertex 0.0235454545 0.004 0.003
      vertex 0.0235454545 0.007 0.003
      vertex 0.0235454545 0.007 0.011
    endloop
  endfacet
  facet normal 1 0 0
    outer loop
      vertex 0.0235454545 0.004 0.003
      vertex 0.0235454545 0.007 0.011
      vertex 0.0235454545 0.004 0.011
    endloop
  endfacet
  facet normal 0 1 0
    outer loop
      vertex 0.0235454545 0.007 0.003
      vertex 0 0.007 0.003
      vertex 0 0.007 0.011
    endloop
  endfacet
  facet normal 0 1 -0
    outer loop
      vertex 0.0235454545 0.007 0.003
      vertex 0 0.007 0.011
      vertex 0.0235454545 0.007 0.011
    endloop
  endfacet
  facet normal -1 0 0
    outer loop
      vertex 0 0.007 0.003
      vertex 0 0.004 0.003
      vertex 0 0.004 0.011
    endloop
  endfacet
  facet normal -1 0 0
    outer loop
      vertex 0 0.007 0.003
      vertex 0 0.004 0.011
      vertex 0 0.007 0.011
    endloop
  endfacet
  facet normal 0 0 -1
    outer loop
      vertex 0 0.006 0.003
      vertex 0.0235454545 0.009 0.003
      vertex 0.0235454545 0.006 0.003
    endloop
  endfacet
  facet normal 0 0 -1
    outer loop
      vertex 0 0.006 0.003
      vertex 0 0.009 0.003
      vertex 0.0235454545 0.009 0.003
    endloop
  endfacet
  facet normal 0 0 1
    outer loop
      vertex 0 0.006 0.011
      vertex 0.0235454545 0.006 0.011
      vertex 0.0235454545 0.009 0.011
    endloop
  endfacet
  facet normal 0 0 1
    outer loop
      vertex 0 0.006 0.011
      vertex 0.0235454545 0.009 0.011
      vertex 0 0.009 0.011
    endloop
  endfacet
  facet normal 0 -1 0
    outer loop
      vertex 0 0.006 0.003
      vertex 0.0235454545 0.006 0.003
      vertex 0.0235454545 0.006 0.011
    endloop
  endfacet
  facet normal 0 -1 0
    outer loop
      vertex 0 0.006 0.003
      vertex 0.0235454545 0.006 0.011
      vertex 0 0.006 0.011
    endloop
  endfacet
  facet normal 1 0 0
    outer loop
      vertex 0.0235454545 0.006 0.003
      vertex 0.0235454545 0.009 0.003
      vertex 0.0235454545 0.009 0.011
    endloop
  endfacet
  facet normal 1 0 0
    outer loop
      vertex 0.0235454545 0.006 0.003
      vertex 0.0235454545 0.009 0.011
      vertex 0.0235454545 0.006 0.011
    endloop
  endfacet
  facet normal 0 1 0
    outer loop
      vertex 0.0235454545 0.009 0.003
      vertex 0 0.009 0.003
      vertex 0 0.009 0.011
    endloop
  endfacet
  facet normal 0 1 -0
    outer loop
      vertex 0.0235454545 0.009 0.003
      vertex 0 0.009 0.011
      vertex 0.0235454545 0.009 0.011
    endloop
  endfacet
  facet normal -1 0 0
    outer loop
      vertex 0 0.009 0.003
      vertex 0 0.006 0.003
      vertex 0 0.006 0.011
    endloop
  endfacet
  facet normal -1 0 0
    outer loop
      vertex 0 0.009 0.003
      vertex 0 0.006 0.011
      vertex 0 0.009 0.011
    endloop
  endfacet
  facet normal 0 0 -1
    outer loop
      vertex 0 0.008 0.003
      vertex 0.0235454545 0.011 0.003
      vertex 0.0235454545 0.008 0.003
    endloop
  endfacet
  facet normal 0 0 -1
    outer loop
      vertex 0 0.008 0.003
      vertex 0 0.011 0.003
      vertex 0.0235454545 0.011 0.003
    endloop
  endfacet
  facet normal 0 0 1
    outer loop
      vertex 0 0.008 0.011
      vertex 0.0235454545 0.008 0.011
      vertex 0.0235454545 0.011 0.011
    endloop
  endfacet
  facet normal 0 0 1
    outer loop
      vertex 0 0.008 0.011
      vertex 0.0235454545 0.011 0.011
      vertex 0 0.011 0.011
    endloop
  endfacet
  facet normal 0 -1 0
    outer loop
      vertex 0 0.008 0.003
      vertex 0.0235454545 0.008 0.003
      vertex 0.0235454545 0.008 0.011
    endloop
  endfacet
  facet normal 0 -1 0
    outer loop
      vertex 0 0.008 0.003
      vertex 0.0235454545 0.008 0.011
      vertex 0 0.008 0.011
    endloop
  endfacet
  facet normal 1 0 0
    outer loop
      vertex 0.0235454545 0.008 0.003
      vertex 0.0235454545 0.011 0.003
      vertex 0.0235454545 0.011 0.011
    endloop
  endfacet
  facet normal 1 0 0
    outer loop
      vertex 0.0235454545 0.008 0.003
      vertex 0.0235454545 0.011 0.011
      vertex 0.0235454545 0.008 0.011
    endloop
  endfacet
  facet normal 0 1 0
    outer loop
      vertex 0.0235454545 0.011 0.003
      vertex 0 0.011 0.003
      vertex 0 0.011 0.011
    endloop
  endfacet
  facet normal 0 1 -0
    outer loop
      vertex 0.0235454545 0.011 0.003
      vertex 0 0.011 0.011
      vertex 0.0235454545 0.011 0.011
    endloop
  endfacet
  facet normal -1 0 0
    outer loop
      vertex 0 0.011 0.003
      vertex 0 0.008 0.003
      vertex 0 0.008 0.011
    endloop
  endfacet
  facet normal -1 0 0
    outer loop
      vertex 0 0.011 0.003
      vertex 0 0.008 0.011
      vertex 0 0.011 0.011
    endloop
  endfacet
  facet normal 0 0 -1
    outer loop
      vertex 0 0.01 0.003
      vertex 0.0235454545 0.013 0.003
      vertex 0.0235454545 0.01 0.003
    endloop
  endfacet
  facet normal 0 0 -1
    outer loop
      vertex 0 0.01 0.003
      vertex 0 0.013 0.003
      vertex 0.0235454545 0.013 0.003
    endloop
  endfacet
  facet normal 0 0 1
    outer loop
      vertex 0 0.01 0.011
      vertex 0.0235454545 0.01 0.011
      vertex 0.0235454545 0.013 0.011
    endloop
  endfacet
  facet normal 0 0 1
    outer loop
      vertex 0 0.01 0.011
      vertex 0.0235454545 0.013 0.011
      vertex 0 0.013 0.011
    endloop
  endfacet
  facet normal 0 -1 0
    outer loop
      vertex 0 0.01 0.003
      vertex 0.0235454545 0.01 0.003
      vertex 0.0235454545 0.01 0.011
    endloop
  endfacet
  facet normal 0 -1 0
    outer loop
      vertex 0 0.01 0.003
      vertex 0.0235454545 0.01 0.011
      vertex 0 0.01 0.011
    endloop
  endfacet
  facet normal 1 0 0
    outer loop
      vertex 0.0235454545 0.01 0.003
      vertex 0.0235454545 0.013 0.003
      vertex 0.0235454545 0.013 0.011
    endloop
  endfacet
  facet normal 1 0 0
    outer loop
      vertex 0.0235454545 0.01 0.003
      vertex 0.0235454545 0.013 0.011
      vertex 0.0235454545 0.01 0.011
    endloop
  endfacet
  facet normal 0 1 0
    outer loop
      vertex 0.0235454545 0.013 0.003
      vertex 0 0.013 0.003
      vertex 0 0.013 0.011
    endloop
  endfacet
  facet normal 0 1 -0
    outer loop
      vertex 0.0235454545 0.013 0.003
      vertex 0 0.013 0.011
      vertex 0.0235454545 0.013 0.011
    endloop
  endfacet
  facet normal -1 0 0
    outer loop
      vertex 0 0.013 0.003
      vertex 0 0.01 0.003
      vertex 0 0.01 0.011
    endloop
  endfacet
  facet normal -1 0 0
    outer loop
      vertex 0 0.013 0.003
      vertex 0 0.01 0.011
      vertex 0 0.013 0.011
    endloop
  endfacet
  facet normal 0 0 -1
    outer loop
      vertex 0 0.012 0.003
      vertex 0.0235454545 0.015 0.003
      vertex 0.0235454545 0.012 0.003
    endloop
  endfacet
  facet normal 0 0 -1
    outer loop
      vertex 0 0.012 0.003
      vertex 0 0.015 0.003
      vertex 0.0235454545 0.015 0.003
    endloop
  endfacet
  facet normal 0 0 1
    outer loop
      vertex 0 0.012 0.011
      vertex 0.0235454545 0.012 0.011
      vertex 0.0235454545 0.015 0.011
    endloop
  endfacet
  facet normal 0 0 1
    outer loop
      vertex 0 0.012 0.011
      vertex 0.0235454545 0.015 0.011
      vertex 0 0.015 0.011
    endloop
  endfacet
  facet normal 0 -1 0
    outer loop
      vertex 0 0.012 0.003
      vertex 0.0235454545 0.012 0.003
      vertex 0.0235454545 0.012 0.011
    endloop
  endfacet
  facet normal 0 -1 0
    outer loop
      vertex 0 0.012 0.003
      vertex 0.0235454545 0.012 0.011
      vertex 0 0.012 0.011
    endloop
  endfacet
  facet normal 1 0 0
    outer loop
      vertex 0.0235454545 0.012 0.003
      vertex 0.0235454545 0.015 0.003
      vertex 0.0235454545 0.015 0.011
    endloop
  endfacet
  facet normal 1 0 0
    outer loop
      vertex 0.0235454545 0.012 0.003
      vertex 0.0235454545 0.015 0.011
      vertex 0.0235454545 0.012 0.011
    endloop
  endfacet
  facet normal 0 1 0
    outer loop
      vertex 0.0235454545 0.015 0.003
      vertex 0 0.015 0.003
      vertex 0 0.015 0.011
    endloop
  endfacet
  facet normal 0 1 -0
    outer loop
      vertex 0.0235454545 0.015 0.003
      vertex 0 0.015 0.011
      vertex 0.0235454545 0.015 0.011
    endloop
  endfacet
  facet normal -1 0 0
    outer loop
      vertex 0 0.015 0.003
      vertex 0 0.012 0.003
      vertex 0 0.012 0.011
    endloop
  endfacet
  facet normal -1 0 0
    outer loop
      vertex 0 0.015 0.003
      vertex 0 0.012 0.011
      vertex 0 0.015 0.011
    endloop
  endfacet
  facet normal 0 0 -1
    outer loop
      vertex 0 0.014 0.003
      vertex 0.0235454545 0.017 0.003
      vertex 0.0235454545 0.014 0.003
    endloop
  endfacet
  facet normal 0 0 -1
    outer loop
      vertex 0 0.014 0.003
      vertex 0 0.017 0.003
      vertex 0.0235454545 0.017 0.003
    endloop
  endfacet
  facet normal 0 0 1
    outer loop
      vertex 0 0.014 0.011
      vertex 0.0235454545 0.014 0.011
      vertex 0.0235454545 0.017 0.011
    endloop
  endfacet
  facet normal 0 0 1
    outer loop
      vertex 0 0.014 0.011
      vertex 0.0235454545 0.017 0.011
      vertex 0 0.017 0.011
    endloop
  endfacet
  facet normal 0 -1 0
    outer loop
      vertex 0 0.014 0.003
      vertex 0.0235454545 0.014 0.003
      vertex 0.0235454545 0.014 0.011
    endloop
  endfacet
  facet normal 0 -1 0
    outer loop
      vertex 0 0.014 0.003
      vertex 0.0235454545 0.014 0.011
      vertex 0 0.014 0.011
    endloop
  endfacet
  facet normal 1 0 0
    outer loop
      vertex 0.0235454545 0.014 0.003
      vertex 0.0235454545 0.017 0.003
      vertex 0.0235454545 0.017 0.011
    endloop
  endfacet
  facet normal 1 0 0
    outer loop
      vertex 0.0235454545 0.014 0.003
      vertex 0.0235454545 0.017 0.011
      vertex 0.0235454545 0.014 0.011
    endloop
  endfacet
  facet normal 0 1 0
    outer loop
      vertex 0.0235454545 0.017 0.003
      vertex 0 0.017 0.003
      vertex 0 0.017 0.011
    endloop
  endfacet
  facet normal 0 1 -0
    outer loop
      vertex 0.0235454545 0.017 0.003
      vertex 0 0.017 0.011
      vertex 0.0235454545 0.017 0.011
    endloop
  endfacet
  facet normal -1 0 0
    outer loop
      vertex 0 0.017 0.003
      vertex 0 0.014 0.003
      vertex 0 0.014 0.011
    endloop
  endfacet
  facet normal -1 0 0
    outer loop
      vertex 0 0.017 0.003
      vertex 0 0.014 0.011
      vertex 0 0.017 0.011
    endloop
  endfacet
  facet normal 0 0 -1
    outer loop
      vertex 0 0.016 0.003
      vertex 0.0235454545 0.019 0.003
      vertex 0.0235454545 0.016 0.003
    endloop
  endfacet
  facet normal 0 0 -1
    outer loop
      vertex 0 0.016 0.003
      vertex 0 0.019 0.003
      vertex 0.0235454545 0.019 0.003
    endloop
  endfacet
  facet normal 0 0 1
    outer loop
      vertex 0 0.016 0.011
      vertex 0.0235454545 0.016 0.011
      vertex 0.0235454545 0.019 0.011
    endloop
  endfacet
  facet normal 0 0 1
    outer loop
      vertex 0 0.016 0.011
      vertex 0.0235454545 0.019 0.011
      vertex 0 0.019 0.011
    endloop
  endfacet
  facet normal 0 -1 0
    outer loop
      vertex 0 0.016 0.003
      vertex 0.0235454545 0.016 0.003
      vertex 0.0235454545 0.016 0.011
    endloop
  endfacet
  facet normal 0 -1 0
    outer loop
      vertex 0 0.016 0.003
      vertex 0.0235454545 0.016 0.011
      vertex 0 0.016 0.011
    endloop
  endfacet
  facet normal 1 0 0
    outer loop
      vertex 0.0235454545 0.016 0.003
      vertex 0.0235454545 0.019 0.003
      vertex 0.0235454545 0.019 0.011
    endloop
  endfacet
  facet normal 1 0 0
    outer loop
      vertex 0.0235454545 0.016 0.003
      vertex 0.0235454545 0.019 0.011
      vertex 0.0235454545 0.016 0.011
    endloop
  endfacet
  facet normal 0 1 0
    outer loop
      vertex 0.0235454545 0.019 0.003
      vertex 0 0.019 0.003
      vertex 0 0.019 0.011
    endloop
  endfacet
  facet normal 0 1 -0
    outer loop
      vertex 0.0235454545 0.019 0.003
      vertex 0 0.019 0.011
      vertex 0.0235454545 0.019 0.011
    endloop
  endfacet
  facet normal -1 0 0
    outer loop
      vertex 0 0.019 0.003
      vertex 0 0.016 0.003
      vertex 0 0.016 0.011
    endloop
  endfacet
  facet normal -1 0 0
    outer loop
      vertex 0 0.019 0.003
      vertex 0 0.016 0.011
      vertex 0 0.019 0.011
    endloop
  endfacet
  facet normal 0 0 -1
    outer loop
      vertex 0 0.018 0.003
      vertex 0.0235454545 0.021 0.003
      vertex 0.0235454545 0.018 0.003
    endloop
  endfacet
  facet normal 0 0 -1
    outer loop
      vertex 0 0.018 0.003
      vertex 0 0.021 0.003
      vertex 0.0235454545 0.021 0.003
    endloop
  endfacet
  facet normal 0 0 1
    outer loop
      vertex 0 0.018 0.011
      vertex 0.0235454545 0.018 0.011
      vertex 0.0235454545 0.021 0.011
    endloop
  endfacet
  facet normal 0 0 1
    outer loop
      vertex 0 0.018 0.011
      vertex 0.0235454545 0.021 0.011
      vertex 0 0.021 0.011
    endloop
  endfacet
  facet normal 0 -1 0
    outer loop
      vertex 0 0.018 0.003
      vertex 0.0235454545 0.018 0.003
      vertex 0.0235454545 0.018 0.011
    endloop
  endfacet
  facet normal 0 -1 0
    outer loop
      vertex 0 0.018 0.003
      vertex 0.0235454545 0.018 0.011
      vertex 0 0.018 0.011
    endloop
  endfacet
  facet normal 1 0 0
    outer loop
      vertex 0.0235454545 0.018 0.003
      vertex 0.0235454545 0.021 0.003
      vertex 0.0235454545 0.021 0.011
    endloop
  endfacet
  facet normal 1 0 0
    outer loop
      vertex 0.0235454545 0.018 0.003
      vertex 0.0235454545 0.021 0.011
      vertex 0.0235454545 0.018 0.011
    endloop
  endfacet
  facet normal 0 1 0
    outer loop
      vertex 0.0235454545 0.021 0.003
      vertex 0 0.021 0.003
      vertex 0 0.021 0.011
    endloop
  endfacet
  facet normal 0 1 -0
    outer loop
      vertex 0.0235454545 0.021 0.003
      vertex 0 0.021 0.011
      vertex 0.0235454545 0.021 0.011
    endloop
  endfacet
  facet normal -1 0 0
    outer loop
      vertex 0 0.021 0.003
      vertex 0 0.018 0.003
      vertex 0 0.018 0.011
    endloop
  endfacet
  facet normal -1 0 0
    outer loop
      vertex 0 0.021 0.003
      vertex 0 0.018 0.011
      vertex 0 0.021 0.011
    endloop
  endfacet
  facet normal 0 0 -1
    outer loop
      vertex 0 0.02 0.003
      vertex 0.0235454545 0.023 0.003
      vertex 0.0235454545 0.02 0.003
    endloop
  endfacet
  facet normal 0 0 -1
    outer loop
      vertex 0 0.02 0.003
      vertex 0 0.023 0.003
      vertex 0.0235454545 0.023 0.003
    endloop
  endfacet
  facet normal 0 0 1
    outer loop
      vertex 0 0.02 0.011
      vertex 0.0235454545 0.02 0.011
      vertex 0.0235454545 0.023 0.011
    endloop
  endfacet
  facet normal 0 0 1
    outer loop
      vertex 0 0.02 0.011
      vertex 0.0235454545 0.023 0.011
      vertex 0 0.023 0.011
    endloop
  endfacet
  facet normal 0 -1 0
    outer loop
      vertex 0 0.02 0.003
      vertex 0.0235454545 0.02 0.003
      vertex 0.0235454545 0.02 0.011
    endloop
  endfacet
  facet normal 0 -1 0
    outer loop
      vertex 0 0.02 0.003
      vertex 0.0235454545 0.02 0.011
      vertex 0 0.02 0.011
    endloop
  endfacet
  facet normal 1 0 0
    outer loop
      vertex 0.0235454545 0.02 0.003
      vertex 0.0235454545 0.023 0.003
      vertex 0.0235454545 0.023 0.011
    endloop
  endfacet
  facet normal 1 0 0
    outer loop
      vertex 0.0235454545 0.02 0.003
      vertex 0.0235454545 0.023 0.011
      vertex 0.0235454545 0.02 0.011
    endloop
  endfacet
  facet normal 0 1 0
    outer loop
      vertex 0.0235454545 0.023 0.003
      vertex 0 0.023 0.003
      vertex 0 0.023 0.011
    endloop
  endfacet
  facet normal 0 1 -0
    outer loop
      vertex 0.0235454545 0.023 0.003
      vertex 0 0.023 0.011
      vertex 0.0235454545 0.023 0.011
    endloop
  endfacet
  facet normal -1 0 0
    outer loop
      vertex 0 0.023 0.003
      vertex 0 0.02 0.003
      vertex 0 0.02 0.011
    endloop
  endfacet
  facet normal -1 0 0
    outer loop
      vertex 0 0.023 0.003
      vertex 0 0.02 0.011
      vertex 0 0.023 0.011
    endloop
  endfacet
  facet normal 0 0 -1
    outer loop
      vertex 0 0.022 0.003
      vertex 0.0235454545 0.025 0.003
      vertex 0.0235454545 0.022 0.003
    endloop
  endfacet
  facet normal 0 0 -1
    outer loop
      vertex 0 0.022 0.003
      vertex 0 0.025 0.003
      vertex 0.0235454545 0.025 0.003
    endloop
  endfacet
  facet normal 0 0 1
    outer loop
      vertex 0 0.022 0.011
      vertex 0.0235454545 0.022 0.011
      vertex 0.0235454545 0.025 0.011
    endloop
  endfacet
  facet normal 0 0 1
    outer loop
      vertex 0 0.022 0.011
      vertex 0.0235454545 0.025 0.011
      vertex 0 0.025 0.011
    endloop
  endfacet
  facet normal 0 -1 0
    outer loop
      vertex 0 0.022 0.003
      vertex 0.0235454545 0.022 0.003
      vertex 0.0235454545 0.022 0.011
    endloop
  endfacet
  facet normal 0 -1 0
    outer loop
      vertex 0 0.022 0.003
      vertex 0.0235454545 0.022 0.011
      vertex 0 0.022 0.011
    endloop
  endfacet
  facet normal 1 0 0
    outer loop
      vertex 0.0235454545 0.022 0.003
      vertex 0.0235454545 0.025 0.003
      vertex 0.0235454545 0.025 0.011
    endloop
  endfacet
  facet normal 1 0 0
    outer loop
      vertex 0.0235454545 0.022 0.003
      vertex 0.0235454545 0.025 0.011
      vertex 0.0235454545 0.022 0.011
    endloop
  endfacet
  facet normal 0 1 0
    outer loop
      vertex 0.0235454545 0.025 0.003
      vertex 0 0.025 0.003
      vertex 0 0.025 0.011
    endloop
  endfacet
  facet normal 0 1 -0
    outer loop
      vertex 0.0235454545 0.025 0.003
      vertex 0 0.025 0.011
      vertex 0.0235454545 0.025 0.011
    endloop
  endfacet
  facet normal -1 0 0
    outer loop
      vertex 0 0.025 0.003
      vertex 0 0.022 0.003
      vertex 0 0.022 0.011
    endloop
  endfacet
  facet normal -1 0 0
    outer loop
      vertex 0 0.025 0.003
      vertex 0 0.022 0.011
      vertex 0 0.025 0.011
    endloop
  endfacet
  facet normal 0 0 -1
    outer loop
      vertex 0 0.0224444444 0.003
      vertex 0.0235454545 0.0254444444 0.003
      vertex 0.0235454545 0.0224444444 0.003
    endloop
  endfacet
  facet normal 0 0 -1
    outer loop
      vertex 0 0.0224444444 0.003
      vertex 0 0.0254444444 0.003
      vertex 0.0235454545 0.0254444444 0.003
    endloop
  endfacet
  facet normal 0 0 1
    outer loop
      vertex 0 0.0224444444 0.011
      vertex 0.0235454545 0.0224444444 0.011
      vertex 0.0235454545 0.0254444444 0.011
    endloop
  endfacet
  facet normal 0 0 1
    outer loop
      vertex 0 0.0224444444 0.011
      vertex 0.0235454545 0.0254444444 0.011
      vertex 0 0.0254444444 0.011
    endloop
  endfacet
  facet normal 0 -1 0
    outer loop
      vertex 0 0.0224444444 0.003
      vertex 0.0235454545 0.0224444444 0.003
      vertex 0.0235454545 0.0224444444 0.011
    endloop
  endfacet
  facet normal 0 -1 0
    outer loop
      vertex 0 0.0224444444 0.003
      vertex 0.0235454545 0.0224444444 0.011
      vertex 0 0.0224444444 0.011
    endloop
  endfacet
  facet normal 1 0 0
    outer loop
      vertex 0.0235454545 0.0224444444 0.003
      vertex 0.0235454545 0.0254444444 0.003
      vertex 0.0235454545 0.0254444444 0.011
    endloop
  endfacet
  facet normal 1 0 0
    outer loop
      vertex 0.0235454545 0.0224444444 0.003
      vertex 0.0235454545 0.0254444444 0.011
      vertex 0.0235454545 0.0224444444 0.011
    endloop
  endfacet
  facet normal 0 1 0
    outer loop
      vertex 0.0235454545 0.0254444444 0.003
      vertex 0 0.0254444444 0.003
      vertex 0 0.0254444444 0.011
    endloop
  endfacet
  facet normal 0 1 -0
    outer loop
      vertex 0.0235454545 0.0254444444 0.003
      vertex 0 0.0254444444 0.011
      vertex 0.0235454545 0.0254444444 0.011
    endloop
  endfacet
  facet normal -1 0 0
    outer loop
      vertex 0 0.0254444444 0.003
      vertex 0 0.0224444444 0.003
      vertex 0 0.0224444444 0.011
    endloop
  endfacet
  facet normal -1 0 0
    outer loop
      vertex 0 0.0254444444 0.003
      vertex 0 0.0224444444 0.011
      vertex 0 0.0254444444 0.011
    endloop
  endfacet
  facet normal 0 0 -1
    outer loop
      vertex 0.235454545 0 0.003
      vertex 0.259 0.003 0.003
      vertex 0.259 0 0.003
    endloop
  endfacet
  facet normal 0 0 -1
    outer loop
      vertex 0.235454545 0 0.003
      vertex 0.235454545 0.003 0.003
      vertex 0.259 0.003 0.003
    endloop
  endfacet
  facet normal 0 0 1
    outer loop
      vertex 0.235454545 0 0.011
      vertex 0.259 0 0.011
      vertex 0.259 0.003 0.011
    endloop
  endfacet
  facet normal 0 0 1
    outer loop
      vertex 0.235454545 0 0.011
      vertex 0.259 0.003 0.011
      vertex 0.235454545 0.003 0.011
    endloop
  endfacet
  facet normal 0 -1 0
    outer loop
      vertex 0.235454545 0 0.003
      vertex 0.259 0 0.003
      vertex 0.259 0 0.011
    endloop
  endfacet
  facet normal 0 -1 0
    outer loop
      vertex 0.235454545 0 0.003
      vertex 0.259 0 0.011
      vertex 0.235454545 0 0.011
    endloop
  endfacet
  facet normal 1 0 0
    outer loop
      vertex 0.259 0 0.003
      vertex 0.259 0.003 0.003
      vertex 0.259 0.003 0.011
    endloop
  endfacet
  facet normal 1 0 0
    outer loop
      vertex 0.259 0 0.003
      vertex 0.259 0.003 0.011
      vertex 0.259 0 0.011
    endloop
  endfacet
  facet normal 0 1 0
    outer loop
      vertex 0.259 0.003 0.003
      vertex 0.235454545 0.003 0.003
      vertex 0.235454545 0.003 0.011
    endloop
  endfacet
  facet normal 0 1 -0
    outer loop
      vertex 0.259 0.003 0.003
      vertex 0.235454545 0.003 0.011
      vertex 0.259 0.003 0.011
    endloop
  endfacet
  facet normal -1 0 0
    outer loop
      vertex 0.235454545 0.003 0.003
      vertex 0.235454545 0 0.003
      vertex 0.235454545 0 0.011
    endloop
  endfacet
  facet normal -1 0 0
    outer loop
      vertex 0.235454545 0.003 0.003
      vertex 0.235454545 0 0.011
      vertex 0.235454545 0.003 0.011
    endloop
  endfacet
  facet normal 0 0 -1
    outer loop
      vertex 0.235454545 0.002 0.003
      vertex 0.259 0.005 0.003
      vertex 0.259 0.002 0.003
    endloop
  endfacet
  facet normal 0 0 -1
    outer loop
      vertex 0.235454545 0.002 0.003
      vertex 0.235454545 0.005 0.003
      vertex 0.259 0.005 0.003
    endloop
  endfacet
  facet normal 0 0 1
    outer loop
      vertex 0.235454545 0.002 0.011
      vertex 0.259 0.002 0.011
      vertex 0.259 0.005 0.011
    endloop
  endfacet
  facet normal 0 0 1
    outer loop
      vertex 0.235454545 0.002 0.011
      vertex 0.259 0.005 0.011
      vertex 0.235454545 0.005 0.011
    endloop
  endfacet
  facet normal 0 -1 0
    outer loop
      vertex 0.235454545 0.002 0.003
      vertex 0.259 0.002 0.003
      vertex 0.259 0.002 0.011
    endloop
  endfacet
  facet normal 0 -1 0
    outer loop
      vertex 0.235454545 0.002 0.003
      vertex 0.259 0.002 0.011
      vertex 0.235454545 0.002 0.011
    endloop
  endfacet
  facet normal 1 0 0
    outer loop
      vertex 0.259 0.002 0.003
      vertex 0.259 0.005 0.003
      vertex 0.259 0.005 0.011
    endloop
  endfacet
  facet normal 1 0 0
    outer loop
      vertex 0.259 0.002 0.003
      vertex 0.259 0.005 0.011
      vertex 0.259 0.002 0.011
    endloop
  endfacet
  facet normal 0 1 0
    outer loop
      vertex 0.259 0.005 0.003
      vertex 0.235454545 0.005 0.003
      vertex 0.235454545 0.005 0.011
    endloop
  endfacet
  facet normal 0 1 -0
    outer loop
      vertex 0.259 0.005 0.003
      vertex 0.235454545 0.005 0.011
      vertex 0.259 0.005 0.011
    endloop
  endfacet
  facet normal -1 0 0
    outer loop
      vertex 0.235454545 0.005 0.003
      vertex 0.235454545 0.002 0.003
      vertex 0.235454545 0.002 0.011
    endloop
  endfacet
  facet normal -1 0 0
    outer loop
      vertex 0.235454545 0.005 0.003
      vertex 0.235454545 0.002 0.011
      vertex 0.235454545 0.005 0.011
    endloop
  endfacet
  facet normal 0 0 -1
    outer loop
      vertex 0.235454545 0.004 0.003
      vertex 0.259 0.007 0.003
      vertex 0.259 0.004 0.003
    endloop
  endfacet
  facet normal 0 0 -1
    outer loop
      vertex 0.235454545 0.004 0.003
      vertex 0.235454545 0.007 0.003
      vertex 0.259 0.007 0.003
    endloop
  endfacet
  facet normal 0 0 1
    outer loop
      vertex 0.235454545 0.004 0.011
      vertex 0.259 0.004 0.011
      vertex 0.259 0.007 0.011
    endloop
  endfacet
  facet normal 0 0 1
    outer loop
      vertex 0.235454545 0.004 0.011
      vertex 0.259 0.007 0.011
      vertex 0.235454545 0.007 0.011
    endloop
  endfacet
  facet normal 0 -1 0
    outer loop
      vertex 0.235454545 0.004 0.003
      vertex 0.259 0.004 0.003
      vertex 0.259 0.004 0.011
    endloop
  endfacet
  facet normal 0 -1 0
    outer loop
      vertex 0.235454545 0.004 0.003
      vertex 0.259 0.004 0.011
      vertex 0.235454545 0.004 0.011
    endloop
  endfacet
  facet normal 1 0 0
    outer loop
      vertex 0.259 0.004 0.003
      vertex 0.259 0.007 0.003
      vertex 0.259 0.007 0.011
    endloop
  endfacet
  facet normal 1 0 0
    outer loop
      vertex 0.259 0.004 0.003
      vertex 0.259 0.007 0.011
      vertex 0.259 0.004 0.011
    endloop
  endfacet
  facet normal 0 1 0
    outer loop
      vertex 0.259 0.007 0.003
      vertex 0.235454545 0.007 0.003
      vertex 0.235454545 0.007 0.011
    endloop
  endfacet
  facet normal 0 1 -0
    outer loop
      vertex 0.259 0.007 0.003
      vertex 0.235454545 0.007 0.011
      vertex 0.259 0.007 0.011
    endloop
  endfacet
  facet normal -1 0 0
    outer loop
      vertex 0.235454545 0.007 0.003
      vertex 0.235454545 0.004 0.003
      vertex 0.235454545 0.004 0.011
    endloop
  endfacet
  facet normal -1 0 0
    outer loop
      vertex 0.235454545 0.007 0.003
      vertex 0.235454545 0.004 0.011
      vertex 0.235454545 0.007 0.011
    endloop
  endfacet
  facet normal 0 0 -1
    outer loop
      vertex 0.235454545 0.006 0.003
      vertex 0.259 0.009 0.003
      vertex 0.259 0.006 0.003
    endloop
  endfacet
  facet normal 0 0 -1
    outer loop
      vertex 0.235454545 0.006 0.003
      vertex 0.235454545 0.009 0.003
      vertex 0.259 0.009 0.003
    endloop
  endfacet
  facet normal 0 0 1
    outer loop
      vertex 0.235454545 0.006 0.011
      vertex 0.259 0.006 0.011
      vertex 0.259 0.009 0.011
    endloop
  endfacet
  facet normal 0 0 1
    outer loop
      vertex 0.235454545 0.006 0.011
      vertex 0.259 0.009 0.011
      vertex 0.235454545 0.009 0.011
    endloop
  endfacet
  facet normal 0 -1 0
    outer loop
      vertex 0.235454545 0.006 0.003
      vertex 0.259 0.006 0.003
      vertex 0.259 0.006 0.011
    endloop
  endfacet
  facet normal 0 -1 0
    outer loop
      vertex 0.235454545 0.006 0.003
      vertex 0.259 0.006 0.011
      vertex 0.235454545 0.006 0.011
    endloop
  endfacet
  facet normal 1 0 0
    outer loop
      vertex 0.259 0.006 0.003
      vertex 0.259 0.009 0.003
      vertex 0.259 0.009 0.011
    endloop
  endfacet
  facet normal 1 0 0
    outer loop
      vertex 0.259 0.006 0.003
      vertex 0.259 0.009 0.011
      vertex 0.259 0.006 0.011
    endloop
  endfacet
  facet normal 0 1 0
    outer loop
      vertex 0.259 0.009 0.003
      vertex 0.235454545 0.009 0.003
      vertex 0.235454545 0.009 0.011
    endloop
  endfacet
  facet normal 0 1 -0
    outer loop
      vertex 0.259 0.009 0.003
      vertex 0.235454545 0.009 0.011
      vertex 0.259 0.009 0.011
    endloop
  endfacet
  facet normal -1 0 0
    outer loop
      vertex 0.235454545 0.009 0.003
      vertex 0.235454545 0.006 0.003
      vertex 0.235454545 0.006 0.011
    endloop
  endfacet
  facet normal -1 0 0
    outer loop
      vertex 0.235454545 0.009 0.003
      vertex 0.235454545 0.006 0.011
      vertex 0.235454545 0.009 0.011
    endloop
  endfacet
  facet normal 0 0 -1
    outer loop
      vertex 0.235454545 0.008 0.003
      vertex 0.259 0.011 0.003
      vertex 0.259 0.008 0.003
    endloop
  endfacet
  facet normal 0 0 -1
    outer loop
      vertex 0.235454545 0.008 0.003
      vertex 0.235454545 0.011 0.003
      vertex 0.259 0.011 0.003
    endloop
  endfacet
  facet normal 0 0 1
    outer loop
      vertex 0.235454545 0.008 0.011
      vertex 0.259 0.008 0.011
      vertex 0.259 0.011 0.011
    endloop
  endfacet
  facet normal 0 0 1
    outer loop
      vertex 0.235454545 0.008 0.011
      vertex 0.259 0.011 0.011
      vertex 0.235454545 0.011 0.011
    endloop
  endfacet
  facet normal 0 -1 0
    outer loop
      vertex 0.235454545 0.008 0.003
      vertex 0.259 0.008 0.003
      vertex 0.259 0.008 0.011
    endloop
  endfacet
  facet normal 0 -1 0
    outer loop
      vertex 0.235454545 0.008 0.003
      vertex 0.259 0.008 0.011
      vertex 0.235454545 0.008 0.011
    endloop
  endfacet
  facet normal 1 0 0
    outer loop
      vertex 0.259 0.008 0.003
      vertex 0.259 0.011 0.003
      vertex 0.259 0.011 0.011
    endloop
  endfacet
  facet normal 1 0 0
    outer loop
      vertex 0.259 0.008 0.003
      vertex 0.259 0.011 0.011
      vertex 0.259 0.008 0.011
    endloop
  endfacet
  facet normal 0 1 0
    outer loop
      vertex 0.259 0.011 0.003
      vertex 0.235454545 0.011 0.003
      vertex 0.235454545 0.011 0.011
    endloop
  endfacet
  facet normal 0 1 -0
    outer loop
      vertex 0.259 0.011 0.003
      vertex 0.235454545 0.011 0.011
      vertex 0.259 0.011 0.011
    endloop
  endfacet
  facet normal -1 0 0
    outer loop
      vertex 0.235454545 0.011 0.003
      vertex 0.235454545 0.008 0.003
      vertex 0.235454545 0.008 0.011
    endloop
  endfacet
  facet normal -1 0 0
    outer loop
      vertex 0.235454545 0.011 0.003
      vertex 0.235454545 0.008 0.011
      vertex 0.235454545 0.011 0.011
    endloop
  endfacet
  facet normal 0 0 -1
    outer loop
      vertex 0.235454545 0.01 0.003
      vertex 0.259 0.013 0.003
      vertex 0.259 0.01 0.003
    endloop
  endfacet
  facet normal 0 0 -1
    outer loop
      vertex 0.235454545 0.01 0.003
      vertex 0.235454545 0.013 0.003
      vertex 0.259 0.013 0.003
    endloop
  endfacet
  facet normal 0 0 1
    outer loop
      vertex 0.235454545 0.01 0.011
      vertex 0.259 0.01 0.011
      vertex 0.259 0.013 0.011
    endloop
  endfacet
  facet normal 0 0 1
    outer loop
      vertex 0.235454545 0.01 0.011
      vertex 0.259 0.013 0.011
      vertex 0.235454545 0.013 0.011
    endloop
  endfacet
  facet normal 0 -1 0
    outer loop
      vertex 0.235454545 0.01 0.003
      vertex 0.259 0.01 0.003
      vertex 0.259 0.01 0.011
    endloop
  endfacet
  facet normal 0 -1 0
    outer loop
      vertex 0.235454545 0.01 0.003
      vertex 0.259 0.01 0.011
      vertex 0.235454545 0.01 0.011
    endloop
  endfacet
  facet normal 1 0 0
    outer loop
      vertex 0.259 0.01 0.003
      vertex 0.259 0.013 0.003
      vertex 0.259 0.013 0.011
    endloop
  endfacet
  facet normal 1 0 0
    outer loop
      vertex 0.259 0.01 0.003
      vertex 0.259 0.013 0.011
      vertex 0.259 0.01 0.011
    endloop
  endfacet
  facet normal 0 1 0
    outer loop
      vertex 0.259 0.013 0.003
      vertex 0.235454545 0.013 0.003
      vertex 0.235454545 0.013 0.011
    endloop
  endfacet
  facet normal 0 1 -0
    outer loop
      vertex 0.259 0.013 0.003
      vertex 0.235454545 0.013 0.011
      vertex 0.259 0.013 0.011
    endloop
  endfacet
  facet normal -1 0 0
    outer loop
      vertex 0.235454545 0.013 0.003
      vertex 0.235454545 0.01 0.003
      vertex 0.235454545 0.01 0.011
    endloop
  endfacet
  facet normal -1 0 0
    outer loop
      vertex 0.235454545 0.013 0.003
      vertex 0.235454545 0.01 0.011
      vertex 0.235454545 0.013 0.011
    endloop
  endfacet
  facet normal 0 0 -1
    outer loop
      vertex 0.235454545 0.012 0.003
      vertex 0.259 0.015 0.003
      vertex 0.259 0.012 0.003
    endloop
  endfacet
  facet normal 0 0 -1
    outer loop
      vertex 0.235454545 0.012 0.003
      vertex 0.235454545 0.015 0.003
      vertex 0.259 0.015 0.003
    endloop
  endfacet
  facet normal 0 0 1
    outer loop
      vertex 0.235454545 0.012 0.011
      vertex 0.259 0.012 0.011
      vertex 0.259 0.015 0.011
    endloop
  endfacet
  facet normal 0 0 1
    outer loop
      vertex 0.235454545 0.012 0.011
      vertex 0.259 0.015 0.011
      vertex 0.235454545 0.015 0.011
    endloop
  endfacet
  facet normal 0 -1 0
    outer loop
      vertex 0.235454545 0.012 0.003
      vertex 0.259 0.012 0.003
      vertex 0.259 0.012 0.011
    endloop
  endfacet
  facet normal 0 -1 0
    outer loop
      vertex 0.235454545 0.012 0.003
      vertex 0.259 0.012 0.011
      vertex 0.235454545 0.012 0.011
    endloop
  endfacet
  facet normal 1 0 0
    outer loop
      vertex 0.259 0.012 0.003
      vertex 0.259 0.015 0.003
      vertex 0.259 0.015 0.011
    endloop
  endfacet
  facet normal 1 0 0
    outer loop
      vertex 0.259 0.012 0.003
      vertex 0.259 0.015 0.011
      vertex 0.259 0.012 0.011
    endloop
  endfacet
  facet normal 0 1 0
    outer loop
      vertex 0.259 0.015 0.003
      vertex 0.235454545 0.015 0.003
      vertex 0.235454545 0.015 0.011
    endloop
  endfacet
  facet normal 0 1 -0
    outer loop
      vertex 0.259 0.015 0.003
      vertex 0.235454545 0.015 0.011
      vertex 0.259 0.015 0.011
    endloop
  endfacet
  facet normal -1 0 0
    outer loop
      vertex 0.235454545 0.015 0.003
      vertex 0.235454545 0.012 0.003
      vertex 0.235454545 0.012 0.011
    endloop
  endfacet
  facet normal -1 0 0
    outer loop
      vertex 0.235454545 0.015 0.003
      vertex 0.235454545 0.012 0.011
      vertex 0.235454545 0.015 0.011
    endloop
  endfacet
  facet normal 0 0 -1
    outer loop
      vertex 0.235454545 0.014 0.003
      vertex 0.259 0.017 0.003
      vertex 0.259 0.014 0.003
    endloop
  endfacet
  facet normal 0 0 -1
    outer loop
      vertex 0.235454545 0.014 0.003
      vertex 0.235454545 0.017 0.003
      vertex 0.259 0.017 0.003
    endloop
  endfacet
  facet normal 0 0 1
    outer loop
      vertex 0.235454545 0.014 0.011
      vertex 0.259 0.014 0.011
      vertex 0.259 0.017 0.011
    endloop
  endfacet
  facet normal 0 0 1
    outer loop
      vertex 0.235454545 0.014 0.011
      vertex 0.259 0.017 0.011
      vertex 0.235454545 0.017 0.011
    endloop
  endfacet
  facet normal 0 -1 0
    outer loop
      vertex 0.235454545 0.014 0.003
      vertex 0.259 0.014 0.003
      vertex 0.259 0.014 0.011
    endloop
  endfacet
  facet normal 0 -1 0
    outer loop
      vertex 0.235454545 0.014 0.003
      vertex 0.259 0.014 0.011
      vertex 0.235454545 0.014 0.011
    endloop
  endfacet
  facet normal 1 0 0
    outer loop
      vertex 0.259 0.014 0.003
      vertex 0.259 0.017 0.003
      vertex 0.259 0.017 0.011
    endloop
  endfacet
  facet normal 1 0 0
    outer loop
      vertex 0.259 0.014 0.003
      vertex 0.259 0.017 0.011
      vertex 0.259 0.014 0.011
    endloop
  endfacet
  facet normal 0 1 0
    outer loop
      vertex 0.259 0.017 0.003
      vertex 0.235454545 0.017 0.003
      vertex 0.235454545 0.017 0.011
    endloop
  endfacet
  facet normal 0 1 -0
    outer loop
      vertex 0.259 0.017 0.003
      vertex 0.235454545 0.017 0.011
      vertex 0.259 0.017 0.011
    endloop
  endfacet
  facet normal -1 0 0
    outer loop
      vertex 0.235454545 0.017 0.003
      vertex 0.235454545 0.014 0.003
      vertex 0.235454545 0.014 0.011
    endloop
  endfacet
  facet normal -1 0 0
    outer loop
      vertex 0.235454545 0.017 0.003
      vertex 0.235454545 0.014 0.011
      vertex 0.235454545 0.017 0.011
    endloop
  endfacet
  facet normal 0 0 -1
    outer loop
      vertex 0.235454545 0.016 0.003
      vertex 0.259 0.019 0.003
      vertex 0.259 0.016 0.003
    endloop
  endfacet
  facet normal 0 0 -1
    outer loop
      vertex 0.235454545 0.016 0.003
      vertex 0.235454545 0.019 0.003
      vertex 0.259 0.019 0.003
    endloop
  endfacet
  facet normal 0 0 1
    outer loop
      vertex 0.235454545 0.016 0.011
      vertex 0.259 0.016 0.011
      vertex 0.259 0.019 0.011
    endloop
  endfacet
  facet normal 0 0 1
    outer loop
      vertex 0.235454545 0.016 0.011
      vertex 0.259 0.019 0.011
      vertex 0.235454545 0.019 0.011
    endloop
  endfacet
  facet normal 0 -1 0
    outer loop
      vertex 0.235454545 0.016 0.003
      vertex 0.259 0.016 0.003
      vertex 0.259 0.016 0.011
    endloop
  endfacet
  facet normal 0 -1 0
    outer loop
      vertex 0.235454545 0.016 0.003
      vertex 0.259 0.016 0.011
      vertex 0.235454545 0.016 0.011
    endloop
  endfacet
  facet normal 1 0 0
    outer loop
      vertex 0.259 0.016 0.003
      vertex 0.259 0.019 0.003
      vertex 0.259 0.019 0.011
    endloop
  endfacet
  facet normal 1 0 0
    outer loop
      vertex 0.259 0.016 0.003
      vertex 0.259 0.019 0.011
      vertex 0.259 0.016 0.011
    endloop
  endfacet
  facet normal 0 1 0
    outer loop
      vertex 0.259 0.019 0.003
      vertex 0.235454545 0.019 0.003
      vertex 0.235454545 0.019 0.011
    endloop
  endfacet
  facet normal 0 1 -0
    outer loop
      vertex 0.259 0.019 0.003
      vertex 0.235454545 0.019 0.011
      vertex 0.259 0.019 0.011
    endloop
  endfacet
  facet normal -1 0 0
    outer loop
      vertex 0.235454545 0.019 0.003
      vertex 0.235454545 0.016 0.003
      vertex 0.235454545 0.016 0.011
    endloop
  endfacet
  facet normal -1 0 0
    outer loop
      vertex 0.235454545 0.019 0.003
      vertex 0.235454545 0.016 0.011
      vertex 0.235454545 0.019 0.011
    endloop
  endfacet
  facet normal 0 0 -1
    outer loop
      vertex 0.235454545 0.018 0.003
      vertex 0.259 0.021 0.003
      vertex 0.259 0.018 0.003
    endloop
  endfacet
  facet normal 0 0 -1
    outer loop
      vertex 0.235454545 0.018 0.003
      vertex 0.235454545 0.021 0.003
      vertex 0.259 0.021 0.003
    endloop
  endfacet
  facet normal 0 0 1
    outer loop
      vertex 0.235454545 0.018 0.011
      vertex 0.259 0.018 0.011
      vertex 0.259 0.021 0.011
    endloop
  endfacet
  facet normal 0 0 1
    outer loop
      vertex 0.235454545 0.018 0.011
      vertex 0.259 0.021 0.011
      vertex 0.235454545 0.021 0.011
    endloop
  endfacet
  facet normal 0 -1 0
    outer loop
      vertex 0.235454545 0.018 0.003
      vertex 0.259 0.018 0.003
      vertex 0.259 0.018 0.011
    endloop
  endfacet
  facet normal 0 -1 0
    outer loop
      vertex 0.235454545 0.018 0.003
      vertex 0.259 0.018 0.011
      vertex 0.235454545 0.018 0.011
    endloop
  endfacet
  facet normal 1 0 0
    outer loop
      vertex 0.259 0.018 0.003
      vertex 0.259 0.021 0.003
      vertex 0.259 0.021 0.011
    endloop
  endfacet
  facet normal 1 0 0
    outer loop
      vertex 0.259 0.018 0.003
      vertex 0.259 0.021 0.011
      vertex 0.259 0.018 0.011
    endloop
  endfacet
  facet normal 0 1 0
    outer loop
      vertex 0.259 0.021 0.003
      vertex 0.235454545 0.021 0.003
      vertex 0.235454545 0.021 0.011
    endloop
  endfacet
  facet normal 0 1 -0
    outer loop
      vertex 0.259 0.021 0.003
      vertex 0.235454545 0.021 0.011
      vertex 0.259 0.021 0.011
    endloop
  endfacet
  facet normal -1 0 0
    outer loop
      vertex 0.235454545 0.021 0.003
      vertex 0.235454545 0.018 0.003
      vertex 0.235454545 0.018 0.011
    endloop
  endfacet
  facet normal -1 0 0
    outer loop
      vertex 0.235454545 0.021 0.003
      vertex 0.235454545 0.018 0.011
      vertex 0.235454545 0.021 0.011
    endloop
  endfacet
  facet normal 0 0 -1
    outer loop
      vertex 0.235454545 0.02 0.003
      vertex 0.259 0.023 0.003
      vertex 0.259 0.02 0.003
    endloop
  endfacet
  facet normal 0 0 -1
    outer loop
      vertex 0.235454545 0.02 0.003
      vertex 0.235454545 0.023 0.003
      vertex 0.259 0.023 0.003
    endloop
  endfacet
  facet normal 0 0 1
    outer loop
      vertex 0.235454545 0.02 0.011
      vertex 0.259 0.02 0.011
      vertex 0.259 0.023 0.011
    endloop
  endfacet
  facet normal 0 0 1
    outer loop
      vertex 0.235454545 0.02 0.011
      vertex 0.259 0.023 0.011
      vertex 0.235454545 0.023 0.011
    endloop
  endfacet
  facet normal 0 -1 0
    outer loop
      vertex 0.235454545 0.02 0.003
      vertex 0.259 0.02 0.003
      vertex 0.259 0.02 0.011
    endloop
  endfacet
  facet normal 0 -1 0
    outer loop
      vertex 0.235454545 0.02 0.003
      vertex 0.259 0.02 0.011
      vertex 0.235454545 0.02 0.011
    endloop
  endfacet
  facet normal 1 0 0
    outer loop
      vertex 0.259 0.02 0.003
      vertex 0.259 0.023 0.003
      vertex 0.259 0.023 0.011
    endloop
  endfacet
  facet normal 1 0 0
    outer loop
      vertex 0.259 0.02 0.003
      vertex 0.259 0.023 0.011
      vertex 0.259 0.02 0.011
    endloop
  endfacet
  facet normal 0 1 0
    outer loop
      vertex 0.259 0.023 0.003
      vertex 0.235454545 0.023 0.003
      vertex 0.235454545 0.023 0.011
    endloop
  endfacet
  facet normal 0 1 -0
    outer loop
      vertex 0.259 0.023 0.003
      vertex 0.235454545 0.023 0.011
      vertex 0.259 0.023 0.011
    endloop
  endfacet
  facet normal -1 0 0
    outer loop
      vertex 0.235454545 0.023 0.003
      vertex 0.235454545 0.02 0.003
      vertex 0.235454545 0.02 0.011
    endloop
  endfacet
  facet normal -1 0 0
    outer loop
      vertex 0.235454545 0.023 0.003
      vertex 0.235454545 0.02 0.011
      vertex 0.235454545 0.023 0.011
    endloop
  endfacet
  facet normal 0 0 -1
    outer loop
      vertex 0.235454545 0.022 0.003
      vertex 0.259 0.025 0.003
      vertex 0.259 0.022 0.003
    endloop
  endfacet
  facet normal 0 0 -1
    outer loop
      vertex 0.235454545 0.022 0.003
      vertex 0.235454545 0.025 0.003
      vertex 0.259 0.025 0.003
    endloop
  endfacet
  facet normal 0 0 1
    outer loop
      vertex 0.235454545 0.022 0.011
      vertex 0.259 0.022 0.011
      vertex 0.259 0.025 0.011
    endloop
  endfacet
  facet normal 0 0 1
    outer loop
      vertex 0.235454545 0.022 0.011
      vertex 0.259 0.025 0.011
      vertex 0.235454545 0.025 0.011
    endloop
  endfacet
  facet normal 0 -1 0
    outer loop
      vertex 0.235454545 0.022 0.003
      vertex 0.259 0.022 0.003
      vertex 0.259 0.022 0.011
    endloop
  endfacet
  facet normal 0 -1 0
    outer loop
      vertex 0.235454545 0.022 0.003
      vertex 0.259 0.022 0.011
      vertex 0.235454545 0.022 0.011
    endloop
  endfacet
  facet normal 1 0 0
    outer loop
      vertex 0.259 0.022 0.003
      vertex 0.259 0.025 0.003
      vertex 0.259 0.025 0.011
    endloop
  endfacet
  facet normal 1 0 0
    outer loop
      vertex 0.259 0.022 0.003
      vertex 0.259 0.025 0.011
      vertex 0.259 0.022 0.011
    endloop
  endfacet
  facet normal 0 1 0
    outer loop
      vertex 0.259 0.025 0.003
      vertex 0.235454545 0.025 0.003
      vertex 0.235454545 0.025 0.011
    endloop
  endfacet
  facet normal 0 1 -0
    outer loop
      vertex 0.259 0.025 0.003
      vertex 0.235454545 0.025 0.011
      vertex 0.259 0.025 0.011
    endloop
  endfacet
  facet normal -1 0 0
    outer loop
      vertex 0.235454545 0.025 0.003
      vertex 0.235454545 0.022 0.003
      vertex 0.235454545 0.022 0.011
    endloop
  endfacet
  facet normal -1 0 0
    outer loop
      vertex 0.235454545 0.025 0.003
      vertex 0.235454545 0.022 0.011
      vertex 0.235454545 0.025 0.011
    endloop
  endfacet
  facet normal 0 0 -1
    outer loop
      vertex 0.235454545 0.0224444444 0.003
      vertex 0.259 0.0254444444 0.003
      vertex 0.259 0.0224444444 0.003
    endloop
  endfacet
  facet normal 0 0 -1
    outer loop
      vertex 0.235454545 0.0224444444 0.003
      vertex 0.235454545 0.0254444444 0.003
      vertex 0.259 0.0254444444 0.003
    endloop
  endfacet
  facet normal 0 0 1
    outer loop
      vertex 0.235454545 0.0224444444 0.011
      vertex 0.259 0.0224444444 0.011
      vertex 0.259 0.0254444444 0.011
    endloop
  endfacet
  facet normal 0 0 1
    outer loop
      vertex 0.235454545 0.0224444444 0.011
      vertex 0.259 0.0254444444 0.011
      vertex 0.235454545 0.0254444444 0.011
    endloop
  endfacet
  facet normal 0 -1 0
    outer loop
      vertex 0.235454545 0.0224444444 0.003
      vertex 0.259 0.0224444444 0.003
      vertex 0.259 0.0224444444 0.011
    endloop
  endfacet
  facet normal 0 -1 0
    outer loop
      vertex 0.235454545 0.0224444444 0.003
      vertex 0.259 0.0224444444 0.011
      vertex 0.235454545 0.0224444444 0.011
    endloop
  endfacet
  facet normal 1 0 0
    outer loop
      vertex 0.259 0.0224444444 0.003
      vertex 0.259 0.0254444444 0.003
      vertex 0.259 0.0254444444 0.011
    endloop
  endfacet
  facet normal 1 0 0
    outer loop
      vertex 0.259 0.0224444444 0.003
      vertex 0.259 0.0254444444 0.011
      vertex 0.259 0.0224444444 0.011
    endloop
  endfacet
  facet normal 0 1 0
    outer loop
      vertex 0.259 0.0254444444 0.003
      vertex 0.235454545 0.0254444444 0.003
      vertex 0.235454545 0.0254444444 0.011
    endloop
  endfacet
  facet normal 0 1 -0
    outer loop
      vertex 0.259 0.0254444444 0.003
      vertex 0.235454545 0.0254444444 0.011
      vertex 0.259 0.0254444444 0.011
    endloop
  endfacet
  facet normal -1 0 0
    outer loop
      vertex 0.235454545 0.0254444444 0.003
      vertex 0.235454545 0.0224444444 0.003
      vertex 0.235454545 0.0224444444 0.011
    endloop
  endfacet
  facet normal -1 0 0
    outer loop
      vertex 0.235454545 0.0254444444 0.003
      vertex 0.235454545 0.0224444444 0.011
      vertex 0.235454545 0.0254444444 0.011
    endloop
  endfacet
  facet normal 0 0 -1
    outer loop
      vertex 0.0250454545 0 0.003
      vertex 0.0220454545 0.0508888889 0.003
      vertex 0.0250454545 0.0508888889 0.003
    endloop
  endfacet
  facet normal 0 0 -1
    outer loop
      vertex 0.0250454545 0 0.003
      vertex 0.0220454545 0 0.003
      vertex 0.0220454545 0.0508888889 0.003
    endloop
  endfacet
  facet normal 0 -0 1
    outer loop
      vertex 0.0250454545 0 0.011
      vertex 0.0250454545 0.0508888889 0.011
      vertex 0.0220454545 0.0508888889 0.011
    endloop
  endfacet
  facet normal 0 0 1
    outer loop
      vertex 0.0250454545 0 0.011
      vertex 0.0220454545 0.0508888889 0.011
      vertex 0.0220454545 0 0.011
    endloop
  endfacet
  facet normal 1 -6.81769052e-17 0
    outer loop
      vertex 0.0250454545 0 0.003
      vertex 0.0250454545 0.0508888889 0.003
      vertex 0.0250454545 0.0508888889 0.011
    endloop
  endfacet
  facet normal 1 -6.81769052e-17 0
    outer loop
      vertex 0.0250454545 0 0.003
      vertex 0.0250454545 0.0508888889 0.011
      vertex 0.0250454545 0 0.011
    endloop
  endfacet
  facet normal 0 1 0
    outer loop
      vertex 0.0250454545 0.0508888889 0.003
      vertex 0.0220454545 0.0508888889 0.003
      vertex 0.0220454545 0.0508888889 0.011
    endloop
  endfacet
  facet normal 0 1 -0
    outer loop
      vertex 0.0250454545 0.0508888889 0.003
      vertex 0.0220454545 0.0508888889 0.011
      vertex 0.0250454545 0.0508888889 0.011
    endloop
  endfacet
  facet normal -1 6.81769052e-17 0
    outer loop
      vertex 0.0220454545 0.0508888889 0.003
      vertex 0.0220454545 0 0.003
      vertex 0.0220454545 0 0.011
    endloop
  endfacet
  facet normal -1 6.81769052e-17 0
    outer loop
      vertex 0.0220454545 0.0508888889 0.003
      vertex 0.0220454545 0 0.011
      vertex 0.0220454545 0.0508888889 0.011
    endloop
  endfacet
  facet normal 0 -1 0
    outer loop
      vertex 0.0220454545 0 0.003
      vertex 0.0250454545 0 0.003
      vertex 0.0250454545 0 0.011
    endloop
  endfacet
  facet normal 0 -1 0
    outer loop
      vertex 0.0220454545 0 0.003
      vertex 0.0250454545 0 0.011
      vertex 0.0220454545 0 0.011
    endloop
  endfacet
  facet normal 0 0 -1
    outer loop
      vertex 0.0250454545 0.127222222 0.003
      vertex 0.0220454545 0.152666667 0.003
      vertex 0.0250454545 0.152666667 0.003
    endloop
  endfacet
  facet normal 0 0 -1
    outer loop
      vertex 0.0250454545 0.127222222 0.003
      vertex 0.0220454545 0.127222222 0.003
      vertex 0.0220454545 0.152666667 0.003
    endloop
  endfacet
  facet normal 0 -0 1
    outer loop
      vertex 0.0250454545 0.127222222 0.011
      vertex 0.0250454545 0.152666667 0.011
      vertex 0.0220454545 0.152666667 0.011
    endloop
  endfacet
  facet normal 0 0 1
    outer loop
      vertex 0.0250454545 0.127222222 0.011
      vertex 0.0220454545 0.152666667 0.011
      vertex 0.0220454545 0.127222222 0.011
    endloop
  endfacet
  facet normal 1 -1.3635381e-16 0
    outer loop
      vertex 0.0250454545 0.127222222 0.003
      vertex 0.0250454545 0.152666667 0.003
      vertex 0.0250454545 0.152666667 0.011
    endloop
  endfacet
  facet normal 1 -1.3635381e-16 0
    outer loop
      vertex 0.0250454545 0.127222222 0.003
      vertex 0.0250454545 0.152666667 0.011
      vertex 0.0250454545 0.127222222 0.011
    endloop
  endfacet
  facet normal 0 1 0
    outer loop
      vertex 0.0250454545 0.152666667 0.003
      vertex 0.0220454545 0.152666667 0.003
      vertex 0.0220454545 0.152666667 0.011
    endloop
  endfacet
  facet normal 0 1 -0
    outer loop
      vertex 0.0250454545 0.152666667 0.003
      vertex 0.0220454545 0.152666667 0.011
      vertex 0.0250454545 0.152666667 0.011
    endloop
  endfacet
  facet normal -1 1.3635381e-16 0
    outer loop
      vertex 0.0220454545 0.152666667 0.003
      vertex 0.0220454545 0.127222222 0.003
      vertex 0.0220454545 0.127222222 0.011
    endloop
  endfacet
  facet normal -1 1.3635381e-16 0
    outer loop
      vertex 0.0220454545 0.152666667 0.003
      vertex 0.0220454545 0.127222222 0.011
      vertex 0.0220454545 0.152666667 0.011
    endloop
  endfacet
  facet normal 0 -1 0
    outer loop
      vertex 0.0220454545 0.127222222 0.003
      vertex 0.0250454545 0.127222222 0.003
      vertex 0.0250454545 0.127222222 0.011
    endloop
  endfacet
  facet normal 0 -1 0
    outer loop
      vertex 0.0220454545 0.127222222 0.003
      vertex 0.0250454545 0.127222222 0.011
      vertex 0.0220454545 0.127222222 0.011
    endloop
  endfacet
  facet normal 0 0 -1
    outer loop
      vertex 0.0485909091 0.152666667 0.003
      vertex 0.0455909091 0.178111111 0.003
      vertex 0.0485909091 0.178111111 0.003
    endloop
  endfacet
  facet normal 0 0 -1
    outer loop
      vertex 0.0485909091 0.152666667 0.003
      vertex 0.0455909091 0.152666667 0.003
      vertex 0.0455909091 0.178111111 0.003
    endloop
  endfacet
  facet normal 0 -0 1
    outer loop
      vertex 0.0485909091 0.152666667 0.011
      vertex 0.0485909091 0.178111111 0.011
      vertex 0.0455909091 0.178111111 0.011
    endloop
  endfacet
  facet normal 0 0 1
    outer loop
      vertex 0.0485909091 0.152666667 0.011
      vertex 0.0455909091 0.178111111 0.011
      vertex 0.0455909091 0.152666667 0.011
    endloop
  endfacet
  facet normal 1 0 0
    outer loop
      vertex 0.0485909091 0.152666667 0.003
      vertex 0.0485909091 0.178111111 0.003
      vertex 0.0485909091 0.178111111 0.011
    endloop
  endfacet
  facet normal 1 0 0
    outer loop
      vertex 0.0485909091 0.152666667 0.003
      vertex 0.0485909091 0.178111111 0.011
      vertex 0.0485909091 0.152666667 0.011
    endloop
  endfacet
  facet normal 0 1 0
    outer loop
      vertex 0.0485909091 0.178111111 0.003
      vertex 0.0455909091 0.178111111 0.003
      vertex 0.0455909091 0.178111111 0.011
    endloop
  endfacet
  facet normal 0 1 -0
    outer loop
      vertex 0.0485909091 0.178111111 0.003
      vertex 0.0455909091 0.178111111 0.011
      vertex 0.0485909091 0.178111111 0.011
    endloop
  endfacet
  facet normal -1 0 0
    outer loop
      vertex 0.0455909091 0.178111111 0.003
      vertex 0.0455909091 0.152666667 0.003
      vertex 0.0455909091 0.152666667 0.011
    endloop
  endfacet
  facet normal -1 0 0
    outer loop
      vertex 0.0455909091 0.178111111 0.003
      vertex 0.0455909091 0.152666667 0.011
      vertex 0.0455909091 0.178111111 0.011
    endloop
  endfacet
  facet normal 0 -1 0
    outer loop
      vertex 0.0455909091 0.152666667 0.003
      vertex 0.0485909091 0.152666667 0.003
      vertex 0.0485909091 0.152666667 0.011
    endloop
  endfacet
  facet normal 0 -1 0
    outer loop
      vertex 0.0455909091 0.152666667 0.003
      vertex 0.0485909091 0.152666667 0.011
      vertex 0.0455909091 0.152666667 0.011
    endloop
  endfacet
  facet normal 0 0 -1
    outer loop
      vertex 0.0485909091 0.203555556 0.003
      vertex 0.0455909091 0.229 0.003
      vertex 0.0485909091 0.229 0.003
    endloop
  endfacet
  facet normal 0 0 -1
    outer loop
      vertex 0.0485909091 0.203555556 0.003
      vertex 0.0455909091 0.203555556 0.003
      vertex 0.0455909091 0.229 0.003
    endloop
  endfacet
  facet normal 0 -0 1
    outer loop
      vertex 0.0485909091 0.203555556 0.011
      vertex 0.0485909091 0.229 0.011
      vertex 0.0455909091 0.229 0.011
    endloop
  endfacet
  facet normal 0 0 1
    outer loop
      vertex 0.0485909091 0.203555556 0.011
      vertex 0.0455909091 0.229 0.011
      vertex 0.0455909091 0.203555556 0.011
    endloop
  endfacet
  facet normal 1 0 0
    outer loop
      vertex 0.0485909091 0.203555556 0.003
      vertex 0.0485909091 0.229 0.003
      vertex 0.0485909091 0.229 0.011
    endloop
  endfacet
  facet normal 1 0 0
    outer loop
      vertex 0.0485909091 0.203555556 0.003
      vertex 0.0485909091 0.229 0.011
      vertex 0.0485909091 0.203555556 0.011
    endloop
  endfacet
  facet normal 0 1 0
    outer loop
      vertex 0.0485909091 0.229 0.003
      vertex 0.0455909091 0.229 0.003
      vertex 0.0455909091 0.229 0.011
    endloop
  endfacet
  facet normal 0 1 -0
    outer loop
      vertex 0.0485909091 0.229 0.003
      vertex 0.0455909091 0.229 0.011
      vertex 0.0485909091 0.229 0.011
    endloop
  endfacet
  facet normal -1 0 0
    outer loop
      vertex 0.0455909091 0.229 0.003
      vertex 0.0455909091 0.203555556 0.003
      vertex 0.0455909091 0.203555556 0.011
    endloop
  endfacet
  facet normal -1 0 0
    outer loop
      vertex 0.0455909091 0.229 0.003
      vertex 0.0455909091 0.203555556 0.011
      vertex 0.0455909091 0.229 0.011
    endloop
  endfacet
  facet normal 0 -1 0
    outer loop
      vertex 0.0455909091 0.203555556 0.003
      vertex 0.0485909091 0.203555556 0.003
      vertex 0.0485909091 0.203555556 0.011
    endloop
  endfacet
  facet normal 0 -1 0
    outer loop
      vertex 0.0455909091 0.203555556 0.003
      vertex 0.0485909091 0.203555556 0.011
      vertex 0.0455909091 0.203555556 0.011
    endloop
  endfacet
  facet normal 0 0 -1
    outer loop
      vertex 0.0721363636 0.0254444444 0.003
      vertex 0.0691363636 0.0508888889 0.003
      vertex 0.0721363636 0.0508888889 0.003
    endloop
  endfacet
  facet normal 0 0 -1
    outer loop
      vertex 0.0721363636 0.0254444444 0.003
      vertex 0.0691363636 0.0254444444 0.003
      vertex 0.0691363636 0.0508888889 0.003
    endloop
  endfacet
  facet normal 0 -0 1
    outer loop
      vertex 0.0721363636 0.0254444444 0.011
      vertex 0.0721363636 0.0508888889 0.011
      vertex 0.0691363636 0.0508888889 0.011
    endloop
  endfacet
  facet normal 0 0 1
    outer loop
      vertex 0.0721363636 0.0254444444 0.011
      vertex 0.0691363636 0.0508888889 0.011
      vertex 0.0691363636 0.0254444444 0.011
    endloop
  endfacet
  facet normal 1 0 0
    outer loop
      vertex 0.0721363636 0.0254444444 0.003
      vertex 0.0721363636 0.0508888889 0.003
      vertex 0.0721363636 0.0508888889 0.011
    endloop
  endfacet
  facet normal 1 0 0
    outer loop
      vertex 0.0721363636 0.0254444444 0.003
      vertex 0.0721363636 0.0508888889 0.011
      vertex 0.0721363636 0.0254444444 0.011
    endloop
  endfacet
  facet normal 0 1 0
    outer loop
      vertex 0.0721363636 0.0508888889 0.003
      vertex 0.0691363636 0.0508888889 0.003
      vertex 0.0691363636 0.0508888889 0.011
    endloop
  endfacet
  facet normal 0 1 -0
    outer loop
      vertex 0.0721363636 0.0508888889 0.003
      vertex 0.0691363636 0.0508888889 0.011
      vertex 0.0721363636 0.0508888889 0.011
    endloop
  endfacet
  facet normal -1 0 0
    outer loop
      vertex 0.0691363636 0.0508888889 0.003
      vertex 0.0691363636 0.0254444444 0.003
      vertex 0.0691363636 0.0254444444 0.011
    endloop
  endfacet
  facet normal -1 0 0
    outer loop
      vertex 0.0691363636 0.0508888889 0.003
      vertex 0.0691363636 0.0254444444 0.011
      vertex 0.0691363636 0.0508888889 0.011
    endloop
  endfacet
  facet normal 0 -1 0
    outer loop
      vertex 0.0691363636 0.0254444444 0.003
      vertex 0.0721363636 0.0254444444 0.003
      vertex 0.0721363636 0.0254444444 0.011
    endloop
  endfacet
  facet normal 0 -1 0
    outer loop
      vertex 0.0691363636 0.0254444444 0.003
      vertex 0.0721363636 0.0254444444 0.011
      vertex 0.0691363636 0.0254444444 0.011
    endloop
  endfacet
  facet normal 0 0 -1
    outer loop
      vertex 0.0721363636 0.0763333333 0.003
      vertex 0.0691363636 0.101777778 0.003
      vertex 0.0721363636 0.101777778 0.003
    endloop
  endfacet
  facet normal 0 0 -1
    outer loop
      vertex 0.0721363636 0.0763333333 0.003
      vertex 0.0691363636 0.0763333333 0.003
      vertex 0.0691363636 0.101777778 0.003
    endloop
  endfacet
  facet normal 0 -0 1
    outer loop
      vertex 0.0721363636 0.0763333333 0.011
      vertex 0.0721363636 0.101777778 0.011
      vertex 0.0691363636 0.101777778 0.011
    endloop
  endfacet
  facet normal 0 0 1
    outer loop
      vertex 0.0721363636 0.0763333333 0.011
      vertex 0.0691363636 0.101777778 0.011
      vertex 0.0691363636 0.0763333333 0.011
    endloop
  endfacet
  facet normal 1 0 0
    outer loop
      vertex 0.0721363636 0.0763333333 0.003
      vertex 0.0721363636 0.101777778 0.003
      vertex 0.0721363636 0.101777778 0.011
    endloop
  endfacet
  facet normal 1 0 0
    outer loop
      vertex 0.0721363636 0.0763333333 0.003
      vertex 0.0721363636 0.101777778 0.011
      vertex 0.0721363636 0.0763333333 0.011
    endloop
  endfacet
  facet normal 0 1 0
    outer loop
      vertex 0.0721363636 0.101777778 0.003
      vertex 0.0691363636 0.101777778 0.003
      vertex 0.0691363636 0.101777778 0.011
    endloop
  endfacet
  facet normal 0 1 -0
    outer loop
      vertex 0.0721363636 0.101777778 0.003
      vertex 0.0691363636 0.101777778 0.011
      vertex 0.0721363636 0.101777778 0.011
    endloop
  endfacet
  facet normal -1 0 0
    outer loop
      vertex 0.0691363636 0.101777778 0.003
      vertex 0.0691363636 0.0763333333 0.003
      vertex 0.0691363636 0.0763333333 0.011
    endloop
  endfacet
  facet normal -1 0 0
    outer loop
      vertex 0.0691363636 0.101777778 0.003
      vertex 0.0691363636 0.0763333333 0.011
      vertex 0.0691363636 0.101777778 0.011
    endloop
  endfacet
  facet normal 0 -1 0
    outer loop
      vertex 0.0691363636 0.0763333333 0.003
      vertex 0.0721363636 0.0763333333 0.003
      vertex 0.0721363636 0.0763333333 0.011
    endloop
  endfacet
  facet normal 0 -1 0
    outer loop
      vertex 0.0691363636 0.0763333333 0.003
      vertex 0.0721363636 0.0763333333 0.011
      vertex 0.0691363636 0.0763333333 0.011
    endloop
  endfacet
  facet normal 0 0 -1
    outer loop
      vertex 0.0721363636 0.127222222 0.003
      vertex 0.0691363636 0.152666667 0.003
      vertex 0.0721363636 0.152666667 0.003
    endloop
  endfacet
  facet normal 0 0 -1
    outer loop
      vertex 0.0721363636 0.127222222 0.003
      vertex 0.0691363636 0.127222222 0.003
      vertex 0.0691363636 0.152666667 0.003
    endloop
  endfacet
  facet normal 0 -0 1
    outer loop
      vertex 0.0721363636 0.127222222 0.011
      vertex 0.0721363636 0.152666667 0.011
      vertex 0.0691363636 0.152666667 0.011
    endloop
  endfacet
  facet normal 0 0 1
    outer loop
      vertex 0.0721363636 0.127222222 0.011
      vertex 0.0691363636 0.152666667 0.011
      vertex 0.0691363636 0.127222222 0.011
    endloop
  endfacet
  facet normal 1 0 0
    outer loop
      vertex 0.0721363636 0.127222222 0.003
      vertex 0.0721363636 0.152666667 0.003
      vertex 0.0721363636 0.152666667 0.011
    endloop
  endfacet
  facet normal 1 0 0
    outer loop
      vertex 0.0721363636 0.127222222 0.003
      vertex 0.0721363636 0.152666667 0.011
      vertex 0.0721363636 0.127222222 0.011
    endloop
  endfacet
  facet normal 0 1 0
    outer loop
      vertex 0.0721363636 0.152666667 0.003
      vertex 0.0691363636 0.152666667 0.003
      vertex 0.0691363636 0.152666667 0.011
    endloop
  endfacet
  facet normal 0 1 -0
    outer loop
      vertex 0.0721363636 0.152666667 0.003
      vertex 0.0691363636 0.152666667 0.011
      vertex 0.0721363636 0.152666667 0.011
    endloop
  endfacet
  facet normal -1 0 0
    outer loop
      vertex 0.0691363636 0.152666667 0.003
      vertex 0.0691363636 0.127222222 0.003
      vertex 0.0691363636 0.127222222 0.011
    endloop
  endfacet
  facet normal -1 0 0
    outer loop
      vertex 0.0691363636 0.152666667 0.003
      vertex 0.0691363636 0.127222222 0.011
      vertex 0.0691363636 0.152666667 0.011
    endloop
  endfacet
  facet normal 0 -1 0
    outer loop
      vertex 0.0691363636 0.127222222 0.003
      vertex 0.0721363636 0.127222222 0.003
      vertex 0.0721363636 0.127222222 0.011
    endloop
  endfacet
  facet normal 0 -1 0
    outer loop
      vertex 0.0691363636 0.127222222 0.003
      vertex 0.0721363636 0.127222222 0.011
      vertex 0.0691363636 0.127222222 0.011
    endloop
  endfacet
  facet normal 0 0 -1
    outer loop
      vertex 0.0721363636 0.178111111 0.003
      vertex 0.0691363636 0.203555556 0.003
      vertex 0.0721363636 0.203555556 0.003
    endloop
  endfacet
  facet normal 0 0 -1
    outer loop
      vertex 0.0721363636 0.178111111 0.003
      vertex 0.0691363636 0.178111111 0.003
      vertex 0.0691363636 0.203555556 0.003
    endloop
  endfacet
  facet normal 0 -0 1
    outer loop
      vertex 0.0721363636 0.178111111 0.011
      vertex 0.0721363636 0.203555556 0.011
      vertex 0.0691363636 0.203555556 0.011
    endloop
  endfacet
  facet normal 0 0 1
    outer loop
      vertex 0.0721363636 0.178111111 0.011
      vertex 0.0691363636 0.203555556 0.011
      vertex 0.0691363636 0.178111111 0.011
    endloop
  endfacet
  facet normal 1 0 0
    outer loop
      vertex 0.0721363636 0.178111111 0.003
      vertex 0.0721363636 0.203555556 0.003
      vertex 0.0721363636 0.203555556 0.011
    endloop
  endfacet
  facet normal 1 0 0
    outer loop
      vertex 0.0721363636 0.178111111 0.003
      vertex 0.0721363636 0.203555556 0.011
      vertex 0.0721363636 0.178111111 0.011
    endloop
  endfacet
  facet normal 0 1 0
    outer loop
      vertex 0.0721363636 0.203555556 0.003
      vertex 0.0691363636 0.203555556 0.003
      vertex 0.0691363636 0.203555556 0.011
    endloop
  endfacet
  facet normal 0 1 -0
    outer loop
      vertex 0.0721363636 0.203555556 0.003
      vertex 0.0691363636 0.203555556 0.011
      vertex 0.0721363636 0.203555556 0.011
    endloop
  endfacet
  facet normal -1 0 0
    outer loop
      vertex 0.0691363636 0.203555556 0.003
      vertex 0.0691363636 0.178111111 0.003
      vertex 0.0691363636 0.178111111 0.011
    endloop
  endfacet
  facet normal -1 0 0
    outer loop
      vertex 0.0691363636 0.203555556 0.003
      vertex 0.0691363636 0.178111111 0.011
      vertex 0.0691363636 0.203555556 0.011
    endloop
  endfacet
  facet normal 0 -1 0
    outer loop
      vertex 0.0691363636 0.178111111 0.003
      vertex 0.0721363636 0.178111111 0.003
      vertex 0.0721363636 0.178111111 0.011
    endloop
  endfacet
  facet normal 0 -1 0
    outer loop
      vertex 0.0691363636 0.178111111 0.003
      vertex 0.0721363636 0.178111111 0.011
      vertex 0.0691363636 0.178111111 0.011
    endloop
  endfacet
  facet normal 0 0 -1
    outer loop
      vertex 0.0956818182 0.0254444444 0.003
      vertex 0.0926818182 0.0763333333 0.003
      vertex 0.0956818182 0.0763333333 0.003
    endloop
  endfacet
  facet normal 0 0 -1
    outer loop
      vertex 0.0956818182 0.0254444444 0.003
      vertex 0.0926818182 0.0254444444 0.003
      vertex 0.0926818182 0.0763333333 0.003
    endloop
  endfacet
  facet normal 0 -0 1
    outer loop
      vertex 0.0956818182 0.0254444444 0.011
      vertex 0.0956818182 0.0763333333 0.011
      vertex 0.0926818182 0.0763333333 0.011
    endloop
  endfacet
  facet normal 0 0 1
    outer loop
      vertex 0.0956818182 0.0254444444 0.011
      vertex 0.0926818182 0.0763333333 0.011
      vertex 0.0926818182 0.0254444444 0.011
    endloop
  endfacet
  facet normal 1 0 0
    outer loop
      vertex 0.0956818182 0.0254444444 0.003
      vertex 0.0956818182 0.0763333333 0.003
      vertex 0.0956818182 0.0763333333 0.011
    endloop
  endfacet
  facet normal 1 0 0
    outer loop
      vertex 0.0956818182 0.0254444444 0.003
      vertex 0.0956818182 0.0763333333 0.011
      vertex 0.0956818182 0.0254444444 0.011
    endloop
  endfacet
  facet normal 0 1 0
    outer loop
      vertex 0.0956818182 0.0763333333 0.003
      vertex 0.0926818182 0.0763333333 0.003
      vertex 0.0926818182 0.0763333333 0.011
    endloop
  endfacet
  facet normal 0 1 -0
    outer loop
      vertex 0.0956818182 0.0763333333 0.003
      vertex 0.0926818182 0.0763333333 0.011
      vertex 0.0956818182 0.0763333333 0.011
    endloop
  endfacet
  facet normal -1 0 0
    outer loop
      vertex 0.0926818182 0.0763333333 0.003
      vertex 0.0926818182 0.0254444444 0.003
      vertex 0.0926818182 0.0254444444 0.011
    endloop
  endfacet
  facet normal -1 0 0
    outer loop
      vertex 0.0926818182 0.0763333333 0.003
      vertex 0.0926818182 0.0254444444 0.011
      vertex 0.0926818182 0.0763333333 0.011
    endloop
  endfacet
  facet normal 0 -1 0
    outer loop
      vertex 0.0926818182 0.0254444444 0.003
      vertex 0.0956818182 0.0254444444 0.003
      vertex 0.0956818182 0.0254444444 0.011
    endloop
  endfacet
  facet normal 0 -1 0
    outer loop
      vertex 0.0926818182 0.0254444444 0.003
      vertex 0.0956818182 0.0254444444 0.011
      vertex 0.0926818182 0.0254444444 0.011
    endloop
  endfacet
  facet normal 0 0 -1
    outer loop
      vertex 0.0956818182 0.101777778 0.003
      vertex 0.0926818182 0.127222222 0.003
      vertex 0.0956818182 0.127222222 0.003
    endloop
  endfacet
  facet normal 0 0 -1
    outer loop
      vertex 0.0956818182 0.101777778 0.003
      vertex 0.0926818182 0.101777778 0.003
      vertex 0.0926818182 0.127222222 0.003
    endloop
  endfacet
  facet normal 0 -0 1
    outer loop
      vertex 0.0956818182 0.101777778 0.011
      vertex 0.0956818182 0.127222222 0.011
      vertex 0.0926818182 0.127222222 0.011
    endloop
  endfacet
  facet normal 0 0 1
    outer loop
      vertex 0.0956818182 0.101777778 0.011
      vertex 0.0926818182 0.127222222 0.011
      vertex 0.0926818182 0.101777778 0.011
    endloop
  endfacet
  facet normal 1 0 0
    outer loop
      vertex 0.0956818182 0.101777778 0.003
      vertex 0.0956818182 0.127222222 0.003
      vertex 0.0956818182 0.127222222 0.011
    endloop
  endfacet
  facet normal 1 0 0
    outer loop
      vertex 0.0956818182 0.101777778 0.003
      vertex 0.0956818182 0.127222222 0.011
      vertex 0.0956818182 0.101777778 0.011
    endloop
  endfacet
  facet normal 0 1 0
    outer loop
      vertex 0.0956818182 0.127222222 0.003
      vertex 0.0926818182 0.127222222 0.003
      vertex 0.0926818182 0.127222222 0.011
    endloop
  endfacet
  facet normal 0 1 -0
    outer loop
      vertex 0.0956818182 0.127222222 0.003
      vertex 0.0926818182 0.127222222 0.011
      vertex 0.0956818182 0.127222222 0.011
    endloop
  endfacet
  facet normal -1 0 0
    outer loop
      vertex 0.0926818182 0.127222222 0.003
      vertex 0.0926818182 0.101777778 0.003
      vertex 0.0926818182 0.101777778 0.011
    endloop
  endfacet
  facet normal -1 0 0
    outer loop
      vertex 0.0926818182 0.127222222 0.003
      vertex 0.0926818182 0.101777778 0.011
      vertex 0.0926818182 0.127222222 0.011
    endloop
  endfacet
  facet normal 0 -1 0
    outer loop
      vertex 0.0926818182 0.101777778 0.003
      vertex 0.0956818182 0.101777778 0.003
      vertex 0.0956818182 0.101777778 0.011
    endloop
  endfacet
  facet normal 0 -1 0
    outer loop
      vertex 0.0926818182 0.101777778 0.003
      vertex 0.0956818182 0.101777778 0.011
      vertex 0.0926818182 0.101777778 0.011
    endloop
  endfacet
  facet normal 0 0 -1
    outer loop
      vertex 0.0956818182 0.152666667 0.003
      vertex 0.0926818182 0.178111111 0.003
      vertex 0.0956818182 0.178111111 0.003
    endloop
  endfacet
  facet normal 0 0 -1
    outer loop
      vertex 0.0956818182 0.152666667 0.003
      vertex 0.0926818182 0.152666667 0.003
      vertex 0.0926818182 0.178111111 0.003
    endloop
  endfacet
  facet normal 0 -0 1
    outer loop
      vertex 0.0956818182 0.152666667 0.011
      vertex 0.0956818182 0.178111111 0.011
      vertex 0.0926818182 0.178111111 0.011
    endloop
  endfacet
  facet normal 0 0 1
    outer loop
      vertex 0.0956818182 0.152666667 0.011
      vertex 0.0926818182 0.178111111 0.011
      vertex 0.0926818182 0.152666667 0.011
    endloop
  endfacet
  facet normal 1 0 0
    outer loop
      vertex 0.0956818182 0.152666667 0.003
      vertex 0.0956818182 0.178111111 0.003
      vertex 0.0956818182 0.178111111 0.011
    endloop
  endfacet
  facet normal 1 0 0
    outer loop
      vertex 0.0956818182 0.152666667 0.003
      vertex 0.0956818182 0.178111111 0.011
      vertex 0.0956818182 0.152666667 0.011
    endloop
  endfacet
  facet normal 0 1 0
    outer loop
      vertex 0.0956818182 0.178111111 0.003
      vertex 0.0926818182 0.178111111 0.003
      vertex 0.0926818182 0.178111111 0.011
    endloop
  endfacet
  facet normal 0 1 -0
    outer loop
      vertex 0.0956818182 0.178111111 0.003
      vertex 0.0926818182 0.178111111 0.011
      vertex 0.0956818182 0.178111111 0.011
    endloop
  endfacet
  facet normal -1 0 0
    outer loop
      vertex 0.0926818182 0.178111111 0.003
      vertex 0.0926818182 0.152666667 0.003
      vertex 0.0926818182 0.152666667 0.011
    endloop
  endfacet
  facet normal -1 0 0
    outer loop
      vertex 0.0926818182 0.178111111 0.003
      vertex 0.0926818182 0.152666667 0.011
      vertex 0.0926818182 0.178111111 0.011
    endloop
  endfacet
  facet normal 0 -1 0
    outer loop
      vertex 0.0926818182 0.152666667 0.003
      vertex 0.0956818182 0.152666667 0.003
      vertex 0.0956818182 0.152666667 0.011
    endloop
  endfacet
  facet normal 0 -1 0
    outer loop
      vertex 0.0926818182 0.152666667 0.003
      vertex 0.0956818182 0.152666667 0.011
      vertex 0.0926818182 0.152666667 0.011
    endloop
  endfacet
  facet normal 0 0 -1
    outer loop
      vertex 0.119227273 0 0.003
      vertex 0.116227273 0.0254444444 0.003
      vertex 0.119227273 0.0254444444 0.003
    endloop
  endfacet
  facet normal 0 0 -1
    outer loop
      vertex 0.119227273 0 0.003
      vertex 0.116227273 0 0.003
      vertex 0.116227273 0.0254444444 0.003
    endloop
  endfacet
  facet normal 0 -0 1
    outer loop
      vertex 0.119227273 0 0.011
      vertex 0.119227273 0.0254444444 0.011
      vertex 0.116227273 0.0254444444 0.011
    endloop
  endfacet
  facet normal 0 0 1
    outer loop
      vertex 0.119227273 0 0.011
      vertex 0.116227273 0.0254444444 0.011
      vertex 0.116227273 0 0.011
    endloop
  endfacet
  facet normal 1 0 0
    outer loop
      vertex 0.119227273 0 0.003
      vertex 0.119227273 0.0254444444 0.003
      vertex 0.119227273 0.0254444444 0.011
    endloop
  endfacet
  facet normal 1 0 0
    outer loop
      vertex 0.119227273 0 0.003
      vertex 0.119227273 0.0254444444 0.011
      vertex 0.119227273 0 0.011
    endloop
  endfacet
  facet normal 0 1 0
    outer loop
      vertex 0.119227273 0.0254444444 0.003
      vertex 0.116227273 0.0254444444 0.003
      vertex 0.116227273 0.0254444444 0.011
    endloop
  endfacet
  facet normal 0 1 -0
    outer loop
      vertex 0.119227273 0.0254444444 0.003
      vertex 0.116227273 0.0254444444 0.011
      vertex 0.119227273 0.0254444444 0.011
    endloop
  endfacet
  facet normal -1 0 0
    outer loop
      vertex 0.116227273 0.0254444444 0.003
      vertex 0.116227273 0 0.003
      vertex 0.116227273 0 0.011
    endloop
  endfacet
  facet normal -1 0 0
    outer loop
      vertex 0.116227273 0.0254444444 0.003
      vertex 0.116227273 0 0.011
      vertex 0.116227273 0.0254444444 0.011
    endloop
  endfacet
  facet normal 0 -1 0
    outer loop
      vertex 0.116227273 0 0.003
      vertex 0.119227273 0 0.003
      vertex 0.119227273 0 0.011
    endloop
  endfacet
  facet normal 0 -1 0
    outer loop
      vertex 0.116227273 0 0.003
      vertex 0.119227273 0 0.011
      vertex 0.116227273 0 0.011
    endloop
  endfacet
  facet normal 0 0 -1
    outer loop
      vertex 0.119227273 0.0763333333 0.003
      vertex 0.116227273 0.101777778 0.003
      vertex 0.119227273 0.101777778 0.003
    endloop
  endfacet
  facet normal 0 0 -1
    outer loop
      vertex 0.119227273 0.0763333333 0.003
      vertex 0.116227273 0.0763333333 0.003
      vertex 0.116227273 0.101777778 0.003
    endloop
  endfacet
  facet normal 0 -0 1
    outer loop
      vertex 0.119227273 0.0763333333 0.011
      vertex 0.119227273 0.101777778 0.011
      vertex 0.116227273 0.101777778 0.011
    endloop
  endfacet
  facet normal 0 0 1
    outer loop
      vertex 0.119227273 0.0763333333 0.011
      vertex 0.116227273 0.101777778 0.011
      vertex 0.116227273 0.0763333333 0.011
    endloop
  endfacet
  facet normal 1 0 0
    outer loop
      vertex 0.119227273 0.0763333333 0.003
      vertex 0.119227273 0.101777778 0.003
      vertex 0.119227273 0.101777778 0.011
    endloop
  endfacet
  facet normal 1 0 0
    outer loop
      vertex 0.119227273 0.0763333333 0.003
      vertex 0.119227273 0.101777778 0.011
      vertex 0.119227273 0.0763333333 0.011
    endloop
  endfacet
  facet normal 0 1 0
    outer loop
      vertex 0.119227273 0.101777778 0.003
      vertex 0.116227273 0.101777778 0.003
      vertex 0.116227273 0.101777778 0.011
    endloop
  endfacet
  facet normal 0 1 -0
    outer loop
      vertex 0.119227273 0.101777778 0.003
      vertex 0.116227273 0.101777778 0.011
      vertex 0.119227273 0.101777778 0.011
    endloop
  endfacet
  facet normal -1 0 0
    outer loop
      vertex 0.116227273 0.101777778 0.003
      vertex 0.116227273 0.0763333333 0.003
      vertex 0.116227273 0.0763333333 0.011
    endloop
  endfacet
  facet normal -1 0 0
    outer loop
      vertex 0.116227273 0.101777778 0.003
      vertex 0.116227273 0.0763333333 0.011
      vertex 0.116227273 0.101777778 0.011
    endloop
  endfacet
  facet normal 0 -1 0
    outer loop
      vertex 0.116227273 0.0763333333 0.003
      vertex 0.119227273 0.0763333333 0.003
      vertex 0.119227273 0.0763333333 0.011
    endloop
  endfacet
  facet normal 0 -1 0
    outer loop
      vertex 0.116227273 0.0763333333 0.003
      vertex 0.119227273 0.0763333333 0.011
      vertex 0.116227273 0.0763333333 0.011
    endloop
  endfacet
  facet normal 0 0 -1
    outer loop
      vertex 0.119227273 0.127222222 0.003
      vertex 0.116227273 0.152666667 0.003
      vertex 0.119227273 0.152666667 0.003
    endloop
  endfacet
  facet normal 0 0 -1
    outer loop
      vertex 0.119227273 0.127222222 0.003
      vertex 0.116227273 0.127222222 0.003
      vertex 0.116227273 0.152666667 0.003
    endloop
  endfacet
  facet normal 0 -0 1
    outer loop
      vertex 0.119227273 0.127222222 0.011
      vertex 0.119227273 0.152666667 0.011
      vertex 0.116227273 0.152666667 0.011
    endloop
  endfacet
  facet normal 0 0 1
    outer loop
      vertex 0.119227273 0.127222222 0.011
      vertex 0.116227273 0.152666667 0.011
      vertex 0.116227273 0.127222222 0.011
    endloop
  endfacet
  facet normal 1 0 0
    outer loop
      vertex 0.119227273 0.127222222 0.003
      vertex 0.119227273 0.152666667 0.003
      vertex 0.119227273 0.152666667 0.011
    endloop
  endfacet
  facet normal 1 0 0
    outer loop
      vertex 0.119227273 0.127222222 0.003
      vertex 0.119227273 0.152666667 0.011
      vertex 0.119227273 0.127222222 0.011
    endloop
  endfacet
  facet normal 0 1 0
    outer loop
      vertex 0.119227273 0.152666667 0.003
      vertex 0.116227273 0.152666667 0.003
      vertex 0.116227273 0.152666667 0.011
    endloop
  endfacet
  facet normal 0 1 -0
    outer loop
      vertex 0.119227273 0.152666667 0.003
      vertex 0.116227273 0.152666667 0.011
      vertex 0.119227273 0.152666667 0.011
    endloop
  endfacet
  facet normal -1 0 0
    outer loop
      vertex 0.116227273 0.152666667 0.003
      vertex 0.116227273 0.127222222 0.003
      vertex 0.116227273 0.127222222 0.011
    endloop
  endfacet
  facet normal -1 0 0
    outer loop
      vertex 0.116227273 0.152666667 0.003
      vertex 0.116227273 0.127222222 0.011
      vertex 0.116227273 0.152666667 0.011
    endloop
  endfacet
  facet normal 0 -1 0
    outer loop
      vertex 0.116227273 0.127222222 0.003
      vertex 0.119227273 0.127222222 0.003
      vertex 0.119227273 0.127222222 0.011
    endloop
  endfacet
  facet normal 0 -1 0
    outer loop
      vertex 0.116227273 0.127222222 0.003
      vertex 0.119227273 0.127222222 0.011
      vertex 0.116227273 0.127222222 0.011
    endloop
  endfacet
  facet normal 0 0 -1
    outer loop
      vertex 0.142772727 0.0254444444 0.003
      vertex 0.139772727 0.0508888889 0.003
      vertex 0.142772727 0.0508888889 0.003
    endloop
  endfacet
  facet normal 0 0 -1
    outer loop
      vertex 0.142772727 0.0254444444 0.003
      vertex 0.139772727 0.0254444444 0.003
      vertex 0.139772727 0.0508888889 0.003
    endloop
  endfacet
  facet normal 0 -0 1
    outer loop
      vertex 0.142772727 0.0254444444 0.011
      vertex 0.142772727 0.0508888889 0.011
      vertex 0.139772727 0.0508888889 0.011
    endloop
  endfacet
  facet normal 0 0 1
    outer loop
      vertex 0.142772727 0.0254444444 0.011
      vertex 0.139772727 0.0508888889 0.011
      vertex 0.139772727 0.0254444444 0.011
    endloop
  endfacet
  facet normal 1 0 0
    outer loop
      vertex 0.142772727 0.0254444444 0.003
      vertex 0.142772727 0.0508888889 0.003
      vertex 0.142772727 0.0508888889 0.011
    endloop
  endfacet
  facet normal 1 0 0
    outer loop
      vertex 0.142772727 0.0254444444 0.003
      vertex 0.142772727 0.0508888889 0.011
      vertex 0.142772727 0.0254444444 0.011
    endloop
  endfacet
  facet normal 0 1 0
    outer loop
      vertex 0.142772727 0.0508888889 0.003
      vertex 0.139772727 0.0508888889 0.003
      vertex 0.139772727 0.0508888889 0.011
    endloop
  endfacet
  facet normal 0 1 -0
    outer loop
      vertex 0.142772727 0.0508888889 0.003
      vertex 0.139772727 0.0508888889 0.011
      vertex 0.142772727 0.0508888889 0.011
    endloop
  endfacet
  facet normal -1 0 0
    outer loop
      vertex 0.139772727 0.0508888889 0.003
      vertex 0.139772727 0.0254444444 0.003
      vertex 0.139772727 0.0254444444 0.011
    endloop
  endfacet
  facet normal -1 0 0
    outer loop
      vertex 0.139772727 0.0508888889 0.003
      vertex 0.139772727 0.0254444444 0.011
      vertex 0.139772727 0.0508888889 0.011
    endloop
  endfacet
  facet normal 0 -1 0
    outer loop
      vertex 0.139772727 0.0254444444 0.003
      vertex 0.142772727 0.0254444444 0.003
      vertex 0.142772727 0.0254444444 0.011
    endloop
  endfacet
  facet normal 0 -1 0
    outer loop
      vertex 0.139772727 0.0254444444 0.003
      vertex 0.142772727 0.0254444444 0.011
      vertex 0.139772727 0.0254444444 0.011
    endloop
  endfacet
  facet normal 0 0 -1
    outer loop
      vertex 0.142772727 0.152666667 0.003
      vertex 0.139772727 0.229 0.003
      vertex 0.142772727 0.229 0.003
    endloop
  endfacet
  facet normal 0 0 -1
    outer loop
      vertex 0.142772727 0.152666667 0.003
      vertex 0.139772727 0.152666667 0.003
      vertex 0.139772727 0.229 0.003
    endloop
  endfacet
  facet normal 0 -0 1
    outer loop
      vertex 0.142772727 0.152666667 0.011
      vertex 0.142772727 0.229 0.011
      vertex 0.139772727 0.229 0.011
    endloop
  endfacet
  facet normal 0 0 1
    outer loop
      vertex 0.142772727 0.152666667 0.011
      vertex 0.139772727 0.229 0.011
      vertex 0.139772727 0.152666667 0.011
    endloop
  endfacet
  facet normal 1 0 0
    outer loop
      vertex 0.142772727 0.152666667 0.003
      vertex 0.142772727 0.229 0.003
      vertex 0.142772727 0.229 0.011
    endloop
  endfacet
  facet normal 1 0 0
    outer loop
      vertex 0.142772727 0.152666667 0.003
      vertex 0.142772727 0.229 0.011
      vertex 0.142772727 0.152666667 0.011
    endloop
  endfacet
  facet normal 0 1 0
    outer loop
      vertex 0.142772727 0.229 0.003
      vertex 0.139772727 0.229 0.003
      vertex 0.139772727 0.229 0.011
    endloop
  endfacet
  facet normal 0 1 -0
    outer loop
      vertex 0.142772727 0.229 0.003
      vertex 0.139772727 0.229 0.011
      vertex 0.142772727 0.229 0.011
    endloop
  endfacet
  facet normal -1 0 0
    outer loop
      vertex 0.139772727 0.229 0.003
      vertex 0.139772727 0.152666667 0.003
      vertex 0.139772727 0.152666667 0.011
    endloop
  endfacet
  facet normal -1 0 0
    outer loop
      vertex 0.139772727 0.229 0.003
      vertex 0.139772727 0.152666667 0.011
      vertex 0.139772727 0.229 0.011
    endloop
  endfacet
  facet normal 0 -1 0
    outer loop
      vertex 0.139772727 0.152666667 0.003
      vertex 0.142772727 0.152666667 0.003
      vertex 0.142772727 0.152666667 0.011
    endloop
  endfacet
  facet normal 0 -1 0
    outer loop
      vertex 0.139772727 0.152666667 0.003
      vertex 0.142772727 0.152666667 0.011
      vertex 0.139772727 0.152666667 0.011
    endloop
  endfacet
  facet normal 0 0 -1
    outer loop
      vertex 0.166318182 0 0.003
      vertex 0.163318182 0.0254444444 0.003
      vertex 0.166318182 0.0254444444 0.003
    endloop
  endfacet
  facet normal 0 0 -1
    outer loop
      vertex 0.166318182 0 0.003
      vertex 0.163318182 0 0.003
      vertex 0.163318182 0.0254444444 0.003
    endloop
  endfacet
  facet normal 0 -0 1
    outer loop
      vertex 0.166318182 0 0.011
      vertex 0.166318182 0.0254444444 0.011
      vertex 0.163318182 0.0254444444 0.011
    endloop
  endfacet
  facet normal 0 0 1
    outer loop
      vertex 0.166318182 0 0.011
      vertex 0.163318182 0.0254444444 0.011
      vertex 0.163318182 0 0.011
    endloop
  endfacet
  facet normal 1 0 0
    outer loop
      vertex 0.166318182 0 0.003
      vertex 0.166318182 0.0254444444 0.003
      vertex 0.166318182 0.0254444444 0.011
    endloop
  endfacet
  facet normal 1 0 0
    outer loop
      vertex 0.166318182 0 0.003
      vertex 0.166318182 0.0254444444 0.011
      vertex 0.166318182 0 0.011
    endloop
  endfacet
  facet normal 0 1 0
    outer loop
      vertex 0.166318182 0.0254444444 0.003
      vertex 0.163318182 0.0254444444 0.003
      vertex 0.163318182 0.0254444444 0.011
    endloop
  endfacet
  facet normal 0 1 -0
    outer loop
      vertex 0.166318182 0.0254444444 0.003
      vertex 0.163318182 0.0254444444 0.011
      vertex 0.166318182 0.0254444444 0.011
    endloop
  endfacet
  facet normal -1 0 0
    outer loop
      vertex 0.163318182 0.0254444444 0.003
      vertex 0.163318182 0 0.003
      vertex 0.163318182 0 0.011
    endloop
  endfacet
  facet normal -1 0 0
    outer loop
      vertex 0.163318182 0.0254444444 0.003
      vertex 0.163318182 0 0.011
      vertex 0.163318182 0.0254444444 0.011
    endloop
  endfacet
  facet normal 0 -1 0
    outer loop
      vertex 0.163318182 0 0.003
      vertex 0.166318182 0 0.003
      vertex 0.166318182 0 0.011
    endloop
  endfacet
  facet normal 0 -1 0
    outer loop
      vertex 0.163318182 0 0.003
      vertex 0.166318182 0 0.011
      vertex 0.163318182 0 0.011
    endloop
  endfacet
  facet normal 0 0 -1
    outer loop
      vertex 0.166318182 0.0508888889 0.003
      vertex 0.163318182 0.0763333333 0.003
      vertex 0.166318182 0.0763333333 0.003
    endloop
  endfacet
  facet normal 0 0 -1
    outer loop
      vertex 0.166318182 0.0508888889 0.003
      vertex 0.163318182 0.0508888889 0.003
      vertex 0.163318182 0.0763333333 0.003
    endloop
  endfacet
  facet normal 0 -0 1
    outer loop
      vertex 0.166318182 0.0508888889 0.011
      vertex 0.166318182 0.0763333333 0.011
      vertex 0.163318182 0.0763333333 0.011
    endloop
  endfacet
  facet normal 0 0 1
    outer loop
      vertex 0.166318182 0.0508888889 0.011
      vertex 0.163318182 0.0763333333 0.011
      vertex 0.163318182 0.0508888889 0.011
    endloop
  endfacet
  facet normal 1 0 0
    outer loop
      vertex 0.166318182 0.0508888889 0.003
      vertex 0.166318182 0.0763333333 0.003
      vertex 0.166318182 0.0763333333 0.011
    endloop
  endfacet
  facet normal 1 0 0
    outer loop
      vertex 0.166318182 0.0508888889 0.003
      vertex 0.166318182 0.0763333333 0.011
      vertex 0.166318182 0.0508888889 0.011
    endloop
  endfacet
  facet normal 0 1 0
    outer loop
      vertex 0.166318182 0.0763333333 0.003
      vertex 0.163318182 0.0763333333 0.003
      vertex 0.163318182 0.0763333333 0.011
    endloop
  endfacet
  facet normal 0 1 -0
    outer loop
      vertex 0.166318182 0.0763333333 0.003
      vertex 0.163318182 0.0763333333 0.011
      vertex 0.166318182 0.0763333333 0.011
    endloop
  endfacet
  facet normal -1 0 0
    outer loop
      vertex 0.163318182 0.0763333333 0.003
      vertex 0.163318182 0.0508888889 0.003
      vertex 0.163318182 0.0508888889 0.011
    endloop
  endfacet
  facet normal -1 0 0
    outer loop
      vertex 0.163318182 0.0763333333 0.003
      vertex 0.163318182 0.0508888889 0.011
      vertex 0.163318182 0.0763333333 0.011
    endloop
  endfacet
  facet normal 0 -1 0
    outer loop
      vertex 0.163318182 0.0508888889 0.003
      vertex 0.166318182 0.0508888889 0.003
      vertex 0.166318182 0.0508888889 0.011
    endloop
  endfacet
  facet normal 0 -1 0
    outer loop
      vertex 0.163318182 0.0508888889 0.003
      vertex 0.166318182 0.0508888889 0.011
      vertex 0.163318182 0.0508888889 0.011
    endloop
  endfacet
  facet normal 0 0 -1
    outer loop
      vertex 0.166318182 0.101777778 0.003
      vertex 0.163318182 0.152666667 0.003
      vertex 0.166318182 0.152666667 0.003
    endloop
  endfacet
  facet normal 0 0 -1
    outer loop
      vertex 0.166318182 0.101777778 0.003
      vertex 0.163318182 0.101777778 0.003
      vertex 0.163318182 0.152666667 0.003
    endloop
  endfacet
  facet normal 0 -0 1
    outer loop
      vertex 0.166318182 0.101777778 0.011
      vertex 0.166318182 0.152666667 0.011
      vertex 0.163318182 0.152666667 0.011
    endloop
  endfacet
  facet normal 0 0 1
    outer loop
      vertex 0.166318182 0.101777778 0.011
      vertex 0.163318182 0.152666667 0.011
      vertex 0.163318182 0.101777778 0.011
    endloop
  endfacet
  facet normal 1 0 0
    outer loop
      vertex 0.166318182 0.101777778 0.003
      vertex 0.166318182 0.152666667 0.003
      vertex 0.166318182 0.152666667 0.011
    endloop
  endfacet
  facet normal 1 0 0
    outer loop
      vertex 0.166318182 0.101777778 0.003
      vertex 0.166318182 0.152666667 0.011
      vertex 0.166318182 0.101777778 0.011
    endloop
  endfacet
  facet normal 0 1 0
    outer loop
      vertex 0.166318182 0.152666667 0.003
      vertex 0.163318182 0.152666667 0.003
      vertex 0.163318182 0.152666667 0.011
    endloop
  endfacet
  facet normal 0 1 -0
    outer loop
      vertex 0.166318182 0.152666667 0.003
      vertex 0.163318182 0.152666667 0.011
      vertex 0.166318182 0.152666667 0.011
    endloop
  endfacet
  facet normal -1 0 0
    outer loop
      vertex 0.163318182 0.152666667 0.003
      vertex 0.163318182 0.101777778 0.003
      vertex 0.163318182 0.101777778 0.011
    endloop
  endfacet
  facet normal -1 0 0
    outer loop
      vertex 0.163318182 0.152666667 0.003
      vertex 0.163318182 0.101777778 0.011
      vertex 0.163318182 0.152666667 0.011
    endloop
  endfacet
  facet normal 0 -1 0
    outer loop
      vertex 0.163318182 0.101777778 0.003
      vertex 0.166318182 0.101777778 0.003
      vertex 0.166318182 0.101777778 0.011
    endloop
  endfacet
  facet normal 0 -1 0
    outer loop
      vertex 0.163318182 0.101777778 0.003
      vertex 0.166318182 0.101777778 0.011
      vertex 0.163318182 0.101777778 0.011
    endloop
  endfacet
  facet normal 0 0 -1
    outer loop
      vertex 0.166318182 0.178111111 0.003
      vertex 0.163318182 0.203555556 0.003
      vertex 0.166318182 0.203555556 0.003
    endloop
  endfacet
  facet normal 0 0 -1
    outer loop
      vertex 0.166318182 0.178111111 0.003
      vertex 0.163318182 0.178111111 0.003
      vertex 0.163318182 0.203555556 0.003
    endloop
  endfacet
  facet normal 0 -0 1
    outer loop
      vertex 0.166318182 0.178111111 0.011
      vertex 0.166318182 0.203555556 0.011
      vertex 0.163318182 0.203555556 0.011
    endloop
  endfacet
  facet normal 0 0 1
    outer loop
      vertex 0.166318182 0.178111111 0.011
      vertex 0.163318182 0.203555556 0.011
      vertex 0.163318182 0.178111111 0.011
    endloop
  endfacet
  facet normal 1 0 0
    outer loop
      vertex 0.166318182 0.178111111 0.003
      vertex 0.166318182 0.203555556 0.003
      vertex 0.166318182 0.203555556 0.011
    endloop
  endfacet
  facet normal 1 0 0
    outer loop
      vertex 0.166318182 0.178111111 0.003
      vertex 0.166318182 0.203555556 0.011
      vertex 0.166318182 0.178111111 0.011
    endloop
  endfacet
  facet normal 0 1 0
    outer loop
      vertex 0.166318182 0.203555556 0.003
      vertex 0.163318182 0.203555556 0.003
      vertex 0.163318182 0.203555556 0.011
    endloop
  endfacet
  facet normal 0 1 -0
    outer loop
      vertex 0.166318182 0.203555556 0.003
      vertex 0.163318182 0.203555556 0.011
      vertex 0.166318182 0.203555556 0.011
    endloop
  endfacet
  facet normal -1 0 0
    outer loop
      vertex 0.163318182 0.203555556 0.003
      vertex 0.163318182 0.178111111 0.003
      vertex 0.163318182 0.178111111 0.011
    endloop
  endfacet
  facet normal -1 0 0
    outer loop
      vertex 0.163318182 0.203555556 0.003
      vertex 0.163318182 0.178111111 0.011
      vertex 0.163318182 0.203555556 0.011
    endloop
  endfacet
  facet normal 0 -1 0
    outer loop
      vertex 0.163318182 0.178111111 0.003
      vertex 0.166318182 0.178111111 0.003
      vertex 0.166318182 0.178111111 0.011
    endloop
  endfacet
  facet normal 0 -1 0
    outer loop
      vertex 0.163318182 0.178111111 0.003
      vertex 0.166318182 0.178111111 0.011
      vertex 0.163318182 0.178111111 0.011
    endloop
  endfacet
  facet normal 0 0 -1
    outer loop
      vertex 0.189863636 0.0763333333 0.003
      vertex 0.186863636 0.101777778 0.003
      vertex 0.189863636 0.101777778 0.003
    endloop
  endfacet
  facet normal 0 0 -1
    outer loop
      vertex 0.189863636 0.0763333333 0.003
      vertex 0.186863636 0.0763333333 0.003
      vertex 0.186863636 0.101777778 0.003
    endloop
  endfacet
  facet normal 0 -0 1
    outer loop
      vertex 0.189863636 0.0763333333 0.011
      vertex 0.189863636 0.101777778 0.011
      vertex 0.186863636 0.101777778 0.011
    endloop
  endfacet
  facet normal 0 0 1
    outer loop
      vertex 0.189863636 0.0763333333 0.011
      vertex 0.186863636 0.101777778 0.011
      vertex 0.186863636 0.0763333333 0.011
    endloop
  endfacet
  facet normal 1 0 0
    outer loop
      vertex 0.189863636 0.0763333333 0.003
      vertex 0.189863636 0.101777778 0.003
      vertex 0.189863636 0.101777778 0.011
    endloop
  endfacet
  facet normal 1 0 0
    outer loop
      vertex 0.189863636 0.0763333333 0.003
      vertex 0.189863636 0.101777778 0.011
      vertex 0.189863636 0.0763333333 0.011
    endloop
  endfacet
  facet normal 0 1 0
    outer loop
      vertex 0.189863636 0.101777778 0.003
      vertex 0.186863636 0.101777778 0.003
      vertex 0.186863636 0.101777778 0.011
    endloop
  endfacet
  facet normal 0 1 -0
    outer loop
      vertex 0.189863636 0.101777778 0.003
      vertex 0.186863636 0.101777778 0.011
      vertex 0.189863636 0.101777778 0.011
    endloop
  endfacet
  facet normal -1 0 0
    outer loop
      vertex 0.186863636 0.101777778 0.003
      vertex 0.186863636 0.0763333333 0.003
      vertex 0.186863636 0.0763333333 0.011
    endloop
  endfacet
  facet normal -1 0 0
    outer loop
      vertex 0.186863636 0.101777778 0.003
      vertex 0.186863636 0.0763333333 0.011
      vertex 0.186863636 0.101777778 0.011
    endloop
  endfacet
  facet normal 0 -1 0
    outer loop
      vertex 0.186863636 0.0763333333 0.003
      vertex 0.189863636 0.0763333333 0.003
      vertex 0.189863636 0.0763333333 0.011
    endloop
  endfacet
  facet normal 0 -1 0
    outer loop
      vertex 0.186863636 0.0763333333 0.003
      vertex 0.189863636 0.0763333333 0.011
      vertex 0.186863636 0.0763333333 0.011
    endloop
  endfacet
  facet normal 0 0 -1
    outer loop
      vertex 0.213409091 0.0254444444 0.003
      vertex 0.210409091 0.0763333333 0.003
      vertex 0.213409091 0.0763333333 0.003
    endloop
  endfacet
  facet normal 0 0 -1
    outer loop
      vertex 0.213409091 0.0254444444 0.003
      vertex 0.210409091 0.0254444444 0.003
      vertex 0.210409091 0.0763333333 0.003
    endloop
  endfacet
  facet normal 0 -0 1
    outer loop
      vertex 0.213409091 0.0254444444 0.011
      vertex 0.213409091 0.0763333333 0.011
      vertex 0.210409091 0.0763333333 0.011
    endloop
  endfacet
  facet normal 0 0 1
    outer loop
      vertex 0.213409091 0.0254444444 0.011
      vertex 0.210409091 0.0763333333 0.011
      vertex 0.210409091 0.0254444444 0.011
    endloop
  endfacet
  facet normal 1 0 0
    outer loop
      vertex 0.213409091 0.0254444444 0.003
      vertex 0.213409091 0.0763333333 0.003
      vertex 0.213409091 0.0763333333 0.011
    endloop
  endfacet
  facet normal 1 0 0
    outer loop
      vertex 0.213409091 0.0254444444 0.003
      vertex 0.213409091 0.0763333333 0.011
      vertex 0.213409091 0.0254444444 0.011
    endloop
  endfacet
  facet normal 0 1 0
    outer loop
      vertex 0.213409091 0.0763333333 0.003
      vertex 0.210409091 0.0763333333 0.003
      vertex 0.210409091 0.0763333333 0.011
    endloop
  endfacet
  facet normal 0 1 -0
    outer loop
      vertex 0.213409091 0.0763333333 0.003
      vertex 0.210409091 0.0763333333 0.011
      vertex 0.213409091 0.0763333333 0.011
    endloop
  endfacet
  facet normal -1 0 0
    outer loop
      vertex 0.210409091 0.0763333333 0.003
      vertex 0.210409091 0.0254444444 0.003
      vertex 0.210409091 0.0254444444 0.011
    endloop
  endfacet
  facet normal -1 0 0
    outer loop
      vertex 0.210409091 0.0763333333 0.003
      vertex 0.210409091 0.0254444444 0.011
      vertex 0.210409091 0.0763333333 0.011
    endloop
  endfacet
  facet normal 0 -1 0
    outer loop
      vertex 0.210409091 0.0254444444 0.003
      vertex 0.213409091 0.0254444444 0.003
      vertex 0.213409091 0.0254444444 0.011
    endloop
  endfacet
  facet normal 0 -1 0
    outer loop
      vertex 0.210409091 0.0254444444 0.003
      vertex 0.213409091 0.0254444444 0.011
      vertex 0.210409091 0.0254444444 0.011
    endloop
  endfacet
  facet normal 0 0 -1
    outer loop
      vertex 0.236954545 0.0763333333 0.003
      vertex 0.233954545 0.101777778 0.003
      vertex 0.236954545 0.101777778 0.003
    endloop
  endfacet
  facet normal 0 0 -1
    outer loop
      vertex 0.236954545 0.0763333333 0.003
      vertex 0.233954545 0.0763333333 0.003
      vertex 0.233954545 0.101777778 0.003
    endloop
  endfacet
  facet normal 0 -0 1
    outer loop
      vertex 0.236954545 0.0763333333 0.011
      vertex 0.236954545 0.101777778 0.011
      vertex 0.233954545 0.101777778 0.011
    endloop
  endfacet
  facet normal 0 0 1
    outer loop
      vertex 0.236954545 0.0763333333 0.011
      vertex 0.233954545 0.101777778 0.011
      vertex 0.233954545 0.0763333333 0.011
    endloop
  endfacet
  facet normal 1 0 0
    outer loop
      vertex 0.236954545 0.0763333333 0.003
      vertex 0.236954545 0.101777778 0.003
      vertex 0.236954545 0.101777778 0.011
    endloop
  endfacet
  facet normal 1 0 0
    outer loop
      vertex 0.236954545 0.0763333333 0.003
      vertex 0.236954545 0.101777778 0.011
      vertex 0.236954545 0.0763333333 0.011
    endloop
  endfacet
  facet normal 0 1 0
    outer loop
      vertex 0.236954545 0.101777778 0.003
      vertex 0.233954545 0.101777778 0.003
      vertex 0.233954545 0.101777778 0.011
    endloop
  endfacet
  facet normal 0 1 -0
    outer loop
      vertex 0.236954545 0.101777778 0.003
      vertex 0.233954545 0.101777778 0.011
      vertex 0.236954545 0.101777778 0.011
    endloop
  endfacet
  facet normal -1 0 0
    outer loop
      vertex 0.233954545 0.101777778 0.003
      vertex 0.233954545 0.0763333333 0.003
      vertex 0.233954545 0.0763333333 0.011
    endloop
  endfacet
  facet normal -1 0 0
    outer loop
      vertex 0.233954545 0.101777778 0.003
      vertex 0.233954545 0.0763333333 0.011
      vertex 0.233954545 0.101777778 0.011
    endloop
  endfacet
  facet normal 0 -1 0
    outer loop
      vertex 0.233954545 0.0763333333 0.003
      vertex 0.236954545 0.0763333333 0.003
      vertex 0.236954545 0.0763333333 0.011
    endloop
  endfacet
  facet normal 0 -1 0
    outer loop
      vertex 0.233954545 0.0763333333 0.003
      vertex 0.236954545 0.0763333333 0.011
      vertex 0.233954545 0.0763333333 0.011
    endloop
  endfacet
  facet normal 0 0 -1
    outer loop
      vertex 0.236954545 0.203555556 0.003
      vertex 0.233954545 0.229 0.003
      vertex 0.236954545 0.229 0.003
    endloop
  endfacet
  facet normal 0 0 -1
    outer loop
      vertex 0.236954545 0.203555556 0.003
      vertex 0.233954545 0.203555556 0.003
      vertex 0.233954545 0.229 0.003
    endloop
  endfacet
  facet normal 0 -0 1
    outer loop
      vertex 0.236954545 0.203555556 0.011
      vertex 0.236954545 0.229 0.011
      vertex 0.233954545 0.229 0.011
    endloop
  endfacet
  facet normal 0 0 1
    outer loop
      vertex 0.236954545 0.203555556 0.011
      vertex 0.233954545 0.229 0.011
      vertex 0.233954545 0.203555556 0.011
    endloop
  endfacet
  facet normal 1 0 0
    outer loop
      vertex 0.236954545 0.203555556 0.003
      vertex 0.236954545 0.229 0.003
      vertex 0.236954545 0.229 0.011
    endloop
  endfacet
  facet normal 1 0 0
    outer loop
      vertex 0.236954545 0.203555556 0.003
      vertex 0.236954545 0.229 0.011
      vertex 0.236954545 0.203555556 0.011
    endloop
  endfacet
  facet normal 0 1 0
    outer loop
      vertex 0.236954545 0.229 0.003
      vertex 0.233954545 0.229 0.003
      vertex 0.233954545 0.229 0.011
    endloop
  endfacet
  facet normal 0 1 -0
    outer loop
      vertex 0.236954545 0.229 0.003
      vertex 0.233954545 0.229 0.011
      vertex 0.236954545 0.229 0.011
    endloop
  endfacet
  facet normal -1 0 0
    outer loop
      vertex 0.233954545 0.229 0.003
      vertex 0.233954545 0.203555556 0.003
      vertex 0.233954545 0.203555556 0.011
    endloop
  endfacet
  facet normal -1 0 0
    outer loop
      vertex 0.233954545 0.229 0.003
      vertex 0.233954545 0.203555556 0.011
      vertex 0.233954545 0.229 0.011
    endloop
  endfacet
  facet normal 0 -1 0
    outer loop
      vertex 0.233954545 0.203555556 0.003
      vertex 0.236954545 0.203555556 0.003
      vertex 0.236954545 0.203555556 0.011
    endloop
  endfacet
  facet normal 0 -1 0
    outer loop
      vertex 0.233954545 0.203555556 0.003
      vertex 0.236954545 0.203555556 0.011
      vertex 0.233954545 0.203555556 0.011
    endloop
  endfacet
endsolid maze_final
